browser_type;login_attempts;duration;packet_size;encryption_used;ip_reputation_score;failed_logins;unusual_time_access;protocol_ICMP;protocol_TCP;protocol_UDP;attack
2;0.25;0.06849661286745308;0.4381654381654382;0;0.6555865706511997;0.2;0.0;0;1;0;1
3;0.16666666666666666;0.21662306124686573;0.33415233415233414;0;0.3244427957515333;0.0;0.0;0;1;0;0
4;0.16666666666666666;0.010367924783900546;0.46273546273546273;0;0.7991599150429023;0.4;0.0;0;1;0;1
1;0.25;0.08355463717816522;0.6060606060606061;0;0.1310154410224251;0.0;0.0;0;0;1;1
3;0.3333333333333333;0.07399845125501123;0.3185913185913186;1;0.05682023165111675;0.2;0.0;0;1;0;0
4;0.3333333333333333;0.0528480176074648;0.3185913185913186;1;0.45561721937682687;0.4;1.0;0;0;1;0
4;0.25;0.10119861928192168;0.6150696150696151;1;0.4461640735540938;0.2;0.0;1;0;0;1
4;0.16666666666666666;0.0016829050634101508;0.4823914823914824;0;0.10330037862189798;0.6;1.0;0;1;0;1
4;0.08333333333333333;0.07539179715013475;0.2800982800982801;1;0.316860606490071;0.0;1.0;0;1;0;0
4;0.4166666666666667;0.07391544836966066;0.44553644553644556;0;0.45738625744028666;0.2;0.0;0;0;1;0
3;0.4166666666666667;0.0806996695100978;0.2809172809172809;0;0.13061032506404072;0.6;0.0;0;0;1;1
2;0.6666666666666666;0.026502878109870683;0.2800982800982801;0;0.3658207585909965;0.2;0.0;0;0;1;1
0;0.08333333333333333;0.025820642765286245;0.3963963963963964;0;0.43870770731999315;0.4;1.0;0;1;0;0
1;0.25;0.11585555670690366;0.043407043407043405;0;0.5107332034067186;0.4;0.0;0;1;0;1
4;0.16666666666666666;0.010758151761890654;0.07452907452907453;1;0.3796678734933406;0.6;0.0;0;1;0;1
4;0.4166666666666667;0.040561970525483194;0.26453726453726456;0;0.2738283489398489;0.6;0.0;1;0;0;1
3;0.5833333333333334;0.19762665833546364;0.19082719082719082;1;0.3719568688716576;0.6;0.0;0;1;0;1
3;0.0;0.012119931580627215;0.40786240786240785;1;0.14561945442847707;0.4;0.0;0;0;1;0
1;0.3333333333333333;0.07016637455218883;0.20802620802620803;1;0.42496595932347825;0.2;0.0;0;1;0;1
4;0.08333333333333333;0.12282765050431751;0.12530712530712532;0;0.33371179943074497;0.0;0.0;1;0;0;0
3;0.16666666666666666;0.0169250679441752;0.597051597051597;1;0.3979462762817971;0.4;0.0;0;1;0;0
4;0.0;0.04161558186525432;0.3194103194103194;0;0.402882195824926;0.2;0.0;0;1;0;0
3;0.16666666666666666;0.0909646658545411;0.3677313677313677;1;0.5364845356052287;0.2;0.0;0;1;0;0
4;0.5833333333333334;0.04403109931920896;0.12366912366912367;1;0.4984300644078857;0.4;0.0;0;1;0;1
3;0.3333333333333333;0.012889084044444304;0.2678132678132678;1;0.579026893550569;0.4;0.0;0;1;0;0
3;0.25;0.029360084448761377;0.3751023751023751;1;0.11434308387298686;0.6;0.0;0;1;0;1
4;0.6666666666666666;0.012823793493399958;0.1678951678951679;1;0.5471049056190406;0.0;0.0;0;1;0;1
4;0.16666666666666666;0.45699179217547575;0.41850941850941853;0;0.45343163627360034;0.0;0.0;0;1;0;0
4;0.08333333333333333;0.0298310622721488;0.257985257985258;1;0.8503109192740362;0.4;0.0;0;0;1;1
3;0.5;0.08407101725842962;0.30876330876330876;1;0.36182920496271587;0.0;0.0;0;1;0;1
4;0.0;0.06218776222075367;0.257985257985258;0;0.10511253790775385;0.0;0.0;0;1;0;0
4;0.08333333333333333;0.09371095015742298;0.6601146601146601;0;0.2924596631932038;0.2;0.0;0;0;1;1
4;0.0;0.07663109859048212;0.3546273546273546;0;0.03541151644817295;0.2;1.0;0;1;0;0
4;0.08333333333333333;0.14445295636327488;0.18345618345618345;1;0.11691508967967482;0.6;0.0;1;0;0;1
4;0.4166666666666667;0.22955032571780534;0.4914004914004914;1;0.42205074847704216;0.4;1.0;0;1;0;0
4;0.08333333333333333;0.03730420846905222;0.15642915642915642;1;0.558513805856324;0.2;1.0;0;1;0;0
4;0.3333333333333333;0.022502049168288563;0.3906633906633907;1;0.1469718415670605;0.4;0.0;0;1;0;0
3;0.5;0.4624281687639379;0.036036036036036036;1;0.08354555401341336;0.4;0.0;0;1;0;1
3;0.3333333333333333;0.22362853980602349;0.13923013923013924;0;0.6979884793202963;0.8;0.0;0;1;0;1
4;0.25;0.05027093367984264;0.389025389025389;0;0.3322763538409817;0.0;0.0;0;1;0;0
4;0.08333333333333333;0.25047847808390394;0.4774774774774775;1;0.3218555511677265;0.2;0.0;0;1;0;0
4;0.25;0.12347272559855102;0.38493038493038495;1;0.037161223174014185;0.6;0.0;0;1;0;1
2;0.25;0.06393398437052067;0.33742833742833744;0;0.4284244064317239;0.4;0.0;0;1;0;0
4;0.3333333333333333;0.22990844583675696;0.3071253071253071;0;0.2634146890321593;0.4;0.0;0;1;0;0
4;0.25;0.12508397572474914;0.11466011466011466;0;0.3632278689343127;0.2;0.0;0;1;0;0
4;0.08333333333333333;0.19479252607190495;0.23914823914823916;0;0.7273576471337896;0.2;0.0;0;1;0;1
2;0.5;0.060111844554830464;0.2809172809172809;0;0.08599769511067894;0.6;1.0;0;1;0;1
2;0.3333333333333333;0.17829593733602514;0.5298935298935299;1;0.2223346994069326;0.4;0.0;0;1;0;1
1;0.4166666666666667;0.050798474312145014;0.41277641277641275;1;0.5769908202058835;0.4;0.0;0;1;0;1
2;0.0;0.14772949556526446;0.06797706797706797;1;0.2830062171780379;0.2;0.0;0;1;0;0
2;0.08333333333333333;0.06356078608275696;0.4095004095004095;0;0.2356339149770301;0.2;1.0;0;1;0;0
4;0.3333333333333333;0.057736163882785324;0.2932022932022932;1;0.5031743849856137;0.2;0.0;0;1;0;0
3;0.3333333333333333;0.17715067229813589;0.2457002457002457;1;0.9419989516954039;0.4;0.0;0;1;0;1
3;0.4166666666666667;0.014792814760250132;0.457002457002457;1;0.35516521937514706;0.2;1.0;0;1;0;1
2;0.25;0.2930081709678114;0.5257985257985258;0;0.5026667822406969;0.4;1.0;0;1;0;0
3;0.16666666666666666;0.07900381277581892;0.5094185094185094;0;0.6629907318210858;0.2;0.0;0;1;0;1
4;0.08333333333333333;0.11240010776427048;0.2194922194922195;1;0.18631830050401554;0.4;0.0;0;1;0;0
4;0.25;0.057748677002881804;0.3063063063063063;0;0.23295427887082218;0.2;0.0;0;1;0;0
3;0.3333333333333333;0.11543753929407363;0.41113841113841115;0;0.6512820829133298;0.2;0.0;0;0;1;1
2;0.0;0.13760843234415643;0.5167895167895168;1;0.2787167080892436;0.4;0.0;0;0;1;1
4;0.6666666666666666;0.22564467211756395;0.2784602784602785;0;0.2529595578048369;0.4;0.0;0;1;0;1
4;0.3333333333333333;0.21431430746828492;0.32596232596232594;1;0.04070541736109166;0.4;0.0;0;1;0;0
2;0.5833333333333334;0.04920834690058276;0.17526617526617527;1;0.5522938921595177;0.4;0.0;0;1;0;1
4;0.4166666666666667;0.10638319718883965;0.16052416052416052;1;0.5833543915501014;0.2;0.0;0;0;1;0
0;0.16666666666666666;0.16869574345242808;0.48976248976248976;1;0.49025189501110034;0.2;0.0;0;1;0;0
4;0.4166666666666667;0.16099980333828054;0.579033579033579;1;0.14458812170620408;0.4;1.0;1;0;0;0
4;0.3333333333333333;0.2464742023640209;0.3447993447993448;1;0.4706018643933758;0.4;0.0;0;1;0;0
4;0.4166666666666667;0.19837073815385742;0.5208845208845209;0;0.21400444008253222;0.8;0.0;0;1;0;1
4;0.75;0.14072115700139914;0.41605241605241605;0;0.17569982683162477;0.2;0.0;0;1;0;1
4;0.0;0.15367137219295735;0.25061425061425063;1;0.440611677597641;0.4;0.0;0;1;0;1
2;0.4166666666666667;0.18322855974033078;0.41605241605241605;1;0.2201067859534974;0.0;0.0;0;1;0;0
1;0.16666666666666666;0.2023781075802014;0.6085176085176085;1;0.6776484305082695;0.0;0.0;0;1;0;1
2;0.25;0.048320342490899004;0.35053235053235055;1;0.283539624802692;0.2;0.0;0;1;0;1
4;0.5;0.16932297224528267;0.6126126126126126;0;0.7042986587441357;0.4;0.0;0;0;1;1
4;0.4166666666666667;0.3315110433121089;0.0;1;0.5532798922872925;0.2;0.0;0;1;0;0
4;0.16666666666666666;0.029440858055320897;0.4914004914004914;1;0.11180645347433102;0.0;0.0;0;1;0;0
2;0.3333333333333333;0.005431189035889597;0.371007371007371;0;0.36183127190568826;0.2;0.0;0;1;0;1
4;0.3333333333333333;0.008292271807142728;0.30794430794430794;0;0.3733506559077741;0.2;0.0;0;0;1;0
4;0.25;0.027108915421907357;0.37182637182637185;1;0.4824374758477297;0.0;0.0;0;0;1;1
2;0.16666666666666666;0.28067031656893526;0.031122031122031123;1;0.22302121981149461;0.4;0.0;0;1;0;0
3;0.3333333333333333;0.015016766932112026;0.32104832104832104;0;0.11636515750468214;0.4;0.0;0;1;0;0
4;0.3333333333333333;0.1531179794450736;0.4152334152334152;0;0.5199871490995427;0.4;1.0;0;1;0;0
4;0.4166666666666667;0.22443849812788427;0.5986895986895987;1;0.19218349091179543;0.4;0.0;0;1;0;1
4;0.4166666666666667;0.2335713314054859;0.2719082719082719;1;0.6598455425384353;0.0;0.0;0;1;0;1
2;0.08333333333333333;0.059918777745179966;0.2244062244062244;1;0.3503882729107046;0.2;0.0;0;0;1;0
4;0.16666666666666666;0.07600562021934594;0.27436527436527436;1;0.643236275939918;0.0;0.0;0;1;0;0
3;0.3333333333333333;0.04337496563633172;0.506961506961507;1;0.3678392405366727;0.6;0.0;0;1;0;1
4;0.5833333333333334;0.017666418123539366;0.4103194103194103;1;0.21225108903518977;0.4;1.0;0;1;0;1
4;0.25;0.026464882601016964;0.2702702702702703;1;0.4138828219424526;0.2;0.0;0;0;1;1
4;0.25;0.016039451826443125;0.4406224406224406;1;0.3039726461704053;0.2;1.0;0;1;0;1
3;0.16666666666666666;0.058172442604385116;0.3726453726453726;1;0.5478126825764817;0.4;1.0;0;1;0;0
2;0.25;0.020709187279472973;0.5151515151515151;0;0.8071536721841721;0.4;0.0;0;1;0;1
4;0.25;0.05740110365754267;0.2416052416052416;1;0.42703150322779154;0.6;0.0;0;1;0;1
3;0.5;0.21190349378324447;0.30303030303030304;0;0.2851785439272588;0.0;0.0;0;0;1;1
0;0.5;0.11818623577689696;0.29238329238329236;0;0.796060377339964;0.6;0.0;0;1;0;1
3;0.25;0.1208709148965923;0.11711711711711711;1;0.19277277208222554;0.6;0.0;0;0;1;1
0;0.16666666666666666;0.18581376916720846;0.40540540540540543;1;0.30154259119826005;0.2;0.0;0;1;0;0
3;0.25;0.004611029320958208;0.39967239967239965;1;0.33572887091867165;0.0;0.0;0;1;0;0
3;0.16666666666666666;0.17599565786359272;0.3579033579033579;1;0.3873815912184041;0.4;0.0;0;0;1;0
3;0.3333333333333333;0.024252378842306764;0.3185913185913186;1;0.47429052289050105;0.4;0.0;0;1;0;0
2;0.4166666666666667;0.047167457266438846;0.12448812448812449;1;0.85746351470944;0.0;0.0;0;1;0;1
4;0.08333333333333333;0.04090255577246004;0.28746928746928746;1;0.2193359953783795;0.6;0.0;0;1;0;1
3;0.08333333333333333;0.012355043058929423;0.30057330057330056;1;0.020401173000505687;0.4;0.0;0;1;0;0
3;0.16666666666666666;0.02116130547947341;0.22522522522522523;0;0.4406412555786911;0.4;0.0;0;1;0;0
4;0.0;0.3483626945606733;0.33005733005733007;1;0.2250935735309461;0.4;0.0;1;0;0;0
4;0.16666666666666666;0.10195942620802378;0.4226044226044226;0;0.26008657318086087;0.4;0.0;1;0;0;0
2;0.25;0.07140862343522804;0.6658476658476659;0;0.19420522063778956;0.0;0.0;0;1;0;1
4;0.25;0.1577041618071849;0.38493038493038495;0;0.686869660158553;0.4;0.0;0;1;0;1
3;0.3333333333333333;0.18692723957702037;0.3988533988533989;0;0.23089418649126867;0.0;0.0;0;1;0;0
4;0.4166666666666667;0.012929729448982815;0.3447993447993448;0;0.4380921685399629;0.4;0.0;0;1;0;0
2;0.25;0.15020387541628114;0.042588042588042586;1;0.49888338026312423;0.0;0.0;0;1;0;0
3;0.4166666666666667;0.2996952957644683;0.3521703521703522;1;0.44014782138237996;0.2;0.0;0;1;0;0
4;0.4166666666666667;0.09790445638498765;0.3669123669123669;0;0.23733550191632788;0.2;1.0;0;1;0;0
3;0.08333333333333333;0.105893059216124;0.76003276003276;0;0.04343898163545595;0.2;0.0;0;1;0;0
2;0.16666666666666666;0.22728949887356145;0.32514332514332517;0;0.09516962134895422;0.2;0.0;0;1;0;1
4;0.3333333333333333;0.12653247682804838;0.4062244062244062;0;0.3160669904069379;0.4;0.0;0;1;0;0
1;0.0;0.5955782346680455;0.35135135135135137;0;0.46068466509256595;0.2;0.0;0;0;1;0
0;0.3333333333333333;0.03689927291898604;0.16543816543816545;1;0.334348004787686;0.4;1.0;0;1;0;1
4;0.6666666666666666;0.20771498945369665;0.5438165438165438;0;0.3705500564120614;0.0;0.0;0;1;0;1
4;0.6666666666666666;0.10539019622756239;0.4799344799344799;0;0.42802800588366424;0.2;1.0;0;1;0;1
4;0.16666666666666666;0.05058927390438859;0.4864864864864865;0;0.45597780949462974;0.2;0.0;0;1;0;0
2;0.08333333333333333;0.23872029409094517;0.20802620802620803;0;0.1855612129399509;0.2;0.0;0;1;0;0
4;0.3333333333333333;0.6213585852222355;0.5864045864045864;1;0.5542187438989379;0.2;0.0;0;1;0;0
3;0.25;0.006560889620108548;0.12694512694512694;0;0.08833530213770617;0.6;1.0;1;0;0;1
3;0.3333333333333333;0.28892078847350317;0.45290745290745293;1;0.8181194578711777;0.2;0.0;0;1;0;1
3;0.3333333333333333;0.025192576329719576;0.7158067158067158;1;0.3541493382866534;0.4;0.0;0;1;0;0
3;0.25;0.02548296314564867;0.1941031941031941;1;0.28361236860659683;0.4;0.0;0;1;0;0
4;0.0;0.004676335150117028;0.26371826371826373;0;0.3144018532834987;0.2;1.0;1;0;0;0
4;0.5833333333333334;0.2840466725316506;0.3726453726453726;1;0.250898135021253;0.6;0.0;0;0;1;1
4;0.4166666666666667;0.15844313463445964;0.27436527436527436;1;0.7755088616988408;0.2;0.0;0;0;1;1
4;0.0;0.006042441052522972;0.10237510237510238;1;0.349645415667917;0.4;0.0;0;1;0;0
4;0.16666666666666666;0.11162646692558398;0.3677313677313677;1;0.15497573448423232;0.0;1.0;1;0;0;0
4;0.25;0.014171133750748272;0.18263718263718265;1;0.06654569087819892;0.2;0.0;0;1;0;1
3;0.6666666666666666;0.15480689416990692;0.43407043407043405;1;0.21592431513497523;0.2;0.0;0;1;0;1
4;0.16666666666666666;0.05846044474915558;0.20638820638820637;0;0.10691324197205966;0.0;0.0;0;0;1;1
1;0.25;0.005846028876554251;0.6101556101556102;1;0.1969239016517878;0.2;0.0;0;0;1;1
2;0.3333333333333333;0.19670417930493225;0.2285012285012285;1;0.1165998985373436;0.6;1.0;0;1;0;1
0;0.25;0.09446296217041718;0.30384930384930386;1;0.2703016054048809;0.6;0.0;0;1;0;1
4;0.0;0.16485362232354997;0.48976248976248976;1;0.5462992611668607;0.4;0.0;0;1;0;0
1;0.0;0.12482663930997677;0.1547911547911548;0;0.25552315688672195;0.8;0.0;0;1;0;1
1;0.25;0.06333740582944994;0.3939393939393939;1;0.28200940892928295;0.6;0.0;0;1;0;1
4;0.0;0.1333997767343161;0.5708435708435708;1;0.18989370844125883;0.4;0.0;1;0;0;0
2;0.16666666666666666;0.0015842658241341844;0.09336609336609336;1;0.3079226832368873;0.2;1.0;0;1;0;0
3;0.16666666666666666;0.04611951031681757;0.38656838656838655;0;0.7602902554208402;0.0;0.0;0;0;1;1
4;0.16666666666666666;0.16732297979977045;0.3988533988533989;0;0.12518373711290692;0.4;0.0;0;0;1;0
4;0.3333333333333333;0.1601505379607995;0.48484848484848486;1;0.3717823128967469;0.2;0.0;0;1;0;0
3;0.25;0.242937912539046;0.15397215397215397;1;0.32978772553698793;0.0;0.0;0;0;1;1
4;0.16666666666666666;0.10499940007197657;0.14004914004914004;1;0.26954710037584567;0.6;0.0;0;1;0;1
4;0.16666666666666666;0.31712143586957514;0.44226044226044225;0;0.8693954267709272;0.0;0.0;0;1;0;1
4;0.16666666666666666;0.09070172051936425;0.40540540540540543;1;0.14106044622574415;0.4;0.0;0;1;0;0
4;0.0;0.07715616156329519;0.39803439803439805;0;0.3933001049659137;0.4;0.0;0;1;0;0
4;0.5;0.024372588026435466;0.4135954135954136;1;0.5578390352466113;0.2;1.0;0;0;1;1
4;0.4166666666666667;0.1678164425219759;0.24488124488124488;1;0.37811056324041403;0.4;0.0;1;0;0;0
4;0.3333333333333333;0.13098567223963564;0.39475839475839475;1;0.37010007975364306;0.2;0.0;0;1;0;0
0;0.6666666666666666;0.06864868508159672;0.4045864045864046;0;0.33839661826610706;0.4;0.0;0;0;1;1
2;0.25;0.01007119590052633;0.23996723996723995;0;0.213755672922221;0.4;0.0;0;1;0;1
4;0.16666666666666666;0.014877489889536407;0.6625716625716626;0;0.05286322707017826;0.4;0.0;0;0;1;0
4;0.16666666666666666;0.013456001566938415;0.43407043407043405;1;0.4395618090788532;0.8;0.0;0;1;0;1
0;0.75;0.05233324431746568;0.16134316134316135;1;0.25840947815503973;0.2;0.0;0;1;0;1
4;0.4166666666666667;0.01919494183737213;0.4643734643734644;1;0.10642932124325263;0.2;0.0;0;1;0;0
2;0.4166666666666667;0.21936584925331068;0.19737919737919737;1;0.3736373134724623;0.2;0.0;0;1;0;0
4;0.4166666666666667;0.2554077324269213;0.4856674856674857;0;0.15706464856918437;0.6;0.0;0;1;0;1
3;0.3333333333333333;0.21615589899852078;0.5462735462735463;0;0.27383938862203566;0.4;0.0;0;0;1;1
4;0.16666666666666666;0.10437450338601928;0.22194922194922195;0;0.13083059604932432;0.6;0.0;0;1;0;1
4;0.5;0.1008744454665447;0.5143325143325144;0;0.5648724828469582;0.4;0.0;0;0;1;1
4;0.3333333333333333;0.24646669177533043;0.42424242424242425;1;0.24987514452904225;0.2;0.0;0;0;1;0
2;0.5833333333333334;0.057944666522083056;0.4914004914004914;1;0.39983342674104333;0.4;0.0;0;1;0;1
3;0.3333333333333333;0.007093010410678133;0.6674856674856675;1;0.10686111724875387;0.0;0.0;0;1;0;1
4;0.0;0.07065422788711227;0.31613431613431614;1;0.27692883407191926;0.4;0.0;0;0;1;0
4;0.5833333333333334;0.08969952002987926;0.2334152334152334;1;0.2606884393638103;0.2;0.0;0;1;0;1
4;0.0;0.08864288448989392;0.2113022113022113;1;0.21416134819357383;0.2;0.0;0;1;0;0
4;0.08333333333333333;0.019198448567062504;0.22276822276822278;1;0.12434199399826565;0.4;0.0;0;1;0;1
4;0.3333333333333333;0.17014306154605463;0.343980343980344;1;0.42661788840054976;0.2;1.0;0;1;0;1
2;0.3333333333333333;0.14642999303109652;0.41277641277641275;0;0.20247055779148332;0.4;0.0;1;0;0;1
4;0.3333333333333333;0.02899056392101053;0.4021294021294021;1;0.5958018814751789;0.2;0.0;0;1;0;0
3;0.4166666666666667;0.08908263359350505;0.49221949221949224;0;0.5401098199204651;0.6;0.0;0;1;0;1
3;0.9166666666666666;0.1737535777401246;0.35872235872235875;0;0.32080324341988836;0.2;0.0;0;1;0;1
3;0.25;0.000788807578719574;0.5945945945945946;0;0.210973423789541;0.4;0.0;0;0;1;1
3;0.16666666666666666;0.03573596532910188;0.31367731367731366;1;0.0707144099959979;0.0;1.0;0;0;1;0
2;0.25;0.07100030968060532;0.8026208026208026;1;0.5401836480543939;0.4;0.0;0;1;0;0
4;0.0;0.20739215556017193;0.4594594594594595;1;0.24597764631745136;0.6;0.0;0;1;0;1
4;0.25;0.17843522548641266;0.21621621621621623;0;0.300054447962588;0.4;0.0;0;1;0;0
4;0.5;0.018143502814633013;0.180999180999181;0;0.27355086923551836;0.4;1.0;0;1;0;1
4;0.08333333333333333;0.06905824307822812;0.4357084357084357;1;0.12521239738129808;0.4;0.0;0;1;0;0
3;0.08333333333333333;0.040356193239289885;0.3202293202293202;1;0.43658989630892675;0.4;0.0;1;0;0;0
4;0.0;0.057034837293928456;0.47338247338247336;1;0.2723112113744312;0.4;0.0;0;1;0;0
4;0.25;0.08648396680708097;0.43407043407043405;1;0.8771196423480734;0.4;0.0;0;1;0;1
4;0.25;0.07690843282549008;0.3447993447993448;0;0.09655165570332762;0.4;0.0;0;0;1;0
2;0.08333333333333333;0.016916030406109152;0.21785421785421785;1;0.5949332746226529;0.0;0.0;0;1;0;0
2;0.5;0.014367785361633781;0.10892710892710893;1;0.47906826140427056;0.4;0.0;0;1;0;1
2;0.3333333333333333;0.015460170954303017;0.2833742833742834;1;0.4214651054033984;0.2;0.0;0;1;0;0
1;0.25;0.2047364014123948;0.49713349713349714;0;0.11592236771998184;0.6;0.0;0;1;0;1
3;0.3333333333333333;0.0021710194833323556;0.3914823914823915;1;0.33438430445078826;0.2;1.0;0;0;1;0
4;0.25;0.025093991742992802;0.15233415233415235;1;0.18743651135749587;0.2;0.0;0;1;0;0
4;0.5;0.34720788400285707;0.38493038493038495;0;0.26321853158774405;0.2;0.0;0;1;0;1
2;0.3333333333333333;0.007530202649366373;0.4201474201474201;1;0.322142375921807;0.2;0.0;0;1;0;0
4;0.3333333333333333;0.004047069523836837;0.21212121212121213;0;0.29847605199395966;0.2;0.0;0;0;1;0
3;0.3333333333333333;0.05444339997679933;0.38165438165438165;0;0.32448230327215444;0.4;0.0;0;1;0;0
4;0.08333333333333333;0.018170770846847116;0.36609336609336607;1;0.14799046185230885;0.4;0.0;0;1;0;0
4;0.16666666666666666;0.0927458774693127;0.16953316953316952;0;0.09098065955761599;0.6;0.0;1;0;0;1
3;0.3333333333333333;0.04592477364519527;0.4152334152334152;0;0.10464689038966264;0.0;0.0;0;1;0;0
0;0.16666666666666666;0.02601359083454781;0.4488124488124488;0;0.5768035140250825;0.4;0.0;0;0;1;0
4;0.16666666666666666;0.7312359797947717;0.533988533988534;1;0.08481140504061292;0.4;0.0;0;1;0;0
3;0.08333333333333333;0.04635004201451098;0.5290745290745291;0;0.4000320799196414;0.6;0.0;0;1;0;1
2;0.3333333333333333;0.11391835350750552;0.13104013104013104;0;0.2831270116007644;0.4;0.0;0;1;0;0
4;0.25;0.23051760496737272;0.2031122031122031;1;0.2537153486045393;0.2;0.0;0;1;0;0
4;0.5833333333333334;0.2843321972991658;0.44144144144144143;1;0.7039870839423819;0.6;0.0;0;1;0;1
2;0.5;0.058662746872541006;0.4406224406224406;1;0.2306329821218356;0.6;0.0;0;1;0;1
4;0.0;0.41565112512413094;0.44144144144144143;0;0.29680203862068255;0.4;0.0;0;1;0;0
4;0.3333333333333333;0.1433990642166642;0.9877149877149877;0;0.8376187347133917;0.2;0.0;0;1;0;1
4;0.5;0.09732613777247846;0.45045045045045046;1;0.158730459864726;0.6;0.0;0;1;0;1
4;0.08333333333333333;0.1314281537696677;0.542997542997543;1;0.7044154250479606;0.2;0.0;1;0;0;1
4;0.5833333333333334;0.049611580608957796;0.5126945126945127;1;0.22818930131429185;0.2;0.0;0;1;0;1
2;0.16666666666666666;0.06138914363765128;0.46355446355446356;1;0.3638996296668846;0.4;0.0;1;0;0;0
4;0.08333333333333333;0.09812824767521817;0.3046683046683047;1;0.38724203130914425;0.0;0.0;0;1;0;0
4;0.5;0.043966001556151504;0.48075348075348073;1;0.29354609764164447;0.4;0.0;0;1;0;1
1;0.16666666666666666;0.16288399163368353;0.23013923013923013;1;0.41179608358028086;0.2;1.0;0;1;0;1
0;0.25;0.032101420420764575;0.3177723177723178;1;0.1881021731479475;0.6;0.0;0;0;1;1
4;0.4166666666666667;0.17724512487826577;0.27682227682227684;1;0.4514949102203677;0.2;0.0;0;0;1;1
4;0.5;0.018296263185434678;0.3701883701883702;0;0.2760017077711027;0.4;1.0;0;1;0;1
4;0.16666666666666666;0.02720451355402843;0.7354627354627354;1;0.6121557496085215;0.2;1.0;0;0;1;0
4;0.08333333333333333;0.1555653095648352;0.050778050778050775;1;0.2699152107294336;0.2;0.0;0;1;0;1
4;0.5;0.03390698760150185;0.4692874692874693;1;0.13162423756994998;0.2;0.0;0;1;0;1
3;0.16666666666666666;0.17647500515197437;0.09254709254709255;1;0.11981410401235515;0.2;0.0;1;0;0;0
4;0.3333333333333333;0.17037809633240716;0.27927927927927926;1;0.7895153072480241;0.0;0.0;0;0;1;1
1;0.16666666666666666;0.03302856221703314;0.5348075348075348;1;0.6640509929677015;0.4;0.0;1;0;0;1
4;0.08333333333333333;0.008374435782813123;0.3669123669123669;1;0.46116839033202206;0.6;1.0;0;1;0;1
3;0.3333333333333333;0.02017602672362276;0.18018018018018017;1;0.5100143263464987;0.2;0.0;0;1;0;0
4;0.3333333333333333;0.15530999968814077;0.23914823914823916;1;0.25896820531942105;0.2;0.0;0;1;0;0
3;0.75;0.20881030538323495;0.46764946764946763;1;0.0759308627084349;0.6;0.0;0;1;0;1
4;0.3333333333333333;0.053669926148722326;0.23669123669123668;1;0.46075566883378744;0.0;0.0;0;0;1;0
2;0.25;0.019890530175897057;0.3923013923013923;0;0.17529847134026494;0.0;0.0;0;1;0;0
4;0.3333333333333333;0.008661549335147609;0.36445536445536447;1;0.7169593232423768;0.4;0.0;0;1;0;1
4;0.25;0.026980835567134154;0.2497952497952498;0;0.47655245801159607;0.2;0.0;0;1;0;0
4;0.3333333333333333;0.43347118866181994;0.7076167076167076;1;0.23512745924976486;0.4;0.0;0;1;0;0
4;0.4166666666666667;0.020699455569249264;0.46027846027846026;0;0.5262469980199129;0.2;0.0;0;1;0;1
4;0.16666666666666666;0.009956471195460748;0.02457002457002457;1;0.1787839978309738;0.4;0.0;0;1;0;0
4;0.25;0.17120669590432913;0.38738738738738737;1;0.34172752187076255;0.0;0.0;0;0;1;0
4;0.4166666666666667;0.10625542718252753;0.24815724815724816;0;0.5964394281208095;0.2;0.0;0;1;0;0
4;0.25;0.08508708978461378;0.4963144963144963;0;0.6834177704677818;0.4;0.0;0;0;1;1
4;0.25;0.06601658381659535;0.22686322686322685;0;0.12122944078925524;0.2;0.0;0;1;0;1
4;0.3333333333333333;0.13457830034287455;0.33824733824733827;1;0.18858420647588187;0.0;0.0;0;1;0;0
2;0.16666666666666666;0.1332848274380359;0.438984438984439;1;0.34220869326160064;0.2;0.0;0;1;0;0
4;0.3333333333333333;0.06139311106957151;0.4987714987714988;1;0.26390481134770105;0.6;0.0;0;0;1;1
3;0.16666666666666666;0.029624433127869332;0.1597051597051597;1;0.6395549757070622;0.6;0.0;0;1;0;1
2;0.16666666666666666;0.20471899747952088;0.3022113022113022;0;0.4999459356313689;0.6;1.0;0;1;0;1
4;0.75;0.019944257175352434;0.27927927927927926;1;0.6169436600342317;0.2;0.0;0;1;0;1
3;0.25;0.08489230945118974;0.2497952497952498;1;0.33085786500580255;0.4;0.0;0;1;0;0
3;0.25;0.13120881889920658;0.6461916461916462;1;0.42823669072974024;0.6;0.0;0;0;1;1
4;0.08333333333333333;0.11326028612797116;0.4226044226044226;1;0.1329029441035716;0.4;0.0;0;0;1;0
4;0.3333333333333333;0.10723846268015755;0.14987714987714987;0;0.13569743629449957;0.4;0.0;0;1;0;1
4;0.16666666666666666;0.12078991926243171;0.506961506961507;1;0.31771141290625693;0.0;0.0;0;1;0;0
4;0.4166666666666667;0.23188883341217809;0.7043407043407044;1;0.31021096597053754;0.4;0.0;0;0;1;0
3;0.25;0.050529123927593234;0.5257985257985258;1;0.26734148684960213;0.4;1.0;0;1;0;0
4;0.16666666666666666;0.10978999679949461;0.10810810810810811;1;0.28370220871675217;0.2;0.0;0;1;0;0
4;0.16666666666666666;0.13277389755781904;0.27764127764127766;1;0.29322084183935615;0.2;0.0;0;1;0;0
2;0.08333333333333333;0.09922484313488521;0.5642915642915642;1;0.6013260179465514;0.4;0.0;0;1;0;0
0;0.08333333333333333;0.25952506329973374;0.24078624078624078;0;0.4830116196285082;0.2;1.0;0;1;0;0
4;0.08333333333333333;0.11827101335692652;0.42915642915642915;0;0.2228793580733554;0.8;0.0;0;0;1;1
2;0.4166666666666667;0.06139372400413624;0.4832104832104832;0;0.10487784865515928;0.0;0.0;0;1;0;0
0;0.4166666666666667;0.20779172180696553;0.20475020475020475;0;0.08468225477839728;0.6;0.0;0;1;0;1
4;0.3333333333333333;0.07475748770824157;0.34725634725634724;1;0.31872026254875224;0.0;0.0;0;0;1;0
4;0.25;0.08397845348496003;0.0;1;0.2637358966905203;0.2;0.0;0;1;0;1
3;0.25;0.09706045256169712;0.1891891891891892;0;0.48914065708125576;0.8;0.0;0;1;0;1
4;0.08333333333333333;0.043298676024729775;0.3153153153153153;1;0.3243111343577356;0.2;0.0;0;1;0;0
4;0.25;0.14258382285538693;0.15233415233415235;1;0.15259422909918283;0.4;0.0;0;1;0;0
4;0.6666666666666666;0.011422220271731757;0.6240786240786241;1;0.42052922500819695;0.2;0.0;0;0;1;1
4;0.16666666666666666;0.22595971398721362;0.12203112203112203;1;0.31714084636667866;0.2;0.0;0;0;1;0
4;0.25;0.15621787688289318;0.2841932841932842;1;0.08514502512054721;0.2;0.0;0;1;0;0
4;0.16666666666666666;0.048485953186239474;0.3783783783783784;1;0.25629504530220343;0.4;0.0;0;0;1;1
2;0.3333333333333333;0.028491823184289847;0.592956592956593;0;0.3282918212186253;0.4;1.0;0;1;0;0
4;0.4166666666666667;0.054546715328799046;0.12121212121212122;1;0.3986643124055989;0.2;1.0;0;0;1;0
2;0.08333333333333333;0.18185534209050955;0.5470925470925471;1;0.20547552559978377;0.8;0.0;0;1;0;1
4;0.4166666666666667;0.0034999016432863137;0.35872235872235875;0;0.23304250670115126;0.6;0.0;0;1;0;1
4;0.25;0.07013673160892575;0.19574119574119575;1;0.03649632929486335;0.2;0.0;0;1;0;0
2;0.0;0.03255152310788846;0.43243243243243246;1;0.4401358844151697;0.4;0.0;0;1;0;0
0;0.08333333333333333;0.2312610821031897;0.389025389025389;1;0.14415235251269518;0.4;0.0;0;1;0;1
3;0.25;0.059365582510018014;0.257985257985258;0;0.7656423203815799;0.2;0.0;0;1;0;1
4;0.25;0.1331165052547499;0.3677313677313677;1;0.22550985425977058;0.2;0.0;0;0;1;1
0;0.3333333333333333;0.04922182594046572;0.2932022932022932;1;0.04016990361329314;0.2;0.0;0;1;0;1
3;0.5;0.04444065627299087;0.3751023751023751;1;0.7774168496339533;0.2;0.0;1;0;0;1
3;0.4166666666666667;0.04380722939628208;0.4651924651924652;1;0.41092119874876015;0.4;0.0;0;1;0;0
4;0.5;0.12607934780901986;0.6167076167076168;1;0.2226025611905565;0.2;0.0;0;1;0;1
3;0.3333333333333333;0.37055635534727394;0.15397215397215397;0;0.34760565501803514;0.4;0.0;0;0;1;0
4;0.4166666666666667;0.025897653768830357;0.7059787059787059;1;0.2845814312590865;0.2;0.0;0;1;0;0
3;0.16666666666666666;0.11481920734134214;0.036855036855036855;0;0.5473458242348689;0.4;0.0;0;0;1;0
4;0.16666666666666666;0.03425375625944164;0.3316953316953317;1;0.4152076346872695;0.6;0.0;0;0;1;1
4;0.16666666666666666;0.08861767454420674;0.45290745290745293;0;0.37487227043857907;0.2;0.0;0;1;0;1
3;0.16666666666666666;0.08672014358738744;0.40294840294840295;0;0.1805345214204486;0.2;0.0;0;1;0;0
4;0.16666666666666666;0.06645948597449075;0.2547092547092547;1;0.24843672151714685;0.6;0.0;0;1;0;1
4;0.4166666666666667;0.07675376767375666;0.3226863226863227;0;0.15810621683121567;0.6;0.0;0;1;0;1
4;0.25;0.2360610218464437;0.276003276003276;1;0.4690636956010715;0.4;0.0;0;1;0;0
1;0.3333333333333333;0.010253657500574375;0.26044226044226043;1;0.08219192141610263;0.4;0.0;0;0;1;1
4;0.0;0.1972768117780027;0.4954954954954955;1;0.48851594220035655;0.2;1.0;0;1;0;0
3;0.16666666666666666;0.06896952224769416;0.4152334152334152;1;0.33146771390536506;0.8;0.0;0;1;0;1
0;0.25;0.04508899172996102;0.24324324324324326;1;0.332497101681516;0.0;0.0;0;1;0;0
2;0.0;0.021624965380804752;0.5036855036855037;1;0.37796846833937087;0.4;0.0;1;0;0;0
4;0.25;0.18756652045810115;0.407043407043407;0;0.45773495714353635;0.2;0.0;0;1;0;0
4;0.4166666666666667;0.09969179977822415;0.48976248976248976;1;0.3707986284136811;0.6;0.0;0;1;0;1
4;0.5;0.14494909864539612;0.4594594594594595;1;0.23070844267307902;0.4;0.0;0;1;0;1
4;0.25;0.04202096954359806;0.22113022113022113;0;0.40113582819275967;0.6;0.0;1;0;0;1
3;0.08333333333333333;0.055470581448817835;0.26453726453726456;1;0.42646560876312756;0.2;0.0;1;0;0;0
3;0.16666666666666666;0.2724545825794536;0.47911547911547914;0;0.32986414525047525;0.4;0.0;0;1;0;0
4;0.16666666666666666;0.3614244530650511;0.457002457002457;1;0.06277773536802214;0.4;0.0;0;0;1;0
1;0.25;0.14974820632681995;0.35298935298935297;1;0.760153265137356;0.6;1.0;0;1;0;1
4;0.16666666666666666;0.15392453884113286;0.3759213759213759;0;0.43868512299645246;0.0;0.0;1;0;0;0
3;0.0;0.13183553725740754;0.5659295659295659;1;0.8205178612680256;0.4;0.0;0;1;0;1
3;0.4166666666666667;0.0983815733612774;0.2596232596232596;1;0.4292153696022592;0.4;1.0;0;1;0;1
4;0.3333333333333333;0.10052296875997188;0.44635544635544633;0;0.2553084135410724;0.8;1.0;0;1;0;1
4;0.5;0.3692017526325301;0.3235053235053235;1;0.4152961817754783;0.4;1.0;0;1;0;1
4;0.08333333333333333;0.1545861429220026;0.32104832104832104;1;0.20452947335980137;0.4;1.0;0;0;1;0
4;0.4166666666666667;0.1184524701255313;0.5364455364455365;1;0.13266953719692606;0.2;0.0;0;1;0;0
4;0.08333333333333333;0.02324908868149856;0.49221949221949224;1;0.33483678797292876;0.2;1.0;1;0;0;0
4;0.08333333333333333;0.420018262169195;0.48976248976248976;0;0.22036311363581274;0.0;0.0;0;1;0;0
4;0.3333333333333333;0.0816652630840465;0.5708435708435708;1;0.23964791041779598;0.6;0.0;0;1;0;1
3;0.25;0.3200794307357565;0.36036036036036034;1;0.038032036073917995;0.2;0.0;0;1;0;0
4;0.3333333333333333;0.13903881229626147;0.46846846846846846;1;0.5725250202985461;0.4;0.0;0;1;0;1
4;0.6666666666666666;0.004481981590103859;0.30548730548730546;1;0.7084600821314212;0.4;0.0;0;0;1;1
4;0.3333333333333333;0.08609002207419572;0.4095004095004095;1;0.757590958577777;0.6;0.0;0;1;0;1
3;0.16666666666666666;0.24827465321182254;0.33497133497133497;1;0.2213645864466554;0.2;0.0;0;1;0;0
2;0.16666666666666666;0.005846480868339171;0.3726453726453726;1;0.0995465261718063;0.6;0.0;0;1;0;1
0;0.0;0.22417412586593388;0.45454545454545453;1;0.3090805691526629;0.2;0.0;0;1;0;0
1;0.0;0.10567248135381405;0.22276822276822278;1;0.17777337694815715;0.2;0.0;1;0;0;0
2;0.16666666666666666;0.004998578121731402;0.6994266994266994;0;0.09585645818661157;0.0;0.0;0;1;0;1
4;0.3333333333333333;0.05197724311162613;0.19164619164619165;0;0.12778803382404894;0.0;0.0;0;0;1;0
4;0.0;0.003339142498289153;0.15806715806715807;0;0.05451503981097106;0.4;0.0;0;1;0;0
4;0.08333333333333333;0.00012158983755758059;0.5462735462735463;1;0.6440106852696139;0.4;0.0;0;1;0;0
3;0.16666666666666666;0.25222470372706174;0.4864864864864865;1;0.29365535823273214;0.2;0.0;1;0;0;1
4;0.25;0.15354874678105965;0.45864045864045866;0;0.4235446127342916;0.2;0.0;0;1;0;0
4;0.25;0.037955721541486874;0.4594594594594595;0;0.9402191371714574;0.6;0.0;0;1;0;1
3;0.3333333333333333;0.01336172095581963;0.3546273546273546;1;0.3538549068572901;0.2;0.0;0;1;0;1
4;0.3333333333333333;0.006158099479074229;0.20966420966420968;1;0.2582842698926782;0.0;0.0;0;1;0;0
3;0.25;0.27716375989772096;0.36936936936936937;1;0.45885382738955294;0.2;0.0;0;0;1;0
4;0.3333333333333333;0.10923004315327876;0.2457002457002457;0;0.25992935437857295;0.4;0.0;0;1;0;0
4;0.3333333333333333;0.019404346645062288;0.5167895167895168;1;0.2884491201739275;0.2;0.0;0;0;1;1
4;0.3333333333333333;0.12722175557260515;0.3325143325143325;0;0.4143206399270532;0.2;0.0;0;1;0;0
3;0.25;0.7569977891390139;0.22113022113022113;1;0.1491759764118657;0.2;0.0;0;1;0;0
4;0.08333333333333333;0.17253926020551347;0.30384930384930386;1;0.1593901390157198;0.0;0.0;0;1;0;0
4;0.25;0.06575084906524356;0.42424242424242425;1;0.16689310871451105;0.0;0.0;0;1;0;0
4;0.16666666666666666;0.18718877545653992;0.26453726453726456;1;0.5469025624493095;0.6;0.0;1;0;0;1
3;0.75;0.15167421024536018;0.22194922194922195;1;0.45267137777993544;0.4;0.0;0;1;0;1
4;0.08333333333333333;0.010259599832120376;0.3963963963963964;1;0.4599926416843917;0.0;0.0;0;1;0;0
4;0.5833333333333334;0.2891808479575325;0.3963963963963964;1;0.6389519205529455;0.2;0.0;0;0;1;1
3;0.0;0.23971770246050073;0.27354627354627353;1;0.01916667242119994;0.6;1.0;0;0;1;1
3;0.0;0.09928813564380891;0.27927927927927926;1;0.40265132315243624;0.2;1.0;0;1;0;0
2;0.3333333333333333;0.07888350491597869;0.39475839475839475;1;0.2861504776000223;0.0;1.0;0;0;1;0
4;0.25;0.02868591320579424;0.11957411957411958;0;0.05234215757986266;0.6;0.0;0;1;0;1
0;0.08333333333333333;0.20004802519230513;0.12612612612612611;1;0.8374605728579524;0.2;0.0;0;1;0;1
4;0.3333333333333333;0.06284476934269653;0.23914823914823916;1;0.39361431197530866;0.6;1.0;0;1;0;1
3;0.5833333333333334;0.09627139521754637;0.32186732186732187;1;0.04145953926690979;0.4;0.0;0;1;0;1
2;0.5833333333333334;0.020674578347989872;0.40786240786240785;1;0.4709513226744526;0.2;0.0;0;1;0;1
2;0.3333333333333333;0.02669837114600092;0.5986895986895987;1;0.5571241001142768;0.8;0.0;0;1;0;1
3;0.16666666666666666;0.46872386425690543;0.49713349713349714;1;0.39237963949859944;0.6;0.0;0;1;0;1
1;0.3333333333333333;0.07572781678303153;0.3308763308763309;1;0.28495562991204476;0.2;0.0;0;0;1;1
4;0.16666666666666666;0.18813056405959241;0.3538083538083538;0;0.26613860106504517;0.2;0.0;1;0;0;0
3;0.3333333333333333;0.1969147607913123;0.19246519246519248;1;0.6303270217578327;0.0;0.0;0;0;1;0
4;0.25;0.4439474746252352;0.3538083538083538;1;0.5043196607481908;0.6;0.0;0;1;0;1
4;0.08333333333333333;0.4526673331301799;0.3095823095823096;1;0.498618237495452;0.6;0.0;0;1;0;1
4;0.25;0.06786625908793747;0.4095004095004095;1;0.34297142859259266;0.4;0.0;0;1;0;1
3;0.16666666666666666;0.33397278864773305;0.22113022113022113;0;0.09954285375499251;0.6;0.0;0;1;0;1
2;0.16666666666666666;0.05053996850835181;0.44144144144144143;0;0.6833853735749111;0.2;0.0;0;1;0;1
4;0.4166666666666667;0.10402918322670167;0.6076986076986077;0;0.7885533745626565;0.0;0.0;0;1;0;1
3;0.3333333333333333;0.19179508335914625;0.33906633906633904;0;0.5924755159994616;0.4;0.0;0;0;1;0
4;0.5;0.27263873913849374;0.4226044226044226;1;0.22883143454923793;0.8;0.0;0;1;0;1
3;0.25;0.0824907740621861;0.4701064701064701;1;0.21700224600141235;0.2;0.0;0;1;0;0
4;0.3333333333333333;0.06013090194097214;0.29074529074529076;0;0.4976280223388479;0.2;1.0;0;1;0;0
4;0.16666666666666666;0.14500741865953373;0.3931203931203931;0;0.2473158214253141;0.6;1.0;0;1;0;1
1;0.08333333333333333;0.06765585648572012;0.35872235872235875;0;0.24899102010342414;0.4;0.0;0;1;0;0
2;0.08333333333333333;0.1238974296219051;0.3726453726453726;1;0.5600915356093097;0.2;0.0;0;1;0;0
3;0.25;0.18138053508807966;0.23013923013923013;1;0.3363856332655332;0.4;1.0;0;1;0;0
4;0.3333333333333333;0.20462357641269557;0.36036036036036034;0;0.6084230957991168;0.2;0.0;0;1;0;0
3;0.3333333333333333;0.03258193320908677;0.4381654381654382;1;0.3528384904333432;0.4;1.0;0;1;0;0
4;0.4166666666666667;0.09421468771142558;0.5945945945945946;1;0.05881670238186425;0.2;0.0;0;0;1;0
3;0.5;0.0027514126514033093;0.5135135135135135;0;0.10624370808831811;0.2;1.0;0;0;1;1
2;0.4166666666666667;0.17776694156439962;0.7092547092547092;0;0.4141411578519567;0.6;0.0;0;1;0;1
3;0.08333333333333333;0.014800240533155705;0.23095823095823095;0;0.30966298058660774;0.4;0.0;0;1;0;0
2;0.0;0.22839154160082;0.4995904995904996;0;0.28453144395867225;0.4;1.0;0;0;1;0
4;0.3333333333333333;0.058038684870671736;0.38656838656838655;1;0.3150286229882769;0.2;1.0;0;1;0;0
4;0.4166666666666667;0.020297244577022408;0.714987714987715;1;0.825956270512584;0.2;0.0;0;1;0;1
4;0.25;0.17670400247065307;0.2244062244062244;0;0.4233274824074134;0.4;1.0;0;1;0;1
2;0.4166666666666667;0.02479888071846989;0.2194922194922195;1;0.23286478949546066;0.2;0.0;0;1;0;0
4;0.5;0.0557376708658617;0.2588042588042588;1;0.23359723583956124;0.8;1.0;0;0;1;1
3;0.08333333333333333;0.09303134413157235;0.009009009009009009;0;0.7527678677345535;0.2;0.0;0;0;1;1
4;0.3333333333333333;0.049592830547190596;0.2702702702702703;1;0.08230619801048158;0.2;0.0;0;1;0;0
3;0.08333333333333333;0.021879847255909787;0.2325962325962326;1;0.14149756278536327;0.6;0.0;0;1;0;1
0;0.4166666666666667;0.05790449842559586;0.38165438165438165;0;0.09599550535754915;0.2;1.0;0;1;0;0
4;0.5;0.017262614645129206;0.41277641277641275;0;0.3309911528194662;0.4;0.0;0;1;0;1
4;0.25;0.14123483055263764;0.6642096642096642;1;0.13485175715355602;0.6;0.0;1;0;0;1
3;0.3333333333333333;0.020864783896663106;0.5126945126945127;1;0.16038597184272402;0.4;0.0;0;1;0;0
2;0.25;0.07320207616916498;0.2620802620802621;0;0.12458045391478537;0.2;0.0;0;1;0;0
4;0.25;0.0913744534694686;0.20966420966420968;0;0.36015727163142164;0.0;0.0;0;0;1;0
4;0.08333333333333333;0.3227881396148545;0.43734643734643736;1;0.05693206044350097;0.4;1.0;0;0;1;1
4;0.25;0.008997665369406533;0.14004914004914004;1;0.26310160258101856;0.4;0.0;0;0;1;0
4;0.5833333333333334;0.2965452198368732;0.6568386568386568;0;0.12604750679677454;0.2;0.0;0;1;0;1
4;0.08333333333333333;0.025909120842108876;0.5495495495495496;0;0.126902122794705;0.4;0.0;0;1;0;0
4;0.0;0.2044898867938825;0.2800982800982801;0;0.4168881056063292;0.4;0.0;0;1;0;0
4;0.5;0.010484726078812717;0.07616707616707617;1;0.10481757361333892;0.4;0.0;0;1;0;1
4;0.08333333333333333;0.49875996155191804;0.5782145782145782;1;0.4718181746545828;0.2;0.0;1;0;0;0
3;0.08333333333333333;0.18333782369339874;0.33824733824733827;1;0.3847149633945269;0.0;0.0;0;1;0;0
4;0.16666666666666666;0.007165037546858025;0.5593775593775594;1;0.18431280905005973;0.8;0.0;1;0;0;1
4;0.3333333333333333;0.02673917951032034;0.09582309582309582;1;0.46895557343332417;0.0;0.0;0;1;0;1
0;0.25;0.08841907946639067;0.2588042588042588;1;0.5613240619735473;0.6;0.0;0;0;1;1
1;0.3333333333333333;0.08242835030849638;0.3579033579033579;1;0.4064643638396275;0.0;0.0;0;1;0;1
3;0.4166666666666667;0.11033868824507591;0.36445536445536447;1;0.15876997050138866;0.4;0.0;1;0;0;0
4;0.16666666666666666;0.069216744215112;0.28255528255528256;1;0.20288894433071866;0.0;0.0;0;1;0;0
0;0.25;0.1473459476568492;0.45864045864045866;1;0.28260488042311105;0.4;1.0;0;1;0;0
3;0.25;0.047603582687879425;0.18181818181818182;0;0.16778310513672076;0.0;0.0;0;0;1;0
4;0.25;0.021522361192952377;0.3333333333333333;1;0.41377162905232073;0.4;0.0;0;1;0;0
2;0.16666666666666666;0.003753958301066317;0.37674037674037675;1;0.3902928307641814;0.2;0.0;0;1;0;0
4;0.3333333333333333;0.043624621508629925;0.4406224406224406;1;0.3108784800957041;0.2;0.0;1;0;0;0
3;0.4166666666666667;0.06186831254445312;0.47338247338247336;0;0.34296224642183065;0.0;0.0;0;1;0;0
4;0.4166666666666667;0.11966235931153049;0.17280917280917282;1;0.1550847905105599;0.2;0.0;0;1;0;0
3;0.08333333333333333;0.1826594494063229;0.10565110565110565;1;0.2966659599470969;0.4;1.0;0;1;0;0
4;0.4166666666666667;0.030475503632933065;0.5659295659295659;1;0.5175786073530138;0.4;0.0;0;0;1;0
3;0.3333333333333333;0.07555261079653834;0.41113841113841115;0;0.6646630625669055;0.4;0.0;0;1;0;1
4;0.25;0.029552681621416534;0.23423423423423423;1;0.34364220611172897;0.6;0.0;0;1;0;1
3;0.4166666666666667;0.3358815472438645;0.6109746109746109;1;0.5245737229863675;0.4;0.0;0;1;0;0
4;0.0;0.11596416504737596;0.3759213759213759;0;0.2638507760185237;0.2;0.0;0;1;0;1
4;0.3333333333333333;0.1259852740511857;0.5495495495495496;0;0.042613576160540616;0.4;0.0;0;1;0;1
2;0.08333333333333333;0.08422997539315596;0.3677313677313677;1;0.4754698064478579;0.2;0.0;0;1;0;1
4;0.4166666666666667;0.03676535199014263;0.6945126945126945;1;0.5604341901482854;0.4;0.0;0;1;0;1
3;0.5;0.024818847383930063;0.6445536445536445;0;0.2647146691161617;0.4;0.0;0;1;0;1
4;0.25;0.11887431380298388;0.31613431613431614;1;0.14970978196025708;0.2;0.0;0;1;0;0
3;0.25;0.28336162682046645;0.515970515970516;0;0.14290561038781457;0.8;1.0;0;1;0;1
3;0.5;0.02656695916531348;0.46273546273546273;1;0.19448534900083134;0.0;1.0;0;1;0;1
3;0.08333333333333333;0.09429422186137025;0.5806715806715806;0;0.1774177403964917;0.2;0.0;0;1;0;0
2;0.4166666666666667;0.0837801026430242;0.19901719901719903;1;0.8510828874304625;0.6;0.0;0;1;0;1
2;0.08333333333333333;0.11411895778747086;0.4692874692874693;1;0.15405706855202403;0.2;0.0;0;1;0;0
4;0.3333333333333333;0.09853802387111966;0.5298935298935299;1;0.04754695848084702;0.4;0.0;0;1;0;0
3;0.25;0.035374251547860606;0.0687960687960688;1;0.25031888244488043;0.2;0.0;0;0;1;1
4;0.16666666666666666;0.13076351221722282;0.16298116298116297;0;0.12941924130998922;0.6;1.0;0;1;0;1
4;0.0;0.03535362915450947;0.02293202293202293;1;0.3133372208090081;0.8;0.0;0;1;0;1
4;0.08333333333333333;0.11769715083423041;0.31285831285831284;1;0.6215713957755912;0.2;0.0;0;1;0;0
4;0.16666666666666666;0.03960612794573693;0.4742014742014742;0;0.2727031730698786;0.6;0.0;0;1;0;1
4;0.16666666666666666;0.00950150539921465;0.6027846027846028;0;0.609820033152471;0.2;0.0;0;0;1;0
3;0.08333333333333333;0.015071218585191858;0.36855036855036855;1;0.3958986007074662;0.4;0.0;0;1;0;1
2;0.5833333333333334;0.19980521649334346;0.6232596232596233;1;0.4138133387318407;0.6;1.0;0;1;0;1
4;0.3333333333333333;0.014325625395504322;0.13022113022113022;1;0.6763068832022585;0.4;0.0;0;1;0;1
4;0.25;0.044575784935307915;0.07780507780507781;1;0.17636421533127603;0.4;0.0;0;1;0;0
4;0.08333333333333333;0.037669475536555724;0.34725634725634724;1;0.12542307034680494;0.6;0.0;0;1;0;1
2;0.4166666666666667;0.006562110808317645;0.41932841932841936;0;0.47568120329911506;0.4;0.0;0;1;0;0
1;0.25;0.1017500968408065;0.35135135135135137;1;0.5708809349507775;0.0;0.0;0;0;1;1
4;0.25;0.17833464910285846;0.018018018018018018;0;0.43092534324857384;0.4;0.0;0;1;0;1
4;0.16666666666666666;0.5418479988993073;0.34234234234234234;1;0.2774275122865997;0.6;0.0;0;1;0;1
4;0.16666666666666666;0.30584588117575123;0.14332514332514332;1;0.7336303483362582;0.4;0.0;0;1;0;1
3;0.25;0.005558824889352388;0.46601146601146604;1;0.123989955736704;0.4;1.0;0;1;0;0
4;0.25;0.03305964705054099;0.4168714168714169;0;0.046238536613458524;0.2;0.0;0;1;0;0
4;0.16666666666666666;0.05903893529149392;0.2031122031122031;1;0.1310796964306071;0.4;0.0;0;1;0;1
3;0.08333333333333333;0.2313171063722185;0.2727272727272727;0;0.29805556490213747;0.6;0.0;0;1;0;1
2;0.25;0.049602365587266876;0.18345618345618345;1;0.40709919284889534;0.2;0.0;0;1;0;0
3;0.16666666666666666;0.09391759325308247;0.3464373464373464;1;0.32104468875091996;0.6;0.0;0;0;1;1
2;0.3333333333333333;0.11983359743390702;0.5135135135135135;0;0.30067568445515447;0.4;1.0;0;1;0;0
4;0.25;0.0392927277828695;0.19492219492219492;0;0.707916625988774;0.2;0.0;0;0;1;1
3;0.08333333333333333;0.09697020117505749;0.438984438984439;1;0.3060410430984704;0.4;0.0;0;1;0;0
4;0.0;0.00574148690869348;0.26945126945126946;1;0.34701467783562373;0.2;0.0;0;1;0;0
4;0.4166666666666667;0.07273032524900994;0.22686322686322685;1;0.35277543610256673;0.4;0.0;0;0;1;0
2;0.16666666666666666;0.05285774632971586;0.33906633906633904;1;0.22547934741580128;0.6;0.0;0;1;0;1
3;0.08333333333333333;0.04885197747227998;0.18673218673218672;1;0.03174938899061034;0.2;1.0;0;0;1;0
3;0.08333333333333333;0.02972110803969991;0.26617526617526616;1;0.3861425218484537;0.2;0.0;0;0;1;1
4;0.25;0.18933963015204974;0.16052416052416052;1;0.5576919646984629;0.2;0.0;0;1;0;0
0;0.3333333333333333;0.2376439924743678;0.6781326781326781;1;0.5388432766900535;0.4;0.0;0;1;0;0
3;0.3333333333333333;0.24365084932238176;0.3628173628173628;1;0.3055650680469296;0.0;1.0;0;1;0;0
2;0.16666666666666666;0.05604904300508811;0.24242424242424243;1;0.1662766040319552;0.2;0.0;1;0;0;0
4;0.16666666666666666;0.033307576208710214;0.3914823914823915;1;0.5417018595830514;0.2;1.0;0;0;1;0
3;0.08333333333333333;0.01145752369936712;0.33824733824733827;1;0.06606148075322073;0.4;1.0;0;1;0;0
2;0.16666666666666666;0.12410314979216966;0.3202293202293202;1;0.08865912319463236;0.0;0.0;0;1;0;0
4;0.25;0.044518385731729705;0.457002457002457;0;0.5993123596002332;0.2;0.0;0;1;0;0
4;0.4166666666666667;0.0359682238915121;0.48075348075348073;1;0.4047111509814751;0.4;0.0;0;1;0;0
4;0.16666666666666666;0.05159418644439768;0.26945126945126946;1;0.27298841571889054;0.0;0.0;0;1;0;0
3;0.3333333333333333;0.08995241859068484;0.2620802620802621;0;0.46602733049456807;0.2;1.0;0;1;0;0
4;0.3333333333333333;0.019585606226442256;0.31122031122031124;1;0.5433183453726469;0.4;0.0;0;1;0;0
4;0.25;0.361870394141599;0.0;1;0.1271554404905335;0.0;0.0;0;1;0;0
4;0.25;0.14669898088046482;0.10810810810810811;1;0.44041400218275245;0.4;0.0;0;0;1;0
4;0.08333333333333333;0.005261886229003181;0.5806715806715806;1;0.235013377201877;0.2;0.0;0;0;1;0
0;0.25;0.040700927378121754;0.6257166257166257;1;0.5961734581809576;0.2;0.0;0;0;1;0
0;0.16666666666666666;0.005669638428662111;0.31613431613431614;0;0.18359298613688135;0.2;0.0;0;0;1;0
1;0.4166666666666667;0.028938025655088424;0.4512694512694513;1;0.48134013949198773;0.0;0.0;0;1;0;1
2;0.16666666666666666;0.03750545640536194;0.40786240786240785;0;0.13624852676399912;0.4;0.0;0;1;0;0
2;0.0;0.1407699905888147;0.8607698607698607;0;0.4934958571297879;0.2;0.0;0;1;0;0
2;0.16666666666666666;0.14107029360095286;0.5397215397215397;0;0.5720921675704882;0.6;0.0;0;0;1;1
4;0.16666666666666666;0.00509155158267292;0.3357903357903358;0;0.8559062188307303;0.4;0.0;0;0;1;1
4;0.3333333333333333;0.0986292171123476;0.19983619983619982;1;0.20186855441598553;0.4;1.0;0;0;1;0
2;0.4166666666666667;0.3606484938180815;0.09336609336609336;0;0.7110107680806482;0.2;0.0;0;0;1;1
4;0.5833333333333334;0.11006765407012715;0.38984438984438985;0;0.14265418420896073;0.2;0.0;0;1;0;1
2;0.16666666666666666;0.3596191264041806;0.2325962325962326;0;0.3372976096495003;0.4;0.0;0;1;0;0
4;0.08333333333333333;0.053220604174191284;0.12366912366912367;1;0.3354840236567167;0.0;0.0;0;1;0;0
4;0.4166666666666667;0.06844616120060223;0.25061425061425063;1;0.154900168402235;0.0;0.0;0;1;0;0
4;0.25;0.07605518235312651;0.17936117936117937;1;0.16968580112894224;0.2;0.0;0;1;0;0
4;0.5;0.28659134044579887;0.633087633087633;1;0.04456519732160084;0.6;0.0;0;1;0;1
2;0.16666666666666666;0.05317066800334794;0.5012285012285013;1;0.5521368639934106;0.2;0.0;0;1;0;0
0;0.4166666666666667;0.45606660189446124;0.35544635544635544;1;0.5926079593152636;0.8;0.0;0;1;0;1
3;0.5;0.08709145461922733;0.5986895986895987;0;0.1536039734435063;0.6;1.0;0;1;0;1
4;0.16666666666666666;0.027308328941766043;0.36936936936936937;1;0.15758845901886864;0.2;0.0;0;1;0;0
4;0.08333333333333333;0.012110531099523364;0.2153972153972154;0;0.26481717874388566;0.8;0.0;0;1;0;1
2;0.25;0.021048630053168472;0.6060606060606061;0;0.23061807069596188;0.2;0.0;0;1;0;0
2;0.3333333333333333;0.004389510110589097;0.44471744471744473;0;0.44811223725473115;0.6;0.0;0;1;0;1
0;0.4166666666666667;0.13107716050919602;0.18673218673218672;1;0.30858210073946346;0.2;0.0;0;0;1;1
3;0.4166666666666667;0.08088190905582793;0.32514332514332517;0;0.4384060040576072;0.6;0.0;0;1;0;1
4;0.25;0.1489307813141463;0.21294021294021295;0;0.3652994458188963;0.4;1.0;0;1;0;0
4;0.4166666666666667;0.1695533994229118;0.13022113022113022;0;0.6581108362599305;0.2;0.0;0;0;1;1
4;0.08333333333333333;0.2980073365259396;0.5085995085995086;1;0.42648234290069414;0.4;0.0;0;0;1;0
4;0.25;0.013775247897765117;0.6691236691236692;0;0.3867280105997068;0.2;0.0;0;0;1;0
0;0.08333333333333333;0.022842818833029358;0.12776412776412777;0;0.3518127087593509;0.6;0.0;0;1;0;1
2;0.16666666666666666;0.08835238871300324;0.4488124488124488;1;0.6697038887402695;0.2;0.0;0;1;0;1
4;0.25;0.015364953562566813;0.2497952497952498;0;0.3709812265914803;0.4;0.0;0;1;0;0
3;0.25;0.01075744298412114;0.27682227682227684;1;0.2964494541077103;0.8;1.0;0;1;0;1
2;0.5833333333333334;0.12206030797044141;0.2596232596232596;1;0.4080762463543863;0.0;0.0;0;0;1;1
2;0.08333333333333333;0.14345813922995884;0.2153972153972154;1;0.10823438134813138;0.2;0.0;0;1;0;0
2;0.4166666666666667;0.2062271408928978;0.36445536445536447;1;0.10078122492238428;0.4;1.0;0;1;0;0
2;0.16666666666666666;0.2751977038547377;0.2203112203112203;0;0.4615684325710751;0.4;0.0;0;1;0;0
3;0.16666666666666666;0.06494303527869252;0.4013104013104013;1;0.5442429352077062;0.4;0.0;0;1;0;0
4;0.3333333333333333;0.43451383767954826;0.34807534807534807;1;0.38233654707476245;0.0;0.0;0;1;0;0
4;0.16666666666666666;0.0042279759294418595;0.3177723177723178;1;0.08583383233716321;0.4;1.0;0;0;1;1
4;0.4166666666666667;0.2270496367082511;0.20802620802620803;1;0.18663178570479863;0.6;1.0;0;0;1;1
4;0.4166666666666667;0.04308384132242532;0.2620802620802621;1;0.5171964798707431;0.2;0.0;0;0;1;0
3;0.25;0.28337202619562873;0.48075348075348073;1;0.26142184823712644;0.2;0.0;0;1;0;1
4;0.08333333333333333;0.02794822468579872;0.438984438984439;1;0.03838816856486755;0.4;0.0;0;1;0;0
0;0.3333333333333333;0.15024177581099232;0.19656019656019655;1;0.540044318877524;0.6;0.0;0;1;0;1
4;0.3333333333333333;0.06159257252984796;0.3726453726453726;0;0.1290382985786283;0.4;0.0;0;1;0;0
4;0.08333333333333333;0.05338341409431306;0.4799344799344799;0;0.5736262626384694;0.6;0.0;0;0;1;1
4;0.16666666666666666;0.006746469910861078;0.08353808353808354;1;0.08825676876935332;0.4;1.0;0;1;0;0
2;0.3333333333333333;0.1361077770052069;0.44553644553644556;0;0.7118246615711296;0.2;0.0;0;0;1;1
4;0.5;0.02138274863057499;0.24815724815724816;0;0.24560344208600962;0.6;0.0;0;1;0;1
4;0.5;0.06911029473199998;0.45045045045045046;0;0.124148011744361;0.2;1.0;0;1;0;1
3;0.0;0.01688148931611284;0.23177723177723178;1;0.279323058370781;0.6;0.0;0;1;0;1
4;0.08333333333333333;0.10313627857665512;0.06142506142506143;1;0.31930010839768247;0.0;0.0;0;1;0;1
3;0.16666666666666666;0.029165270790909442;0.09009009009009009;1;0.44951292813640653;0.4;0.0;0;0;1;1
3;0.5833333333333334;0.10033577660468689;0.36445536445536447;1;0.18996680313208292;0.0;0.0;0;1;0;1
1;0.5;0.32597040432436986;0.3988533988533989;0;0.22393300092613797;0.0;0.0;0;0;1;1
1;0.4166666666666667;0.2822463806223734;0.20884520884520885;1;0.35806752428466815;0.2;0.0;0;0;1;1
4;0.3333333333333333;0.02482364543226935;0.4610974610974611;1;0.3673514688148806;0.4;0.0;0;1;0;0
3;0.08333333333333333;0.011553001727019022;0.08435708435708436;1;0.49760131625458826;0.2;0.0;0;0;1;0
4;0.08333333333333333;0.004781470865486752;0.34561834561834565;1;0.559331881777424;0.2;0.0;0;1;0;1
3;0.08333333333333333;0.1961168704642166;0.15806715806715807;1;0.8247178523099444;0.2;0.0;0;1;0;1
4;0.0;0.03183739241114323;0.2497952497952498;0;0.1985935613755069;0.6;0.0;0;0;1;1
4;0.16666666666666666;0.03709236534202696;0.36445536445536447;0;0.34765218671891884;0.6;1.0;1;0;0;1
4;0.16666666666666666;0.02847056341227035;0.2153972153972154;1;0.17093406956764182;0.8;0.0;0;1;0;1
4;0.16666666666666666;0.20389527602624047;0.294021294021294;1;0.2345727418510749;0.2;0.0;0;1;0;0
4;0.08333333333333333;0.4292639386443051;0.5217035217035217;0;0.6205145534453635;0.0;0.0;0;1;0;1
3;0.4166666666666667;0.1565124102259303;0.2620802620802621;0;0.3490136529077399;0.0;0.0;0;1;0;0
4;0.25;0.1929654113824138;0.49385749385749383;1;0.46972939983110584;0.6;0.0;0;1;0;1
3;0.5;0.1077375701343584;0.171990171990172;1;0.553938762746282;0.4;1.0;0;0;1;1
4;0.25;0.08365014388582373;0.4430794430794431;1;0.2795653013702679;0.2;1.0;0;1;0;1
4;0.5;0.14219877684712787;0.592956592956593;1;0.2871597312346844;0.4;1.0;0;1;0;1
2;0.0;0.0039825952566214205;0.0;0;0.5549629785310977;0.4;1.0;0;1;0;0
1;0.3333333333333333;0.006981071065173207;0.22604422604422605;1;0.23143435701431742;0.6;1.0;0;1;0;1
4;0.3333333333333333;0.1292705038093953;0.4512694512694513;1;0.35003147275642527;0.4;0.0;0;1;0;0
4;0.25;0.04533569535906339;0.3235053235053235;1;0.14973442987796998;0.2;0.0;0;1;0;0
2;0.25;0.07459767860836963;0.4176904176904177;1;0.36171439922453785;0.4;0.0;0;0;1;0
4;0.25;0.1694157364376113;0.257985257985258;0;0.15514058282733892;0.0;0.0;0;1;0;1
4;0.0;0.09570451963721824;0.371007371007371;1;0.26366141667270176;0.2;0.0;0;1;0;0
4;0.25;0.18197486378025646;0.3308763308763309;0;0.21953834283327128;0.4;0.0;0;0;1;0
4;0.16666666666666666;0.06037884741739478;0.547911547911548;0;0.4975725535730159;0.2;0.0;0;1;0;0
4;0.25;0.03763536785792458;0.39803439803439805;1;0.15320847811820235;0.8;0.0;0;1;0;1
3;0.3333333333333333;0.029712965811585623;0.411957411957412;1;0.31428162350040756;0.4;0.0;0;1;0;0
2;0.0;0.015640964822773478;0.2891072891072891;0;0.3547468861123283;0.0;0.0;0;1;0;0
3;0.25;0.004101935633884296;0.27682227682227684;0;0.49707813919128296;0.6;0.0;0;1;0;1
4;0.3333333333333333;0.0060071613991320265;0.2858312858312858;1;0.1327687020448365;0.4;0.0;0;1;0;0
4;0.25;0.03509982389468982;0.42096642096642095;1;0.3233939095173652;0.0;1.0;0;0;1;0
4;0.16666666666666666;0.03623717898601688;0.28746928746928746;0;0.10806254595401207;0.2;0.0;0;0;1;0
4;0.3333333333333333;0.05344093731254063;0.4037674037674038;1;0.7132818459509918;0.2;0.0;0;1;0;1
4;0.08333333333333333;0.09957598272742792;0.696969696969697;0;0.17975559448642858;0.4;0.0;0;1;0;0
2;0.08333333333333333;0.15839759048301308;0.4995904995904996;0;0.18620035179319078;0.2;0.0;0;1;0;0
4;0.25;0.024440301676348277;0.30303030303030304;1;0.4677664450973996;0.4;0.0;0;1;0;1
3;0.4166666666666667;0.15837385178147834;0.5536445536445537;1;0.06627730564275938;0.4;0.0;0;1;0;0
3;0.25;0.016581457121044255;0.28992628992628994;1;0.5569570435161255;0.0;0.0;0;1;0;0
4;0.5;0.49867375357940913;0.02293202293202293;0;0.41796094628348246;0.0;1.0;0;1;0;1
4;0.5;0.03726286587560446;0.19164619164619165;0;0.5660867879814712;0.2;0.0;0;0;1;1
2;0.0;0.20199885555717595;0.049959049959049956;1;0.33270088472441095;0.4;0.0;0;1;0;1
4;0.08333333333333333;0.023440829061466262;0.2989352989352989;1;0.727568901129113;0.4;0.0;0;0;1;1
4;0.25;0.33469722680756137;0.3595413595413595;1;0.3268969871013422;0.2;0.0;0;0;1;1
3;0.16666666666666666;0.1949051413221901;0.6314496314496314;0;0.4020428164507692;0.6;0.0;0;1;0;1
3;0.16666666666666666;0.04948149586912304;0.4103194103194103;0;0.1188191909984305;0.2;0.0;0;0;1;0
4;0.16666666666666666;0.060823483064253475;0.32104832104832104;1;0.5798878312068393;0.4;0.0;0;0;1;0
4;0.16666666666666666;0.0003583227591310692;0.49221949221949224;1;0.4482351544039253;0.4;0.0;0;1;0;0
2;0.3333333333333333;0.03215275542010798;0.0;0;0.4121840897132337;0.0;0.0;0;1;0;1
2;0.08333333333333333;0.037928233957732205;0.3955773955773956;1;0.5486910622627164;0.2;0.0;0;1;0;1
3;0.16666666666666666;0.06700561003032038;0.4832104832104832;1;0.5627215552029302;0.4;1.0;0;0;1;0
0;0.16666666666666666;0.016589248105101085;0.11466011466011466;0;0.683120309713165;0.2;0.0;0;1;0;1
4;0.3333333333333333;0.0724275565112802;0.5438165438165438;1;0.02247603759743414;0.2;1.0;0;1;0;0
4;0.3333333333333333;0.1227731793072663;0.411957411957412;1;0.4362914551877152;0.6;0.0;0;1;0;1
1;0.25;0.051566606452788905;0.2882882882882883;1;0.11996150929683784;0.4;0.0;0;1;0;1
2;0.5;0.02932949039363838;0.46027846027846026;0;0.3368101505892814;0.0;0.0;0;1;0;1
4;0.3333333333333333;0.0882150698332536;0.7289107289107289;0;0.2970891053023497;0.2;0.0;0;0;1;0
4;0.16666666666666666;0.003205369913624043;0.38656838656838655;1;0.21338605327219112;0.2;0.0;0;1;0;0
4;0.3333333333333333;0.04630501845219463;0.3972153972153972;1;0.1734267784841188;0.2;0.0;0;0;1;0
3;0.75;0.08337076756300339;0.28173628173628174;1;0.37744130066365417;0.2;0.0;0;0;1;1
4;0.08333333333333333;0.04546509714996897;0.21785421785421785;1;0.10965958665126332;1.0;0.0;0;1;0;1
4;0.0;0.04708320109955019;0.49303849303849306;1;0.23389768938333844;0.8;0.0;0;1;0;1
4;0.25;0.20976151935304868;0.21621621621621623;1;0.2465979090026538;0.0;1.0;0;0;1;0
4;0.3333333333333333;0.3023523611118669;0.36855036855036855;1;0.5277185798472255;0.2;0.0;0;0;1;0
4;0.3333333333333333;0.19539774449482336;0.2784602784602785;1;0.2065586869360438;0.4;0.0;0;1;0;0
4;0.16666666666666666;0.011513710070135795;0.4348894348894349;1;0.6991038721255901;0.4;0.0;0;1;0;1
4;0.3333333333333333;0.03799807955246495;0.41113841113841115;0;0.21948338829934336;0.0;0.0;0;1;0;0
4;0.25;0.1381631482777616;0.5266175266175266;1;0.3272387501700911;0.0;0.0;0;0;1;0
4;0.4166666666666667;0.40771198383013596;0.2727272727272727;0;0.4267076587200966;0.0;0.0;0;0;1;1
3;0.16666666666666666;0.030800839860364845;0.31285831285831284;0;0.2525853309703194;0.2;1.0;0;1;0;0
3;0.08333333333333333;0.2541593727017744;0.19656019656019655;1;0.15761074052542046;0.6;0.0;0;0;1;1
3;0.3333333333333333;0.14939498459159412;0.2841932841932842;1;0.31787829951606944;0.2;1.0;0;1;0;0
4;0.25;0.45628125639767003;0.41850941850941853;1;0.1893895607596716;0.2;0.0;0;0;1;0
4;0.08333333333333333;0.01086342315175628;0.48075348075348073;1;0.15330442274208417;0.2;0.0;0;1;0;0
4;0.5833333333333334;0.055798517528273674;0.20556920556920558;0;0.5098427568723953;0.4;0.0;0;1;0;1
3;0.25;0.07228848579642896;0.4987714987714988;1;0.30548844150894644;0.2;0.0;0;1;0;0
2;0.08333333333333333;0.12399280274249312;0.579033579033579;1;0.6806827160269426;0.2;0.0;0;1;0;1
3;0.9166666666666666;0.11801130318174712;0.42424242424242425;0;0.3521118506040083;0.2;0.0;0;1;0;1
2;0.3333333333333333;0.2634271637937214;0.6642096642096642;1;0.31627872229913373;0.2;0.0;0;1;0;0
4;0.4166666666666667;0.2029179435642762;0.23013923013923013;1;0.0608703283052076;0.0;0.0;0;1;0;0
3;0.16666666666666666;0.006268776915595808;0.15315315315315314;1;0.5170941619235416;0.6;0.0;0;1;0;1
4;0.25;0.07409940169520786;0.06552006552006552;1;0.3612626753776159;0.0;0.0;0;1;0;0
2;0.16666666666666666;0.05808589335014621;0.601965601965602;1;0.20355299398071855;0.4;0.0;0;0;1;0
4;0.4166666666666667;0.6517943188507991;0.46355446355446356;1;0.1940634199875085;0.0;0.0;0;0;1;0
3;0.4166666666666667;0.061941987238298205;0.34725634725634724;1;0.3785181321451191;0.2;0.0;0;1;0;0
4;0.08333333333333333;0.12762670051378827;0.4021294021294021;0;0.5718795451012515;0.2;0.0;0;1;0;0
2;0.0;0.037168853053647796;0.171990171990172;1;0.19154548958777862;0.2;0.0;0;1;0;0
4;0.4166666666666667;0.10602925660276373;0.7575757575757576;0;0.31828912468752674;0.2;0.0;0;0;1;0
1;0.25;0.025685445042546717;0.3775593775593776;1;0.5491089445258892;0.4;1.0;0;0;1;1
3;0.25;0.10289147481656102;0.37428337428337427;0;0.12140659064951545;0.4;0.0;0;1;0;0
3;0.4166666666666667;0.22540205471340205;0.47583947583947583;0;0.25188525920304317;0.4;0.0;0;0;1;0
0;0.0;0.00209185286594353;0.4357084357084357;1;0.49527465993730024;0.2;0.0;0;0;1;0
4;0.25;0.07808042827337536;0.3931203931203931;1;0.3207688992589521;0.6;0.0;0;0;1;1
4;0.08333333333333333;0.44924887086060017;0.22686322686322685;0;0.624414772690551;0.6;0.0;0;1;0;1
3;0.16666666666666666;0.01923264691491991;0.43407043407043405;1;0.4774166696572957;0.2;0.0;0;1;0;0
4;0.0;0.022475552182562433;0.665028665028665;1;0.7262500637934806;0.6;0.0;0;1;0;1
4;0.4166666666666667;0.07074472366525072;0.5773955773955773;1;0.2693053526264866;0.0;0.0;0;1;0;0
2;0.16666666666666666;0.2277936803289111;0.6175266175266175;1;0.3738721626262342;0.2;0.0;0;1;0;1
4;0.16666666666666666;0.09197880778979768;0.2727272727272727;1;0.47896602157724766;0.4;1.0;0;1;0;0
4;0.3333333333333333;0.07901013414592635;0.19492219492219492;0;0.24093433515853474;0.4;0.0;0;1;0;0
4;0.08333333333333333;0.01002833870928523;0.3357903357903358;1;0.10502343501279868;0.2;0.0;0;1;0;0
3;0.0;0.36375245167032527;0.36609336609336607;1;0.34700119210515545;0.2;0.0;0;1;0;1
4;0.5833333333333334;0.04736991204910429;0.5356265356265356;1;0.25308898648571654;0.0;0.0;0;1;0;1
2;0.08333333333333333;0.03220849578208267;0.07944307944307945;0;0.5982322506163649;0.4;0.0;0;0;1;0
3;0.25;0.05896811157442835;0.6068796068796068;1;0.1941917054895469;0.6;0.0;0;0;1;1
1;0.25;0.05943025326036436;0.3308763308763309;0;0.14778891305098607;0.2;0.0;0;1;0;1
0;0.16666666666666666;0.06818999104974453;0.28665028665028663;1;0.5893909830032391;0.0;0.0;0;1;0;0
4;0.08333333333333333;0.12972139801423843;0.19082719082719082;1;0.1104015139711811;0.4;1.0;0;1;0;0
2;0.16666666666666666;0.22519655040593373;0.085995085995086;1;0.12700219562335094;0.6;0.0;0;1;0;1
4;0.16666666666666666;0.006497548721424175;0.4914004914004914;1;0.07388175621078141;0.2;0.0;0;0;1;0
4;0.25;0.07501950343890289;0.36855036855036855;1;0.2543296945668059;0.6;0.0;0;1;0;1
2;0.3333333333333333;0.05939150626161918;0.1457821457821458;1;0.3141808276279007;0.2;0.0;0;1;0;0
4;0.25;0.001147692765703782;0.14414414414414414;0;0.3310839773602538;0.4;0.0;0;0;1;0
3;0.16666666666666666;0.18858231247569043;0.3013923013923014;1;0.3452471678651656;0.2;1.0;0;1;0;0
2;0.16666666666666666;0.012188164016875534;0.6298116298116299;1;0.24013719245307558;0.6;0.0;0;1;0;1
3;0.16666666666666666;0.013492045321215573;0.3144963144963145;1;0.055392297390064675;0.0;0.0;0;1;0;0
2;0.3333333333333333;0.005438608115499039;0.11056511056511056;1;0.20478594338926567;0.6;1.0;0;1;0;1
4;0.5;0.02481769972886912;0.31613431613431614;1;0.26888983104472997;0.2;0.0;0;1;0;1
4;0.0;0.021580392839756383;0.31203931203931207;1;0.48346604646738245;0.0;0.0;0;1;0;1
2;0.3333333333333333;0.047497787475312206;0.0;1;0.369002870916083;0.2;0.0;0;1;0;0
3;0.16666666666666666;0.11972819947239638;0.34807534807534807;0;0.037414261603996656;0.4;1.0;0;0;1;1
4;0.08333333333333333;0.006141820159644157;0.3185913185913186;0;0.2590784909970012;0.0;0.0;0;1;0;0
0;0.16666666666666666;0.21891393708628526;0.47092547092547093;1;0.48870675808761627;0.4;0.0;0;0;1;0
4;0.0;0.04392377575200164;0.6592956592956593;1;0.2665323389741699;0.6;0.0;0;1;0;1
3;0.3333333333333333;0.10373696637417548;0.5413595413595413;1;0.9131189693211491;0.2;0.0;0;1;0;1
4;0.16666666666666666;0.001274317356805656;0.31285831285831284;0;0.23768581646976514;0.2;0.0;0;1;0;0
2;0.16666666666666666;0.050601971090364684;0.17526617526617527;1;0.699142512241651;0.0;0.0;0;1;0;1
3;0.5;0.00015889171775538836;0.778050778050778;1;0.2245086972880071;0.2;0.0;0;1;0;1
4;0.4166666666666667;0.020055659261248342;0.36609336609336607;1;0.4521883858547322;0.2;1.0;0;1;0;0
3;0.0;0.06601615630121122;0.35872235872235875;1;0.5329022845493638;0.4;0.0;0;0;1;1
4;0.08333333333333333;0.08515075026305274;0.35298935298935297;1;0.3918533989420504;0.6;0.0;0;1;0;1
4;0.4166666666666667;0.018397526432385874;0.389025389025389;0;0.3699644413688361;0.4;0.0;0;1;0;0
4;0.16666666666666666;0.1520707349496628;0.3333333333333333;1;0.7023998707582657;0.4;0.0;0;0;1;1
4;0.16666666666666666;0.023240041820500542;0.2628992628992629;1;0.4935046648015557;0.0;0.0;0;1;0;0
4;0.4166666666666667;0.013630023144533546;0.266994266994267;1;0.0823869052115898;0.4;0.0;0;1;0;0
0;0.25;0.045060690717565466;0.35135135135135137;0;0.6341078032228067;0.2;0.0;0;0;1;0
4;0.6666666666666666;0.08913207943218214;0.2678132678132678;1;0.2799687751043739;0.2;0.0;0;1;0;1
3;0.5;0.5007417293527354;0.23996723996723995;0;0.5010138599578;0.2;0.0;0;1;0;1
2;0.4166666666666667;0.06029468570939402;0.37428337428337427;1;0.03189259516995721;0.4;0.0;0;1;0;1
3;0.08333333333333333;0.06169712975387047;0.3153153153153153;0;0.20484155844780594;0.2;1.0;0;1;0;0
4;0.3333333333333333;0.006736299110867127;0.6027846027846028;0;0.40193203476807765;0.0;0.0;0;1;0;0
4;0.25;0.1614531945661785;0.0;0;0.35106463503424956;0.2;0.0;0;1;0;0
4;0.0;0.0222537632274;0.5356265356265356;0;0.45971996722116676;0.2;0.0;0;0;1;0
4;0.16666666666666666;0.15189064368759972;0.561015561015561;1;0.1511614322942745;0.6;0.0;0;0;1;1
4;0.5833333333333334;0.26862137369265526;0.0171990171990172;1;0.20904604739619995;0.0;0.0;0;1;0;1
4;0.3333333333333333;0.16259992532542436;0.30057330057330056;1;0.1789245778200997;0.4;0.0;0;1;0;0
4;0.25;0.11436773763992043;0.29565929565929566;1;0.09548281316325907;0.4;0.0;0;0;1;0
4;0.16666666666666666;0.1029784244518521;0.12612612612612611;0;0.04484157688461997;0.0;0.0;0;1;0;0
4;0.16666666666666666;0.06718756310683058;0.22932022932022933;0;0.4122300493159572;0.4;1.0;0;1;0;0
4;0.08333333333333333;0.017301410248908362;0.17444717444717445;0;0.5475583498574788;0.2;0.0;0;1;0;1
4;0.6666666666666666;0.1678175442889869;0.6437346437346437;1;0.17995363617620463;0.2;0.0;0;0;1;1
2;0.3333333333333333;0.07211960140271717;0.5102375102375102;1;0.2894641181674009;0.2;0.0;0;1;0;0
2;0.08333333333333333;0.1092564843747794;0.5651105651105651;1;0.14175740058433317;0.2;0.0;1;0;0;1
4;0.0;0.052051321125321716;0.475020475020475;1;0.48251158111615394;0.6;0.0;0;1;0;1
4;0.75;0.02485960597136159;0.171990171990172;1;0.4632938565037976;0.2;0.0;0;1;0;1
0;0.5;0.1826894155779203;0.2710892710892711;1;0.11168796610822988;0.8;0.0;0;1;0;1
4;0.16666666666666666;0.046569058584616435;0.43652743652743653;0;0.1800588113627709;0.0;1.0;0;1;0;0
4;0.0;0.22413445801928847;0.15642915642915642;0;0.3029281927876008;0.4;0.0;0;0;1;0
4;0.4166666666666667;0.37527251979297716;0.47338247338247336;1;0.3151180044737925;0.0;0.0;1;0;0;0
2;0.0;0.19708382877802672;0.31695331695331697;1;0.3665000892181306;0.4;0.0;0;1;0;0
0;0.3333333333333333;0.015187896829562337;0.29565929565929566;0;0.15567942415094885;0.4;0.0;1;0;0;1
3;0.08333333333333333;0.21479842461214954;0.47338247338247336;0;0.06132307155101625;0.4;0.0;0;0;1;0
4;0.16666666666666666;0.08144847615055674;0.42915642915642915;0;0.006043807660562369;0.2;1.0;0;1;0;1
1;0.6666666666666666;0.03067316551666793;0.2972972972972973;1;0.20729116606855602;0.4;0.0;0;1;0;1
4;0.16666666666666666;0.010810718542949203;0.5462735462735463;1;0.23485619723357887;0.2;0.0;0;1;0;0
4;0.3333333333333333;0.03625217494522013;0.17936117936117937;1;0.34083625423855046;0.6;0.0;0;1;0;1
4;0.3333333333333333;0.016379727194075527;0.45782145782145783;0;0.8451543936538096;0.2;0.0;0;1;0;1
4;0.16666666666666666;0.0028210866938697295;0.4537264537264537;0;0.3313935705399679;0.6;0.0;0;1;0;1
4;0.3333333333333333;0.48988510588527384;0.3063063063063063;0;0.09414483136490066;0.4;0.0;0;1;0;0
3;0.25;0.19810536685147687;0.4103194103194103;1;0.1333292717122743;0.0;0.0;0;0;1;0
3;0.25;0.14936696758162785;0.15151515151515152;1;0.38790434524335127;0.4;0.0;0;0;1;0
4;0.08333333333333333;0.023791586211526786;0.5077805077805078;1;0.30234726406758766;0.4;0.0;0;1;0;0
4;0.16666666666666666;0.00306022478460143;0.32678132678132676;0;0.5426687986504356;0.0;0.0;0;1;0;0
2;0.4166666666666667;0.07381021306977266;0.2710892710892711;1;0.08407272836463245;0.2;0.0;0;1;0;1
0;0.25;0.15054323205896328;0.5282555282555282;0;0.23571544130215663;0.4;0.0;0;1;0;0
4;0.0;0.3662726857664532;0.2416052416052416;1;0.38210019765695435;0.2;0.0;0;1;0;1
4;0.25;0.20657099258567121;0.12612612612612611;1;0.6941784686278304;0.2;0.0;0;1;0;1
1;0.0;0.24912834294563355;0.10155610155610155;1;0.6008124812332014;0.0;0.0;0;1;0;0
4;0.3333333333333333;0.03027070130055467;0.4561834561834562;1;0.39400033421706965;0.4;0.0;0;1;0;0
4;0.3333333333333333;0.018712886454824055;0.1466011466011466;1;0.5736661524950916;0.0;0.0;0;1;0;0
3;0.4166666666666667;0.03161146669672023;0.6437346437346437;1;0.4496950413432647;0.0;0.0;0;1;0;0
4;0.25;0.01652847889702486;0.015561015561015561;0;0.25409522511855664;0.4;0.0;0;0;1;0
2;0.08333333333333333;0.17816796960307388;0.6347256347256347;1;0.623987661483666;0.4;0.0;1;0;0;0
3;0.08333333333333333;0.25957143807526484;0.3914823914823915;1;0.5815394591256204;0.2;0.0;0;1;0;0
3;0.25;0.040789923985118645;0.3407043407043407;1;0.2869488144794298;0.0;0.0;0;1;0;0
4;0.0;0.2330322517219125;0.2678132678132678;0;0.528415140464211;0.0;1.0;0;1;0;0
4;0.0;0.006229031335399532;0.4217854217854218;1;0.16123454110276272;0.0;0.0;0;1;0;0
1;0.5;0.12579686814405458;0.35053235053235055;0;0.43552418089681777;0.2;1.0;0;1;0;1
4;0.4166666666666667;0.08334791559203458;0.5372645372645373;0;0.4111096392025706;0.4;1.0;0;1;0;0
4;0.16666666666666666;0.03598007378274359;0.3751023751023751;1;0.1690985481582009;0.4;0.0;0;0;1;0
4;0.3333333333333333;0.1625904845591123;0.38165438165438165;0;0.4046470858387958;0.4;0.0;0;1;0;1
4;0.08333333333333333;0.026447372030981013;0.2972972972972973;1;0.09673354305022894;0.8;0.0;0;0;1;1
2;0.3333333333333333;0.05980454612141141;0.34725634725634724;1;0.3500491324442028;0.2;0.0;0;1;0;0
4;0.5833333333333334;0.1376114566406206;0.407043407043407;0;0.4323549049270322;0.6;0.0;0;1;0;1
2;0.3333333333333333;0.04586557502190796;0.07616707616707617;1;0.225930755049283;0.0;0.0;0;1;0;0
4;0.08333333333333333;0.21506677522386178;0.13595413595413594;0;0.3180112577453577;0.4;0.0;0;1;0;0
4;0.3333333333333333;0.22309358705607832;0.4782964782964783;1;0.0801530269302655;0.4;0.0;0;1;0;0
4;0.3333333333333333;0.025111540728342718;0.38493038493038495;1;0.2691217080069247;0.4;1.0;0;1;0;0
4;0.25;0.0645228194297654;0.32678132678132676;0;0.6882858929013296;0.0;0.0;0;1;0;1
2;0.3333333333333333;0.06286949546580584;0.3595413595413595;1;0.31410298295458433;0.2;0.0;0;1;0;0
3;0.08333333333333333;0.05864724865805501;0.4135954135954136;1;0.4512670301618032;0.6;0.0;0;1;0;1
1;0.25;0.07749482028544388;0.26863226863226863;0;0.27353400789671534;0.4;0.0;0;0;1;1
4;0.4166666666666667;0.008528829962999075;0.22932022932022933;1;0.44346663203087694;0.6;0.0;0;1;0;1
4;0.08333333333333333;0.22698315042058032;0.389025389025389;1;0.6060295439557393;0.0;0.0;0;1;0;0
4;0.08333333333333333;0.038025080271900345;0.19656019656019655;0;0.4621423537504405;0.4;0.0;0;1;0;0
3;0.0;0.0001323010460583209;0.42342342342342343;1;0.3893320485741823;0.2;0.0;0;0;1;0
3;0.25;0.1285012465208677;0.07780507780507781;1;0.28487605252689313;0.6;0.0;0;1;0;1
3;0.25;0.11689152656529342;0.5249795249795249;1;0.5356170658314428;0.4;0.0;0;1;0;0
3;0.3333333333333333;0.4543606037224543;0.43407043407043405;1;0.3790738226835739;0.6;0.0;0;1;0;1
4;0.0;0.14127118748469117;0.3988533988533989;1;0.5316026404300559;0.0;0.0;0;1;0;0
4;0.4166666666666667;0.04494083646453287;0.5176085176085176;1;0.21749156096737088;0.2;1.0;0;1;0;0
3;0.3333333333333333;0.33924051374612035;0.6298116298116299;1;0.2441251132614255;0.6;0.0;0;0;1;1
4;0.25;0.050520923625905226;0.5225225225225225;0;0.08798965821212945;0.0;0.0;0;0;1;0
4;0.4166666666666667;0.19150355168376945;0.054873054873054876;1;0.4764099960625627;0.4;0.0;0;1;0;0
4;0.25;0.045436830293929684;0.14742014742014742;1;0.33307781596127767;0.6;0.0;0;1;0;1
3;0.0;0.005486540986561168;0.2547092547092547;1;0.3760272868609253;0.0;1.0;0;1;0;0
4;0.08333333333333333;0.1471872417260131;0.36117936117936117;1;0.712832482562096;0.4;0.0;0;1;0;1
2;0.3333333333333333;0.04789862934008041;0.44144144144144143;1;0.08112324038937137;0.4;0.0;0;0;1;0
3;0.25;0.04597638415549304;0.2375102375102375;0;0.4259149897066883;0.4;0.0;0;1;0;0
1;0.16666666666666666;0.13993352884340426;0.38738738738738737;0;0.6866185302824526;0.4;0.0;0;1;0;1
3;0.5;0.043176039185585345;0.2325962325962326;0;0.5897929450832725;0.4;0.0;0;1;0;1
4;0.08333333333333333;0.013903143274430745;0.25634725634725636;1;0.09326300310182145;0.6;1.0;0;0;1;1
4;0.3333333333333333;0.05760821894457173;0.12612612612612611;0;0.27034266413750274;0.2;1.0;0;1;0;0
4;0.3333333333333333;0.19313341408631934;0.20556920556920558;1;0.3536262965456641;0.2;0.0;0;1;0;1
4;0.16666666666666666;0.01545192996396062;0.13513513513513514;0;0.3764404697148272;0.4;1.0;0;1;0;1
0;0.0;0.08989173768645688;0.19656019656019655;0;0.4252184019848249;0.4;0.0;0;1;0;1
3;0.16666666666666666;0.01571509897675797;0.5290745290745291;1;0.21872995436345496;0.2;0.0;1;0;0;0
2;0.16666666666666666;0.005542058556966452;0.20147420147420148;1;0.17049949813591975;0.2;0.0;0;1;0;0
3;0.5833333333333334;0.052888910200483356;0.7878787878787878;0;0.11187616348098267;0.2;0.0;0;1;0;1
2;0.08333333333333333;0.11927616026447002;0.43734643734643736;0;0.28222628349823164;0.2;0.0;0;1;0;0
3;0.25;0.03571026027521012;0.38656838656838655;1;0.6710861668626757;0.2;0.0;0;0;1;1
4;0.3333333333333333;0.06558990311744536;0.21621621621621623;1;0.35352368275294516;0.4;0.0;0;1;0;0
4;0.25;0.07514244728528816;0.47174447174447176;0;0.4223439636396471;0.2;0.0;0;1;0;1
4;0.16666666666666666;0.2047378024308201;0.2620802620802621;1;0.07495992334387877;0.2;0.0;0;1;0;1
3;0.3333333333333333;0.19010225278642312;0.37674037674037675;1;0.5566537642188515;0.6;0.0;0;1;0;1
2;0.0;0.00019193265380206676;0.7764127764127764;1;0.3986691951890821;0.6;0.0;0;0;1;1
2;0.08333333333333333;0.05938027976612388;0.3407043407043407;0;0.3363467866999066;0.2;0.0;0;0;1;0
2;0.25;0.11869477348276512;0.5446355446355446;0;0.12515322918153196;0.2;1.0;0;1;0;0
4;0.25;0.21280969070503905;0.2416052416052416;0;0.2658261298204321;0.8;0.0;0;1;0;1
2;0.3333333333333333;0.005508704429138606;0.35135135135135137;1;0.47829701481175285;0.2;1.0;1;0;0;0
4;0.25;0.11003271158735228;0.647010647010647;1;0.17585238865878267;0.4;0.0;0;1;0;0
2;0.0;0.20525021531352602;0.2538902538902539;0;0.40956876648420476;0.6;0.0;0;1;0;1
2;0.5833333333333334;0.032695689801544046;0.6535626535626535;0;0.6378820280727974;1.0;0.0;0;1;0;1
3;0.16666666666666666;0.0254925263342362;0.4725634725634726;0;0.2214638306837003;0.2;0.0;0;1;0;1
0;0.08333333333333333;0.07012107609664894;0.26453726453726456;0;0.1319626419796474;0.2;0.0;0;1;0;1
4;0.3333333333333333;0.36550353574535765;0.46027846027846026;1;0.09602642180481584;0.4;0.0;0;0;1;0
4;0.08333333333333333;0.13128570103705647;0.515970515970516;0;0.3915869992033148;0.2;0.0;0;0;1;1
3;0.4166666666666667;0.061404544190713034;0.45864045864045866;1;0.5897365561474005;0.2;0.0;0;1;0;0
4;0.3333333333333333;0.002276362716526421;0.0990990990990991;0;0.09986023099593605;0.2;1.0;0;1;0;0
2;0.0;0.09045386026578177;0.2375102375102375;1;0.2677788370677333;0.0;0.0;0;1;0;0
2;0.4166666666666667;0.04765523899856272;0.31613431613431614;1;0.5035798071904661;0.2;0.0;0;1;0;0
3;0.25;0.02278956933667049;0.3447993447993448;1;0.6778489315507824;0.2;0.0;0;1;0;1
4;0.4166666666666667;0.07708804620252886;0.45864045864045866;1;0.19334527001587404;0.2;0.0;0;1;0;0
1;0.16666666666666666;0.04639708401254133;0.3857493857493858;1;0.6764342787200626;0.8;0.0;1;0;0;1
2;0.3333333333333333;0.004324896069341958;0.1375921375921376;1;0.13493275838527158;0.4;0.0;0;0;1;1
4;0.0;0.14377972984266393;0.41932841932841936;0;0.24935554039865082;0.2;0.0;0;1;0;0
4;0.3333333333333333;0.14668600895739214;0.457002457002457;0;0.04928664709612232;0.6;0.0;0;1;0;1
3;0.25;0.1072492976639272;0.447993447993448;1;0.16823283757882304;0.0;0.0;0;1;0;0
4;0.25;0.2044090445522288;0.533988533988534;1;0.42365141671302586;0.2;0.0;1;0;0;0
4;0.25;0.02520242622372363;0.49303849303849306;1;0.4794350529415106;0.4;0.0;0;1;0;0
2;0.25;0.03744474956977324;0.43161343161343163;0;0.25786774511621124;0.2;1.0;0;1;0;1
4;0.3333333333333333;0.0682152025073294;0.3447993447993448;1;0.33936297985953773;0.4;0.0;0;1;0;1
1;0.3333333333333333;0.006835906321136234;0.08435708435708436;1;0.2276690343750714;0.0;0.0;0;0;1;1
4;0.16666666666666666;0.23918378526282894;0.4266994266994267;1;0.23850720681612902;0.2;1.0;0;0;1;1
2;0.08333333333333333;0.07498892702075557;0.3906633906633907;1;0.318332996434378;0.2;0.0;0;1;0;1
4;0.3333333333333333;0.04360775384136982;0.4013104013104013;1;0.42487141204932666;0.0;0.0;0;0;1;0
4;0.25;0.07225617855106227;0.14742014742014742;1;0.5480054052714955;0.2;0.0;0;1;0;0
2;0.08333333333333333;0.04368465323240451;0.17936117936117937;1;0.15128004398186484;0.2;1.0;0;1;0;0
2;0.3333333333333333;0.03745439413495477;0.5290745290745291;1;0.1465130430868506;0.2;1.0;0;0;1;0
3;0.25;0.06605001801577876;0.35053235053235055;1;0.7279238275237925;0.2;0.0;0;0;1;1
0;0.08333333333333333;0.07309940166964012;0.46846846846846846;0;0.37702817160940993;0.0;1.0;0;1;0;0
4;0.16666666666666666;0.0631308846897786;0.36117936117936117;0;0.7572679538518122;0.2;0.0;0;1;0;1
4;0.4166666666666667;0.08826784368608548;0.36117936117936117;1;0.2370016275144735;0.2;0.0;0;0;1;0
1;0.25;0.17012561096060186;0.5102375102375102;0;0.5118047916122337;0.4;0.0;0;0;1;1
4;0.25;0.006492274174622838;0.2719082719082719;1;0.38102777973231167;0.2;0.0;0;0;1;0
4;0.25;0.18560850270506843;0.3726453726453726;1;0.3224969537299037;0.2;0.0;0;1;0;0
4;0.16666666666666666;0.028800229998062137;0.2809172809172809;0;0.29717391136941335;0.4;0.0;1;0;0;0
0;0.16666666666666666;0.03225100128351998;0.2858312858312858;0;0.02419241809330863;0.4;1.0;1;0;0;0
3;0.25;0.10173536027529456;0.3063063063063063;1;0.5320873068068674;0.0;0.0;0;1;0;0
4;0.08333333333333333;0.41341077833640827;0.3931203931203931;1;0.46368894512259584;0.2;0.0;0;0;1;0
4;0.25;0.0018834753566076112;0.2784602784602785;1;0.9001935469661366;0.2;0.0;0;1;0;1
4;0.3333333333333333;0.12434998349868162;0.5626535626535627;0;0.2362655222315253;0.2;1.0;0;1;0;0
2;0.3333333333333333;0.13274839080554918;0.21048321048321048;1;0.6796702834176435;0.0;0.0;0;1;0;1
4;0.3333333333333333;0.09478571985642746;0.32596232596232594;1;0.5604270414855028;0.4;1.0;0;1;0;0
1;0.5;0.0010139088377873827;0.28501228501228504;0;0.38748331608497755;0.4;0.0;0;1;0;1
1;0.25;0.10366471443462491;0.5937755937755937;1;0.3025172096365683;0.4;1.0;0;0;1;1
3;0.08333333333333333;0.013526401642267205;0.389025389025389;0;0.29056418437019715;0.4;0.0;0;1;0;0
3;0.25;0.008974651793543795;0.5257985257985258;0;0.1384876073959252;0.2;0.0;0;1;0;0
4;0.25;0.13244206114163523;0.11302211302211303;1;0.3064152317893718;0.6;0.0;0;0;1;1
4;0.16666666666666666;0.1339803075309879;0.4004914004914005;0;0.27823570261053837;0.0;0.0;0;1;0;0
4;0.3333333333333333;0.24543889900145882;0.502047502047502;0;0.0762960750668185;0.4;0.0;0;1;0;0
0;0.16666666666666666;0.0003072308204119309;0.3701883701883702;1;0.3094498602932822;0.2;0.0;0;1;0;1
4;0.3333333333333333;0.05289787934559587;0.5315315315315315;1;0.5055972483759593;0.4;0.0;0;1;0;1
1;0.4166666666666667;0.0013043780214477996;0.2719082719082719;1;0.29645510067769903;0.4;0.0;0;1;0;1
2;0.0;0.05040120041156212;0.5872235872235873;1;0.6044419639296783;0.4;0.0;0;0;1;1
4;0.16666666666666666;0.07521400191070675;0.733005733005733;0;0.12464008273650828;0.2;0.0;0;1;0;0
4;0.3333333333333333;0.08387569392587788;0.2972972972972973;1;0.8238685711560801;0.2;1.0;0;0;1;1
4;0.4166666666666667;0.04888274408659954;0.2833742833742834;1;0.27245758561764594;0.2;0.0;0;1;0;0
4;0.25;0.14369680413317004;0.5945945945945946;1;0.2645829097958688;0.0;1.0;0;1;0;0
3;0.25;0.05969891011576929;0.6150696150696151;0;0.342265527862383;0.4;0.0;0;1;0;0
4;0.3333333333333333;0.08093313563188549;0.2710892710892711;0;0.5387049716281309;0.2;0.0;0;0;1;0
0;0.16666666666666666;0.17905703904770168;0.28746928746928746;1;0.11525668989779872;0.2;0.0;0;1;0;0
4;0.08333333333333333;0.021241166038148036;0.3104013104013104;0;0.10946429399105663;0.4;0.0;0;1;0;0
4;0.0;0.04298866856245309;0.13677313677313677;0;0.12293033545795734;0.4;0.0;0;1;0;0
4;0.3333333333333333;0.08192912295220817;0.20638820638820637;1;0.19940575327937962;0.4;0.0;0;1;0;0
4;0.16666666666666666;0.16231104830259163;0.19246519246519248;1;0.5445935594478848;0.2;0.0;0;1;0;0
4;0.5833333333333334;0.061572946877327915;0.23095823095823095;1;0.34756032837641926;0.6;0.0;0;1;0;1
4;0.08333333333333333;0.008336720356462938;0.35135135135135137;1;0.13532968431689762;0.8;0.0;0;1;0;1
4;0.3333333333333333;0.5000293356613076;0.39475839475839475;0;0.5027498600108764;0.2;0.0;0;0;1;1
3;0.25;0.13686667258327798;0.6109746109746109;1;0.36776055459277823;0.0;0.0;0;1;0;0
4;0.25;0.14266217115145866;0.19328419328419327;1;0.4248120865797521;0.0;0.0;0;1;0;0
4;0.5;0.06954870856340725;0.5176085176085176;1;0.0810280127828101;0.2;1.0;0;1;0;1
4;0.25;0.08804878403580454;0.32186732186732187;1;0.24777447702181848;0.2;0.0;0;1;0;0
4;0.5;0.5700755886916269;0.3488943488943489;1;0.715581132766268;0.6;0.0;0;0;1;1
4;0.16666666666666666;0.10053323906090428;0.4668304668304668;0;0.48455971685279103;0.6;1.0;0;1;0;1
3;0.4166666666666667;0.02742347880859824;0.17280917280917282;0;0.16165223403000448;0.8;1.0;0;1;0;1
1;0.5833333333333334;0.3709892271452441;0.41932841932841936;0;0.6046458356538511;0.4;0.0;0;0;1;1
4;0.4166666666666667;0.08579286839149529;0.3841113841113841;1;0.588680594094931;0.0;1.0;0;1;0;0
3;0.25;0.0022548359349031794;0.43734643734643736;1;0.46995810628409096;0.2;0.0;0;1;0;0
4;0.3333333333333333;0.09470737118349314;0.4037674037674038;0;0.709243113769815;0.6;0.0;0;1;0;1
4;0.16666666666666666;0.008062120831273797;0.7592137592137592;0;0.146648102245969;0.4;0.0;0;0;1;1
1;0.0;0.08337031238676802;0.25225225225225223;1;0.5153348287936653;0.4;0.0;1;0;0;0
1;0.0;0.1940770613305525;0.26945126945126946;1;0.5890282686223622;0.4;1.0;0;0;1;0
3;0.16666666666666666;0.0860588601635701;0.2547092547092547;1;0.38487955012860225;0.8;0.0;0;1;0;1
4;0.4166666666666667;0.051951490413543744;0.26535626535626533;1;0.03794743099777536;0.4;0.0;1;0;0;0
4;0.08333333333333333;0.2382930222869649;0.25225225225225223;0;0.4765460201359283;0.4;1.0;0;1;0;0
2;0.0;0.29205299508921945;0.5511875511875511;1;0.5613945556862898;0.0;0.0;0;1;0;0
3;0.08333333333333333;0.0474338482080601;0.5896805896805897;1;0.14156855856083392;0.2;0.0;0;0;1;0
3;0.3333333333333333;0.07682184118875154;0.2628992628992629;1;0.2674585584003754;0.6;0.0;0;1;0;1
2;0.16666666666666666;0.4527863740745715;0.2203112203112203;0;0.5015512205051463;0.4;0.0;0;1;0;0
4;0.16666666666666666;0.02175415922617193;0.43407043407043405;0;0.37661630997329937;0.2;0.0;0;1;0;1
3;0.3333333333333333;0.03932355848950015;0.26617526617526616;0;0.540857131123451;0.4;0.0;0;1;0;0
4;0.08333333333333333;0.062168400062140666;0.46027846027846026;1;0.5401037433884467;0.0;0.0;0;0;1;0
4;0.16666666666666666;0.011763514340775412;0.38984438984438985;1;0.493017191903461;0.4;0.0;0;1;0;0
4;0.0;0.035259244102597974;0.10810810810810811;0;0.3981781432552616;0.4;0.0;0;1;0;0
3;0.5833333333333334;0.08747267592175746;0.6101556101556102;0;0.5717698390372948;0.4;0.0;0;1;0;1
4;0.4166666666666667;0.028794990017122525;0.6511056511056511;1;0.40224557269842937;0.4;0.0;0;0;1;1
1;0.25;0.12891935152988676;0.25634725634725636;1;0.05306768624914977;0.0;0.0;0;0;1;1
4;0.16666666666666666;0.047464631682712755;0.2932022932022932;1;0.1039345551682952;0.4;0.0;0;1;0;0
4;0.08333333333333333;0.010399083310481174;0.4037674037674038;1;0.430562205195166;0.0;1.0;1;0;0;0
4;0.0;0.16084353596570106;0.41113841113841115;1;0.3295938900601133;0.6;0.0;0;0;1;1
4;0.3333333333333333;0.09317018171873076;0.4643734643734644;0;0.4655610341056409;0.4;0.0;0;1;0;0
4;0.4166666666666667;0.1937828914959791;0.6863226863226863;0;0.20994294411457878;0.0;0.0;0;1;0;0
4;0.3333333333333333;0.04961398800169437;0.3276003276003276;1;0.09458771834640009;0.0;0.0;0;1;0;0
2;0.0;0.0021079235071138885;0.22604422604422605;1;0.38874102258141147;0.4;0.0;0;0;1;0
3;0.5;0.005250544340534726;0.13104013104013104;0;0.7012397024723176;1.0;0.0;0;1;0;1
4;0.0;0.17650522894037937;0.23669123669123668;0;0.10814408422383072;0.0;0.0;0;1;0;0
2;0.16666666666666666;0.05875972742360041;0.35135135135135137;1;0.3678737510677411;0.0;1.0;0;1;0;0
3;0.16666666666666666;0.4167270305203618;0.6502866502866503;0;0.14514501026824086;0.4;0.0;0;0;1;0
3;0.0;0.19729335418139307;0.2719082719082719;1;0.46835342951291137;0.4;1.0;0;1;0;1
0;0.16666666666666666;0.0017389138657838345;0.3931203931203931;0;0.117794857959748;0.6;0.0;0;0;1;1
4;0.16666666666666666;0.22692340556981544;0.3538083538083538;1;0.7676674867745988;0.6;0.0;0;0;1;1
0;0.25;0.026563068492386665;0.5511875511875511;0;0.583100081086078;0.4;0.0;0;1;0;0
3;0.3333333333333333;0.07403978292159548;0.7706797706797707;1;0.6308548544531084;0.2;1.0;0;1;0;0
4;0.08333333333333333;0.07842570260918603;0.26945126945126946;0;0.5370700466487967;0.4;0.0;0;1;0;0
0;0.25;0.006782171686522096;0.27682227682227684;0;0.432104973819521;0.2;0.0;0;0;1;0
4;0.16666666666666666;0.01487281499632632;0.5274365274365275;0;0.1891766108281133;0.0;0.0;0;1;0;0
4;0.4166666666666667;0.06112694333924843;0.46846846846846846;1;0.17497614199822145;0.4;1.0;0;1;0;0
4;0.25;0.11441986164567491;0.6592956592956593;0;0.4447479128118995;0.2;0.0;0;1;0;1
3;0.0;0.034099745257884534;0.4520884520884521;1;0.7195385488141939;0.4;1.0;0;1;0;1
0;0.3333333333333333;0.08309100753149466;0.29811629811629814;1;0.1865291134784539;0.0;0.0;0;0;1;0
4;0.3333333333333333;0.05296515805244058;0.4537264537264537;0;0.2776819983303649;0.8;0.0;0;1;0;1
0;0.3333333333333333;0.11066760667192438;0.538083538083538;1;0.1839337522098854;0.2;0.0;0;0;1;0
4;0.5;0.06139531374913185;0.4914004914004914;0;0.6417933705417952;0.6;0.0;0;1;0;1
4;0.3333333333333333;0.21223595147515895;0.4398034398034398;1;0.23300463048584405;0.2;0.0;0;1;0;0
4;0.3333333333333333;0.4582736211011343;0.5315315315315315;1;0.6257833426208844;0.2;0.0;1;0;0;0
3;0.16666666666666666;0.27169454471028753;0.547911547911548;1;0.12272063635577578;0.2;0.0;0;1;0;0
3;0.25;0.0204758948881095;0.5831285831285832;1;0.552864500062597;0.6;0.0;0;0;1;1
4;0.4166666666666667;0.06791180854111924;0.46273546273546273;0;0.24557552701468305;0.4;0.0;0;1;0;0
4;0.3333333333333333;0.06824849200605278;0.32923832923832924;1;0.44603601436183743;0.2;0.0;0;1;0;0
3;0.25;0.2041616886218292;0.3808353808353808;0;0.24643391876707196;0.2;0.0;0;1;0;0
4;0.16666666666666666;0.04910004471194805;0.5544635544635544;0;0.7027581131848852;0.0;0.0;1;0;0;1
4;0.08333333333333333;0.08867986657890299;0.22276822276822278;0;0.08183481845695034;0.4;0.0;1;0;0;0
4;0.25;0.1044952006728805;0.4168714168714169;1;0.1779943705780892;0.2;0.0;0;1;0;0
1;0.0;0.013087153155069446;0.29238329238329236;1;0.16115457435016728;0.0;0.0;0;1;0;0
3;0.4166666666666667;0.09076436050194656;0.36117936117936117;1;0.3067192032033687;0.4;0.0;0;1;0;0
0;0.5;0.031472468086049685;0.5659295659295659;1;0.7488364447096245;0.2;0.0;0;1;0;1
4;0.16666666666666666;0.025683171903841288;0.3882063882063882;1;0.6144534054956658;0.4;0.0;0;0;1;0
3;0.0;0.0319868978325818;0.36445536445536447;1;0.2017215967863686;0.4;0.0;0;1;0;0
4;0.16666666666666666;0.01157355578402733;0.13431613431613432;1;0.10836310695649723;0.2;1.0;1;0;0;0
4;0.4166666666666667;0.00797293530183628;0.47911547911547914;1;0.17052038119226082;0.0;0.0;0;1;0;0
4;0.3333333333333333;0.11574957798969411;0.46273546273546273;1;0.010153261636335582;0.4;0.0;0;0;1;0
4;0.5;0.31480134348494043;0.7108927108927109;1;0.05612231122904548;0.4;0.0;0;1;0;1
4;0.16666666666666666;0.12952916037961426;0.3063063063063063;0;0.5481870822179268;0.8;0.0;0;1;0;1
2;0.08333333333333333;0.04151735028397472;0.3923013923013923;0;0.2372343306501011;0.4;0.0;1;0;0;0
4;0.0;0.045331784828471486;0.3972153972153972;0;0.21210464030275403;0.4;0.0;0;1;0;0
3;0.25;0.08666926767777751;0.6150696150696151;1;0.532793502182559;0.6;1.0;0;0;1;1
1;0.5;0.22381930290444166;0.3407043407043407;1;0.2818989623549599;0.2;0.0;1;0;0;1
4;0.25;0.025102350652020197;0.4021294021294021;1;0.5410167985293812;0.2;0.0;0;1;0;0
4;0.25;0.07025957436991713;0.4561834561834562;1;0.34281087305940783;0.2;0.0;0;1;0;1
2;0.16666666666666666;0.0768209392530674;0.38738738738738737;1;0.034334776931847395;0.2;0.0;0;1;0;0
3;0.25;0.29778136972744956;0.2833742833742834;1;0.046486559915804984;0.2;0.0;0;1;0;0
2;0.4166666666666667;0.08540603804802514;0.3882063882063882;1;0.8164381409994353;0.6;0.0;0;1;0;1
4;0.25;0.1688385177297185;0.5323505323505323;1;0.13079162869038602;0.0;0.0;0;1;0;0
3;0.25;0.0101556246433195;0.18837018837018837;1;0.21799388920168275;0.4;0.0;0;1;0;1
3;0.0;0.04398079320313146;0.3783783783783784;0;0.42048436282027357;0.4;0.0;0;1;0;0
4;0.3333333333333333;0.10510756703392016;0.2416052416052416;0;0.4828593290154567;0.2;0.0;0;1;0;0
4;0.25;0.12589395186016683;0.5528255528255528;1;0.18459230891199932;0.4;0.0;0;1;0;0
0;0.16666666666666666;0.24078743647174378;0.10728910728910729;1;0.4372577647731176;0.6;1.0;0;1;0;1
4;0.08333333333333333;0.09925124342051406;0.26535626535626533;0;0.4002540015364203;0.6;1.0;0;1;0;1
3;0.25;0.03797251066473327;0.41850941850941853;0;0.461810723478398;0.2;0.0;0;1;0;0
4;0.25;0.08611409751140901;0.6134316134316135;0;0.1821905041867159;0.2;0.0;0;1;0;0
2;0.16666666666666666;0.13825400215203024;0.34561834561834565;1;0.7374380829454019;0.4;0.0;0;1;0;1
4;0.4166666666666667;0.17062301119688825;0.26535626535626533;1;0.2616351075216249;0.6;0.0;0;1;0;1
4;0.4166666666666667;0.3218147607719003;0.665028665028665;0;0.28835174834601507;0.4;0.0;0;0;1;0
2;0.5;0.02348025761893867;0.11957411957411958;1;0.14031902863122167;0.4;0.0;0;1;0;1
2;0.08333333333333333;0.12027645310948853;0.0;1;0.473081829033153;0.2;0.0;0;1;0;0
3;0.0;0.024801992978883337;0.42915642915642915;0;0.14886296336826407;0.2;0.0;1;0;0;0
4;0.3333333333333333;0.04249448269553409;0.27436527436527436;1;0.20526264955700094;0.2;0.0;0;0;1;1
4;0.3333333333333333;0.017070364524973583;0.1891891891891892;0;0.6584427801242942;0.2;0.0;0;1;0;1
2;0.16666666666666666;0.16491515123464215;0.4725634725634726;0;0.5498301322724733;0.2;0.0;0;1;0;0
4;0.08333333333333333;0.2729139558025812;0.3963963963963964;1;0.1832624625789571;0.2;0.0;0;1;0;0
3;0.3333333333333333;0.0033114054628206983;0.26453726453726456;0;0.09670342387045511;0.4;1.0;0;1;0;0
0;0.4166666666666667;0.18678912822621155;0.1466011466011466;0;0.3739852382707356;0.2;0.0;1;0;0;0
4;0.25;0.03072360181955649;0.4995904995904996;1;0.5877086634106063;0.0;0.0;0;1;0;0
4;0.16666666666666666;0.07419242406470829;0.46355446355446356;1;0.23827362425530862;0.0;1.0;0;0;1;0
2;0.16666666666666666;0.15338993017603655;0.3407043407043407;1;0.3732730173998345;0.2;0.0;0;1;0;0
3;0.25;0.07859095907154688;0.6592956592956593;1;0.1244815797695207;0.2;0.0;1;0;0;0
4;0.5;0.029192574308130544;0.180999180999181;1;0.08419603150266447;0.6;0.0;0;1;0;1
3;0.5;0.26321394068644727;0.10647010647010648;1;0.36723694800966106;0.4;1.0;0;1;0;1
0;0.25;0.1001127302262166;0.24324324324324326;1;0.8040002835028319;0.4;0.0;0;1;0;1
1;0.25;0.2978330886588265;0.3488943488943489;0;0.12028121783720062;0.0;0.0;0;1;0;1
4;0.25;0.2085539920792098;0.3963963963963964;1;0.6060473769813215;0.0;0.0;0;1;0;0
3;0.5;0.23272660777831133;0.31695331695331697;0;0.4527566750290961;0.0;1.0;0;0;1;1
1;0.25;0.04988579245230774;0.4144144144144144;1;0.38822289977888935;0.4;0.0;0;1;0;1
4;0.16666666666666666;0.4858732509620166;0.15151515151515152;1;0.18174582574897005;0.4;0.0;0;0;1;0
4;0.3333333333333333;0.21280840403381307;0.592956592956593;1;0.46268833210373295;0.2;0.0;0;1;0;0
4;0.08333333333333333;0.04576104549415977;0.34316134316134317;1;0.4781401128671294;0.0;0.0;0;1;0;0
4;0.25;0.25221420640098496;0.5397215397215397;1;0.11914533758943778;0.2;0.0;1;0;0;0
2;0.0;0.15656067907465923;0.41277641277641275;1;0.2972699049938551;0.2;0.0;0;1;0;0
4;0.25;0.14363025678843538;0.43161343161343163;0;0.3991448132731203;0.0;1.0;0;1;0;0
4;0.3333333333333333;0.0006253547723276567;0.44963144963144963;1;0.22460398667906592;0.2;0.0;0;1;0;0
3;0.5;0.0024702980112997776;0.42997542997543;1;0.5576977281024572;0.6;0.0;0;1;0;1
4;0.08333333333333333;0.1319784477129193;0.4619164619164619;0;0.23394746462722332;0.6;0.0;0;0;1;1
4;0.08333333333333333;0.03627896685698791;0.5741195741195741;0;0.5706219310648917;0.2;0.0;0;1;0;0
4;0.08333333333333333;0.006639923545654534;0.389025389025389;1;0.3031964553475302;0.2;0.0;0;1;0;0
0;0.3333333333333333;0.0374057097620097;0.4725634725634726;0;0.4596305656691038;0.2;0.0;0;0;1;0
4;0.3333333333333333;0.20239249727398392;0.34234234234234234;0;0.4765220649932877;0.4;0.0;0;1;0;0
3;0.4166666666666667;0.07070017237246738;0.592956592956593;1;0.16059440883617077;0.2;0.0;0;1;0;0
4;0.25;0.10630397423804668;0.2457002457002457;1;0.7697322145596804;0.4;0.0;1;0;0;1
4;0.16666666666666666;0.17928982906408023;0.6519246519246519;1;0.23741202785136234;0.0;0.0;0;1;0;0
1;0.25;0.04339562060966008;0.3497133497133497;1;0.3279542634838023;0.4;0.0;0;0;1;1
3;0.08333333333333333;0.0011775964359758075;0.12203112203112203;0;0.09350059115369944;0.2;0.0;0;1;0;1
4;0.25;0.043386841912328104;0.3775593775593776;1;0.08051888644459293;0.4;1.0;0;0;1;0
4;0.4166666666666667;0.3492100962541011;0.24488124488124488;0;0.37363589358318516;0.6;0.0;0;0;1;1
3;0.25;0.07318110860761384;0.49467649467649466;0;0.46096106141367904;0.6;0.0;0;1;0;1
4;0.16666666666666666;0.09378696785640302;0.2497952497952498;0;0.25234742316627284;0.4;0.0;0;1;0;0
4;0.16666666666666666;0.15892109809220575;0.2833742833742834;1;0.05981751042815716;0.2;0.0;0;1;0;0
4;0.16666666666666666;0.013515346798052219;0.0475020475020475;1;0.15355469807220265;0.6;0.0;0;0;1;1
3;0.25;0.14725041587218013;0.28255528255528256;0;0.26381349127286646;0.2;1.0;0;1;0;1
4;0.0;0.03926035431986746;0.0;1;0.5659595186396483;0.2;0.0;0;1;0;0
3;0.16666666666666666;0.05459463352081444;0.09746109746109746;0;0.21048982187960294;0.0;0.0;0;1;0;0
4;0.16666666666666666;0.03486974918577629;0.48157248157248156;1;0.5530679233586928;0.6;0.0;1;0;0;1
2;0.4166666666666667;0.01847859513619973;0.4856674856674857;1;0.20843195668275408;0.6;0.0;0;1;0;1
4;0.4166666666666667;0.04984198337195959;0.4266994266994267;0;0.6048415546591304;0.6;0.0;0;1;0;1
4;0.25;0.010992817166669713;0.1981981981981982;1;0.29349960859201024;0.2;0.0;0;1;0;0
4;0.3333333333333333;0.20721026235436216;0.3488943488943489;1;0.4284367269870995;0.6;1.0;0;1;0;1
4;0.4166666666666667;0.04056595094701422;0.35626535626535627;1;0.6127388521655381;0.4;0.0;0;1;0;0
4;0.0;0.11789729997477226;0.16707616707616707;0;0.1584607023480029;0.2;0.0;0;1;0;0
1;0.25;0.039092704694885794;0.6027846027846028;0;0.32904217495412863;0.4;1.0;0;0;1;1
2;0.16666666666666666;0.026257853774197783;0.5004095004095004;1;0.4468543310359052;0.2;0.0;1;0;0;0
4;0.08333333333333333;0.13907749298364475;0.3202293202293202;0;0.22619077207858956;0.4;0.0;0;1;0;0
3;0.5833333333333334;0.10876950783175696;0.36117936117936117;0;0.7097197477933761;0.6;0.0;0;1;0;1
4;0.08333333333333333;0.02730608174134369;0.3906633906633907;1;0.3895302426221989;0.4;0.0;0;1;0;1
4;0.0;0.10530035746945215;0.022113022113022112;1;0.6177198942021539;0.6;0.0;0;1;0;1
2;0.0;0.0004883776129680633;0.31613431613431614;1;0.3828841918180023;0.4;0.0;0;1;0;0
2;0.08333333333333333;0.021593683939912286;0.24488124488124488;1;0.13894954036145507;0.2;0.0;0;1;0;0
0;0.08333333333333333;0.14469470104544743;0.19246519246519248;0;0.18888890192551208;0.4;1.0;0;1;0;0
4;0.25;0.05866715395441218;0.3104013104013104;1;0.12290932267251303;0.4;1.0;0;0;1;0
2;0.4166666666666667;0.025264910532364404;0.6511056511056511;1;0.4110785587665296;0.2;0.0;0;0;1;0
2;0.4166666666666667;0.07837953371286362;0.4619164619164619;0;0.3611126532103025;0.4;0.0;0;1;0;0
4;0.5833333333333334;0.06957202753707335;0.2628992628992629;1;0.3065634285505873;0.0;0.0;0;1;0;1
4;0.5833333333333334;0.11174831186157845;0.45045045045045046;0;0.37937055403399145;0.2;0.0;0;0;1;1
4;0.4166666666666667;0.00830930961919377;0.5855855855855856;1;0.5524002526621126;0.2;0.0;1;0;0;0
4;0.16666666666666666;0.19033017192126236;0.5077805077805078;1;0.40756326110115454;0.8;0.0;0;1;0;1
3;0.4166666666666667;0.00661137790020502;0.36609336609336607;1;0.008454175239901829;0.2;0.0;0;1;0;1
4;0.3333333333333333;0.06723286030458216;0.25061425061425063;1;0.15922104325069197;0.6;0.0;0;1;0;1
3;0.25;0.137847051632041;0.47092547092547093;1;0.200515176330957;0.6;0.0;0;1;0;1
3;0.4166666666666667;0.04697779335512351;0.42096642096642095;1;0.04084829220657136;0.2;0.0;0;1;0;0
3;0.3333333333333333;0.2680027356115355;0.5036855036855037;1;0.3865476328510735;0.0;0.0;0;1;0;0
4;0.16666666666666666;0.15653295792396427;0.4610974610974611;1;0.27731960699141694;0.4;0.0;0;1;0;1
4;0.25;0.061707141799435504;0.5282555282555282;0;0.2867314498708996;0.0;0.0;0;1;0;0
4;0.16666666666666666;0.02253198662016057;0.26863226863226863;0;0.46524696831950335;0.4;0.0;0;1;0;0
4;0.08333333333333333;0.004871908627567353;0.5724815724815725;1;0.14845835138589142;0.2;0.0;1;0;0;0
3;0.5833333333333334;0.17993809307249253;0.389025389025389;0;0.5221668249970675;0.0;0.0;0;1;0;1
3;0.25;0.023965516412488744;0.696969696969697;0;0.6281142078371995;0.0;0.0;0;1;0;0
3;0.08333333333333333;0.034897825856449675;0.24406224406224405;1;0.2154638664788572;0.4;0.0;0;1;0;0
4;0.08333333333333333;0.0010912646269942974;0.6412776412776413;1;0.6715578255252386;0.4;0.0;0;1;0;1
1;0.16666666666666666;0.0019772247541041074;0.389025389025389;1;0.882294519385251;0.6;0.0;0;1;0;1
4;0.08333333333333333;0.029072294839910286;0.2497952497952498;1;0.48175767413118376;0.4;0.0;0;1;0;0
4;0.3333333333333333;0.22942298729378946;0.27764127764127766;0;0.29956676960979606;0.2;0.0;0;1;0;0
3;0.25;0.16882043097709704;0.30384930384930386;1;0.2619862154750699;0.4;0.0;0;1;0;1
4;0.3333333333333333;0.16339599035992325;0.4258804258804259;1;0.27839128887494774;0.4;0.0;0;1;0;0
2;0.25;0.19516728881320566;0.44226044226044225;0;0.1548919814263802;0.4;0.0;0;0;1;0
3;0.08333333333333333;0.02291260689879585;0.2628992628992629;0;0.7307918589806786;0.2;0.0;0;1;0;1
2;0.25;0.43012847329091697;0.35298935298935297;1;0.2561062216075667;0.4;0.0;0;1;0;0
4;0.3333333333333333;0.02932910734915555;0.7076167076167076;1;0.1758186268202413;0.2;0.0;0;1;0;0
4;0.0;0.01800432048909276;0.6396396396396397;0;0.38546342556669383;0.2;0.0;0;1;0;1
4;0.3333333333333333;0.03876871722197234;0.4283374283374283;0;0.49046156661460794;0.4;0.0;0;1;0;0
2;0.25;0.08404716902140066;0.3628173628173628;0;0.2975788660694622;0.4;1.0;0;1;0;0
4;0.3333333333333333;0.014715757155604116;0.37674037674037675;1;0.49999748474722294;0.2;0.0;1;0;0;1
4;0.08333333333333333;0.149227150280697;0.457002457002457;1;0.3504876876667503;0.0;0.0;0;0;1;0
4;0.3333333333333333;0.051609865940687914;0.1891891891891892;1;0.4282208867957838;0.6;0.0;0;1;0;1
2;0.25;0.09342775483959585;0.3144963144963145;1;0.24214922403285066;0.4;0.0;0;0;1;0
2;0.0;0.14737596969602082;0.08353808353808354;1;0.11507786818807285;0.6;0.0;0;1;0;1
4;0.25;0.2582602476712631;0.4217854217854218;0;0.5467189206287848;0.2;1.0;1;0;0;0
4;0.25;0.19032853122742915;0.46273546273546273;0;0.6013417349440429;0.8;1.0;0;1;0;1
4;0.75;0.08572211884490072;0.27764127764127766;0;0.1790914740768174;0.2;0.0;0;1;0;1
4;0.3333333333333333;0.5262168714385855;0.6142506142506142;1;0.6636393789133557;0.6;0.0;0;1;0;1
4;0.16666666666666666;0.0838780662374925;0.15561015561015562;1;0.5382785650494533;0.4;0.0;0;1;0;0
4;0.16666666666666666;0.08536269553162225;0.11711711711711711;1;0.8458127758473656;0.2;0.0;0;0;1;1
3;0.08333333333333333;0.01913021579161799;0.3931203931203931;1;0.22606687007765233;0.2;0.0;0;0;1;0
4;0.4166666666666667;0.017846143433809296;0.5282555282555282;0;0.21299836493528798;0.4;0.0;0;1;0;0
2;0.16666666666666666;0.020488862740808963;0.6322686322686323;0;0.25950897403107354;0.4;0.0;0;0;1;0
3;0.08333333333333333;0.09963157534423503;0.28173628173628174;1;0.5667461996871707;0.4;0.0;0;0;1;0
4;0.0;0.05961840075520522;0.5331695331695332;0;0.20554135516719574;0.6;0.0;0;1;0;1
3;0.25;0.054181314110477635;0.35053235053235055;1;0.38250024700241214;0.4;0.0;0;1;0;0
4;0.4166666666666667;0.01511393317670515;0.3284193284193284;0;0.3077148126210159;0.0;0.0;0;1;0;0
3;0.3333333333333333;0.05331604320979904;0.5012285012285013;1;0.40122989729153763;0.0;0.0;0;1;0;0
4;0.3333333333333333;0.05276005705043504;0.46355446355446356;0;0.2576099907957589;0.4;1.0;0;1;0;0
4;0.3333333333333333;0.10782964677116906;0.09828009828009827;1;0.11044598632465594;0.2;0.0;0;1;0;0
2;0.0;0.054639780314767177;0.5986895986895987;1;0.3395924639752403;0.8;1.0;0;1;0;1
4;0.25;0.06030354567550714;0.5831285831285832;1;0.9552236330844587;0.4;0.0;0;1;0;1
2;0.16666666666666666;0.035335754452784626;0.2538902538902539;1;0.7195564492490734;0.2;0.0;0;0;1;1
2;0.4166666666666667;0.015618281153533352;0.4217854217854218;1;0.6690721812048398;0.6;0.0;0;1;0;1
4;0.08333333333333333;0.039618451495503255;0.43734643734643736;1;0.32957834219354654;0.0;0.0;0;1;0;0
3;0.25;0.004793586652518204;0.39967239967239965;0;0.7651244637627125;0.2;0.0;0;1;0;1
4;0.3333333333333333;0.025276239680541435;0.26617526617526616;1;0.15666239259646378;0.0;0.0;0;1;0;0
3;0.5;0.04365541390197454;0.24651924651924653;1;0.1396695114418529;0.6;1.0;0;1;0;1
2;0.16666666666666666;0.017445045153255897;0.3521703521703522;1;0.49313328475248247;0.0;0.0;0;1;0;0
2;0.4166666666666667;0.12160506866162059;0.5487305487305487;0;0.3933690201297697;0.4;0.0;0;1;0;0
3;0.16666666666666666;0.036600512091040684;0.44553644553644556;0;0.5896481873985201;0.6;0.0;0;1;0;1
4;0.25;0.10628901547681886;0.29565929565929566;1;0.25795594817295087;0.2;0.0;0;1;0;0
1;0.3333333333333333;0.11481432606699807;0.4832104832104832;0;0.5457837924752411;0.4;0.0;0;1;0;1
1;0.25;0.06590293094922167;0.0;0;0.14615220940100282;0.0;0.0;0;1;0;1
4;0.16666666666666666;0.0662695520818696;0.5446355446355446;1;0.6972373351318364;0.0;0.0;0;1;0;1
4;0.16666666666666666;0.09684324420024525;0.07207207207207207;1;0.1756138148598618;0.6;1.0;0;1;0;1
1;0.3333333333333333;0.03380356756867869;0.2972972972972973;1;0.6045848236097643;0.2;1.0;0;1;0;1
1;0.5;0.0023197999632317778;0.17362817362817362;0;0.5257615913563707;0.2;0.0;0;0;1;1
0;0.16666666666666666;0.11517077043876119;0.14496314496314497;1;0.28036634701048463;0.6;1.0;0;1;0;1
4;0.4166666666666667;0.10428079590372767;0.5470925470925471;1;0.22144112769210825;0.2;0.0;0;0;1;0
3;0.16666666666666666;0.07191941824777165;0.2800982800982801;1;0.26628203672180106;0.2;0.0;0;0;1;0
4;0.5;0.23198792951587774;0.4135954135954136;0;0.5033932451206505;0.2;0.0;0;1;0;1
4;0.16666666666666666;0.07899115412121926;0.3488943488943489;1;0.7544785823118036;0.4;0.0;0;1;0;1
1;0.3333333333333333;0.04017360077530557;0.4348894348894349;0;0.23822523155913283;0.8;0.0;0;1;0;1
2;1.0;0.13902906902778617;0.36936936936936937;1;0.565551886230443;0.0;0.0;0;1;0;1
4;0.16666666666666666;0.3649812557471321;0.1466011466011466;1;0.6449256999491073;0.4;0.0;0;1;0;0
4;0.5833333333333334;0.14848799517489644;0.5200655200655201;0;0.4716260916264853;0.4;0.0;0;1;0;1
4;0.3333333333333333;0.26644077475542827;0.276003276003276;1;0.5114246665955628;0.4;0.0;0;1;0;0
4;0.16666666666666666;0.013236718836938085;0.10155610155610155;1;0.6019831843833411;0.4;0.0;0;1;0;0
4;0.5;0.014278915813871173;0.28665028665028663;1;0.16447694015634035;0.4;0.0;0;0;1;1
4;0.25;0.018618041630404356;0.6027846027846028;0;0.1898649845169189;0.4;0.0;0;1;0;0
4;0.3333333333333333;0.13495703275384416;0.4963144963144963;0;0.20487845011827277;0.2;0.0;0;0;1;0
0;0.5;0.054876061876330845;0.29975429975429974;0;0.666199225662355;0.0;1.0;1;0;0;1
4;0.4166666666666667;0.07220241221071651;0.29975429975429974;1;0.4474988076198115;0.2;0.0;1;0;0;0
2;0.25;0.03372269918010933;0.30384930384930386;1;0.4158741386681747;0.6;0.0;0;0;1;1
4;0.16666666666666666;0.1481615579260429;0.696969696969697;0;0.45372741829335533;0.4;0.0;0;1;0;0
3;0.4166666666666667;0.20761955029333126;0.41932841932841936;0;0.2866110117938667;0.2;0.0;0;1;0;0
3;0.25;0.019358659334662905;0.4275184275184275;0;0.6344583906842183;0.0;1.0;0;1;0;1
0;0.08333333333333333;0.02375303545650854;0.5257985257985258;1;0.1427133809417421;0.6;0.0;0;1;0;1
4;0.08333333333333333;0.046062768568239855;0.3955773955773956;0;0.25745411648339617;0.2;0.0;0;0;1;0
2;0.3333333333333333;0.03650797156424939;0.3144963144963145;1;0.7274617359169765;0.4;0.0;1;0;0;1
2;0.0;0.08430416060796019;0.32432432432432434;1;0.3305934918771966;0.4;0.0;0;1;0;0
4;0.3333333333333333;0.1553335992114792;0.3447993447993448;1;0.16664181666990918;0.0;0.0;0;1;0;0
4;0.25;0.1753277528443149;0.35053235053235055;1;0.6590577773037216;0.2;0.0;0;1;0;1
4;0.0;0.025940509714444355;0.47583947583947583;1;0.6330546454003784;0.6;1.0;0;1;0;1
4;0.25;0.021413663908276606;0.3652743652743653;1;0.6029712253775137;0.8;0.0;0;1;0;1
4;0.0;0.050231755227043755;0.47665847665847666;1;0.315210575026121;0.2;0.0;0;1;0;0
3;0.08333333333333333;0.017715961530493436;0.34316134316134317;1;0.10762124818943809;0.2;0.0;0;0;1;0
4;0.25;0.010644101647341456;0.36936936936936937;1;0.15825386191338645;0.2;1.0;0;1;0;0
4;0.16666666666666666;0.030844903114825628;0.029484029484029485;1;0.21001037646056536;0.0;0.0;0;0;1;0
0;0.3333333333333333;0.05565118419312337;0.506961506961507;1;0.3085292121253564;0.8;0.0;0;1;0;1
3;0.08333333333333333;0.09855198614052048;0.4135954135954136;1;0.3308467384993058;0.2;0.0;0;0;1;0
4;0.16666666666666666;0.14288055933202806;0.5200655200655201;1;0.3590660714024948;0.2;1.0;0;1;0;0
3;0.16666666666666666;0.027977873283625814;0.0;1;0.8827313164997524;0.6;1.0;0;0;1;1
4;0.25;0.18990855254776012;0.6986076986076986;0;0.12964632511534127;0.4;0.0;0;1;0;0
4;0.08333333333333333;0.0037414387084371025;0.33415233415233414;0;0.09268002604094357;0.2;0.0;0;1;0;0
4;0.16666666666666666;0.06525212882314474;0.538083538083538;0;0.533144584240239;0.0;1.0;0;1;0;0
4;0.08333333333333333;0.11148729299834079;0.18673218673218672;0;0.09165483229757397;0.0;0.0;0;0;1;0
3;0.25;0.03823670297162154;0.457002457002457;1;0.31285191902113;0.2;0.0;0;1;0;0
3;0.08333333333333333;0.12800344203144284;0.18427518427518427;0;0.4753436096270606;0.2;0.0;0;1;0;0
1;0.25;0.22444656937109642;0.2547092547092547;0;0.10246784791302996;0.2;0.0;0;1;0;1
3;0.6666666666666666;0.010346699834080722;0.6699426699426699;1;0.5754028527900046;0.0;0.0;0;1;0;1
4;0.6666666666666666;0.07988591958724305;0.32514332514332517;1;0.15305622182377185;0.0;0.0;0;0;1;1
2;0.0;0.002038851706950952;0.3923013923013923;1;0.17924892178857565;0.4;0.0;0;1;0;0
4;0.0;0.036416453860852294;0.4995904995904996;1;0.33992462338843743;0.0;0.0;0;1;0;0
4;0.0;0.016316949777227665;0.4381654381654382;0;0.4675420563966654;0.4;0.0;1;0;0;1
3;0.3333333333333333;0.10884978746141415;0.38165438165438165;0;0.41516683915994246;0.0;0.0;0;0;1;1
4;0.4166666666666667;0.03174495437118685;0.41605241605241605;1;0.2929988775891223;0.4;0.0;0;0;1;0
4;0.3333333333333333;0.036853450142146346;0.7502047502047502;0;0.48447835287319174;0.2;0.0;0;1;0;1
4;0.08333333333333333;0.02554489465331057;0.34725634725634724;0;0.34415117805001744;0.2;0.0;0;1;0;1
4;0.3333333333333333;0.031024409472832918;0.38984438984438985;1;0.4878522773285012;0.2;0.0;0;1;0;0
4;0.25;0.028307458928737195;0.5290745290745291;1;0.581356262552378;0.2;0.0;0;0;1;1
1;0.3333333333333333;0.13310655874051064;0.538083538083538;1;0.4515235701722746;0.4;0.0;0;1;0;1
2;0.08333333333333333;0.3470027884214107;0.5511875511875511;0;0.1624697667585434;0.4;0.0;0;1;0;0
4;0.08333333333333333;0.0749021999969712;0.4610974610974611;0;0.31049108046044127;0.4;0.0;0;1;0;0
1;0.0;0.10199159200887027;0.16953316953316952;1;0.33996783915158935;0.2;0.0;0;1;0;0
4;0.5;0.18956689942986907;0.6240786240786241;1;0.17953754539364675;0.2;0.0;0;0;1;1
2;0.16666666666666666;0.07186101469283677;0.16871416871416872;1;0.3932579737101462;0.0;1.0;0;1;0;0
1;0.0;0.039938967317761406;0.4062244062244062;1;0.3066483488025166;0.4;0.0;0;1;0;0
2;0.4166666666666667;0.335448285079469;0.2334152334152334;1;0.1264085372648481;0.4;0.0;0;0;1;0
2;0.25;0.2632030930338586;0.3464373464373464;1;0.1300575543331489;0.4;0.0;0;1;0;1
1;0.4166666666666667;0.02762741835378406;0.4103194103194103;1;0.3555773941109075;0.0;0.0;0;1;0;1
4;0.0;0.1350401964931352;0.4095004095004095;1;0.5349294239851894;0.2;1.0;1;0;0;0
2;0.3333333333333333;0.11583568231953344;0.4258804258804259;1;0.33931843269858564;0.6;1.0;1;0;0;1
4;0.25;0.11662468836327586;0.6208026208026208;1;0.5254583733423054;0.2;0.0;0;1;0;0
3;0.08333333333333333;0.1974867233988459;0.4307944307944308;0;0.35459304384796037;0.0;0.0;0;1;0;0
4;0.16666666666666666;0.12468136192353556;0.31695331695331697;0;0.23585789250376862;0.2;0.0;0;1;0;0
4;0.3333333333333333;0.0811354736889429;0.5143325143325144;1;0.012423759668405945;0.0;1.0;0;0;1;0
4;0.16666666666666666;0.2081372957975063;0.5511875511875511;1;0.21182506786799757;0.0;0.0;0;0;1;0
2;0.25;0.03416390286609756;0.15561015561015562;0;0.34487985766520546;0.2;0.0;0;1;0;0
3;0.16666666666666666;0.12644328226827398;0.45454545454545453;0;0.4150078852794962;0.2;1.0;0;1;0;0
4;0.75;0.13445857023117763;0.47174447174447176;1;0.11745770121098496;0.4;0.0;0;1;0;1
2;0.08333333333333333;0.22721475822083848;0.30794430794430794;0;0.4595890036910486;0.0;0.0;0;1;0;0
3;0.08333333333333333;0.7099972276775454;0.5823095823095823;1;0.3191191633437719;0.8;1.0;0;1;0;1
4;0.4166666666666667;0.09066124653815484;0.3316953316953317;1;0.41163736149581376;0.0;1.0;0;0;1;1
4;0.16666666666666666;0.07363960444363345;0.3775593775593776;0;0.4716003095870377;0.4;0.0;0;1;0;0
4;0.16666666666666666;0.10207388287727516;0.3284193284193284;1;0.028244404437050397;0.0;0.0;0;1;0;0
4;0.4166666666666667;0.11953479189464054;0.3595413595413595;1;0.5874510859568562;0.2;0.0;0;1;0;0
3;0.0;0.13881633401095342;0.1769041769041769;0;0.6157858582058063;0.6;0.0;0;1;0;1
4;0.3333333333333333;0.03667100651100242;0.12039312039312039;0;0.4179408696224865;0.2;0.0;0;1;0;1
4;0.0;0.07420612747129583;0.6175266175266175;1;0.5447865755610273;0.2;0.0;0;1;0;0
2;0.6666666666666666;0.0515026097201133;0.21785421785421785;0;0.230078224247685;0.4;0.0;0;1;0;1
0;0.16666666666666666;0.0043305216424553;0.1941031941031941;0;0.3387680804784137;0.4;0.0;0;1;0;0
4;0.4166666666666667;0.10456483075842833;0.004095004095004095;0;0.2978776158448741;0.6;1.0;0;1;0;1
0;0.0;0.23113935626529064;0.25225225225225223;0;0.23837418948196232;0.6;0.0;0;0;1;1
4;0.16666666666666666;0.2830288849781959;0.14004914004914004;0;0.6274756537540916;0.4;0.0;0;1;0;1
4;0.3333333333333333;0.08100161912813686;0.6257166257166257;1;0.20831307291919096;0.0;0.0;0;1;0;0
3;0.16666666666666666;0.16148403686950294;0.5217035217035217;1;0.5508754144445166;0.2;0.0;0;0;1;0
3;0.3333333333333333;0.13859500714167108;0.24406224406224405;1;0.2906957782716011;0.2;1.0;0;1;0;0
1;0.3333333333333333;0.028852681559259238;0.7256347256347256;1;0.15136313369967508;0.2;0.0;1;0;0;1
2;0.4166666666666667;0.007160221970684884;0.5176085176085176;0;0.03886886473875295;0.0;0.0;0;1;0;0
4;0.4166666666666667;0.15322972766621865;0.30384930384930386;0;0.1977394685027556;0.0;0.0;0;0;1;1
4;0.3333333333333333;0.0368993899737077;0.0;1;0.42441743187874664;0.2;0.0;1;0;0;0
3;0.08333333333333333;0.08862567403357956;0.7321867321867321;0;0.10539262678231465;0.4;0.0;0;0;1;0
2;0.25;0.08254339914056334;0.1294021294021294;0;0.3665904745231774;0.0;0.0;0;1;0;0
2;0.08333333333333333;0.18942492654569243;0.08681408681408681;1;0.6008967360806191;0.6;1.0;0;1;0;1
3;0.3333333333333333;0.11505205568055497;0.5241605241605242;1;0.37732659545330915;0.6;0.0;0;1;0;1
2;0.16666666666666666;0.20892170264918333;0.7559377559377559;0;0.21931855975967665;0.4;0.0;0;1;0;0
4;0.16666666666666666;0.15517935270299701;0.5831285831285832;1;0.6920608940442359;0.0;0.0;0;0;1;1
4;0.16666666666666666;0.9665652127194686;0.4488124488124488;0;0.3287494543916363;0.8;0.0;0;1;0;1
3;0.5;0.2218176751376195;0.4537264537264537;1;0.5834314849229195;0.4;0.0;0;1;0;1
4;0.5;0.02631038592034296;0.4963144963144963;1;0.6906960280539464;0.4;0.0;0;1;0;1
4;0.25;0.3620183311451091;0.48075348075348073;0;0.4533617215926658;0.2;1.0;0;1;0;1
3;0.0;0.04618639059656423;0.40294840294840295;1;0.1427270263387803;0.0;0.0;0;0;1;0
4;0.3333333333333333;0.1040861689601182;0.37346437346437344;1;0.24683609914605673;0.4;1.0;0;0;1;0
4;0.4166666666666667;0.3155045946439671;0.3464373464373464;0;0.4502976316448635;0.2;0.0;0;1;0;0
2;0.08333333333333333;0.026746859322285738;0.2334152334152334;0;0.3384023654800064;0.0;0.0;0;1;0;0
0;0.16666666666666666;0.21656830712494743;0.3104013104013104;1;0.24281889503781304;0.0;0.0;0;1;0;0
4;0.25;0.3405041173562424;0.07944307944307945;1;0.42278726968407765;0.2;0.0;0;1;0;1
4;0.0;0.21383506139071404;0.3407043407043407;0;0.11025755949691296;0.6;0.0;1;0;0;1
2;0.08333333333333333;0.19022040544034668;0.19492219492219492;1;0.37119519791757183;0.2;1.0;0;0;1;1
2;0.25;0.034129607125236494;0.1760851760851761;1;0.3342525157520662;0.6;0.0;0;1;0;1
2;0.3333333333333333;0.058093105065817;0.3857493857493858;1;0.6795901430905478;0.2;0.0;0;1;0;1
4;0.08333333333333333;0.15887683320764437;0.5847665847665847;0;0.6035728336944095;0.8;0.0;0;1;0;1
4;0.08333333333333333;0.013922410835043893;0.506961506961507;0;0.6583813808562261;0.6;0.0;0;1;0;1
3;0.16666666666666666;0.24389385090196466;0.0990990990990991;0;0.37461868990512515;0.4;0.0;0;1;0;0
4;0.08333333333333333;0.026194847365225114;0.19492219492219492;1;0.41174396816715925;0.4;0.0;0;1;0;0
2;0.25;0.0925009621304399;0.5110565110565111;1;0.22619510170227772;0.0;0.0;0;1;0;0
3;0.16666666666666666;0.012280912936145676;0.19574119574119575;0;0.44563377678443467;0.2;0.0;0;1;0;0
4;0.08333333333333333;0.022718032509270132;0.3202293202293202;1;0.3844244084779231;0.2;0.0;0;1;0;0
2;0.25;0.09792162964237011;0.44717444717444715;1;0.24902953554676943;0.6;0.0;1;0;0;1
0;0.16666666666666666;0.11196307220221516;0.1981981981981982;0;0.15861737015084107;0.2;0.0;0;0;1;0
4;0.16666666666666666;0.034909610153337885;0.37428337428337427;1;0.21083619751912544;0.4;0.0;0;1;0;1
4;0.25;0.014040056795776424;0.13841113841113842;0;0.06285285065182632;0.2;0.0;0;1;0;0
3;0.16666666666666666;0.08866851786639898;0.257985257985258;0;0.3703431819971271;0.2;0.0;0;1;0;0
4;0.3333333333333333;0.204281329771667;0.4086814086814087;1;0.412793567557597;0.2;1.0;0;1;0;0
4;0.08333333333333333;0.02496028243157111;0.09582309582309582;0;0.4064560866672388;0.2;0.0;0;1;0;0
4;0.4166666666666667;0.1308080982517393;0.42915642915642915;0;0.32616795386024433;0.4;0.0;0;0;1;0
2;0.16666666666666666;0.054180692328670996;0.3538083538083538;1;0.14985805395071733;0.4;0.0;0;1;0;0
3;0.25;0.31885041834443056;0.44717444717444715;0;0.43046974933806026;0.4;0.0;0;1;0;0
4;0.08333333333333333;0.009519745268914323;0.3931203931203931;1;0.6185119526207499;0.4;0.0;0;1;0;0
3;0.0;0.004468943867023002;0.5798525798525799;1;0.6784867623753854;0.6;0.0;0;0;1;1
3;0.3333333333333333;0.014700208929891146;0.3775593775593776;1;0.16416955514229714;0.0;0.0;0;0;1;0
4;0.0;0.16964681049558047;0.28665028665028663;0;0.06424182207817412;0.4;0.0;0;1;0;0
4;0.0;0.28488202729845935;0.37674037674037675;0;0.42107967695235693;0.2;0.0;0;1;0;0
3;0.16666666666666666;0.1922730468232359;0.44553644553644556;1;0.23057422153208168;0.4;1.0;0;1;0;0
0;0.25;0.14071172608471874;0.36445536445536447;1;0.0651266081085259;0.6;0.0;0;1;0;1
2;0.4166666666666667;0.006529631860934195;0.36363636363636365;1;0.49573597363452077;0.2;0.0;0;1;0;0
3;0.25;0.026696790609562107;0.2416052416052416;1;0.2862496098736824;0.6;0.0;0;1;0;1
2;0.0;0.30471575721148436;0.24815724815724816;1;0.20061767215741783;0.2;1.0;0;1;0;0
3;0.16666666666666666;0.10841178719499252;0.12694512694512694;1;0.4027555954138574;0.6;0.0;0;1;0;1
2;0.0;0.07022040044742511;0.642915642915643;1;0.23887280720903087;0.0;0.0;0;1;0;0
2;0.3333333333333333;0.11747881937024295;0.15315315315315314;0;0.13111524938944272;0.2;0.0;0;0;1;0
2;0.25;0.021820909126028486;0.24324324324324326;0;0.06283431905594872;0.4;0.0;0;1;0;0
2;0.16666666666666666;0.2484685416719344;0.23914823914823916;1;0.258304877119549;0.6;1.0;0;1;0;1
4;0.3333333333333333;0.11876357753076963;0.5028665028665029;1;0.49718524981223694;0.0;0.0;0;1;0;0
4;0.3333333333333333;0.07083322866832933;0.30876330876330876;0;0.40601441226641194;0.6;0.0;0;1;0;1
2;0.16666666666666666;0.06795238371224285;0.561015561015561;1;0.6304103209785548;0.0;0.0;0;1;0;1
2;0.25;0.19221094536789696;0.24651924651924653;1;0.6290580750067403;0.6;0.0;0;1;0;1
2;0.4166666666666667;0.040874534312230024;0.4021294021294021;1;0.08080416925463636;0.6;1.0;0;1;0;1
4;0.16666666666666666;0.01634164404330132;0.2194922194922195;1;0.013506241332993685;0.4;0.0;0;1;0;0
2;0.08333333333333333;0.022783543802931138;0.7084357084357085;0;0.2089804870415016;0.6;0.0;0;1;0;1
2;0.0;0.009345580638181276;0.16216216216216217;1;0.15674357957127225;0.0;0.0;0;1;0;1
4;0.5;0.07881876130282188;0.407043407043407;1;0.7437175546892962;0.6;0.0;1;0;0;1
4;0.4166666666666667;0.12576295734302312;0.46027846027846026;1;0.18891009793639793;0.2;0.0;0;1;0;0
1;0.16666666666666666;0.3023412599832824;0.42424242424242425;1;0.17286944830706127;0.2;0.0;0;1;0;0
4;0.0;0.154543021356641;0.32596232596232594;1;0.2291269335609807;0.0;0.0;0;1;0;1
4;0.3333333333333333;0.09728208093589011;0.3357903357903358;0;0.32109917149616574;0.4;0.0;0;0;1;0
2;0.3333333333333333;0.22188224043937646;0.36363636363636365;0;0.5560209135235875;0.0;0.0;0;1;0;0
3;0.16666666666666666;0.24778939256959906;0.3325143325143325;1;0.24364857648801758;0.0;0.0;0;0;1;0
4;0.3333333333333333;0.13858452308462882;0.5143325143325144;1;0.3219972654517151;0.2;0.0;0;0;1;0
3;0.5;0.006376244152095526;0.719082719082719;1;0.2548724095394159;0.0;0.0;0;1;0;1
4;0.25;0.03831495845351136;0.26535626535626533;0;0.3593953098661557;0.6;0.0;0;1;0;1
4;0.25;0.04552259916203382;0.13267813267813267;1;0.4365687587458585;0.0;0.0;0;1;0;0
4;0.5;0.661428074083425;0.34234234234234234;1;0.12585347650160011;0.4;0.0;0;0;1;1
4;0.3333333333333333;0.06935285920021797;0.7788697788697788;1;0.6500848827011815;0.4;0.0;0;1;0;1
4;0.08333333333333333;0.15959933966747505;0.22522522522522523;0;0.16502281127088042;0.4;0.0;0;1;0;0
3;0.25;0.18696183185944515;0.6248976248976249;0;0.5548867837323662;0.0;0.0;0;1;0;0
4;0.08333333333333333;0.11778261718097335;0.6314496314496314;0;0.115008738052021;0.6;0.0;0;1;0;1
4;0.4166666666666667;0.0019828438536147485;0.26617526617526616;0;0.08542175050213825;0.4;0.0;0;1;0;1
3;0.16666666666666666;0.0021045250767009528;0.44963144963144963;0;0.5293534767427173;0.4;0.0;0;1;0;0
4;0.4166666666666667;0.18997859430718286;0.6232596232596233;0;0.46419816612577075;0.6;0.0;0;1;0;1
4;0.4166666666666667;0.1494909457128144;0.29484029484029484;1;0.4958690768558664;0.6;0.0;0;1;0;1
4;0.4166666666666667;0.08539731889832024;0.3235053235053235;1;0.3436665479307186;0.4;0.0;0;1;0;0
4;0.25;0.031771918517631274;0.26126126126126126;0;0.1881229411214611;0.4;0.0;0;0;1;0
1;0.25;0.01002305601249908;0.19082719082719082;1;0.04601061587572846;0.0;0.0;0;1;0;1
0;0.25;0.019897125006412244;0.25061425061425063;0;0.3217947729335691;0.2;0.0;0;0;1;1
0;0.0;0.0965407247601082;0.15642915642915642;1;0.197403272583443;0.4;0.0;0;1;0;0
4;0.25;0.08775111184283182;0.361998361998362;1;0.2317909586543673;0.2;1.0;0;1;0;0
4;0.25;0.31534573504477775;0.23095823095823095;1;0.1487904222672165;0.4;0.0;0;0;1;0
4;0.25;0.3507575546341276;0.39475839475839475;1;0.3507980560323952;0.2;0.0;0;1;0;0
3;0.08333333333333333;0.09540203894668826;0.10155610155610155;1;0.2875300200426089;0.2;0.0;1;0;0;0
3;0.0;0.2048376232999517;0.41113841113841115;1;0.10828630987656851;0.2;0.0;0;0;1;1
3;0.3333333333333333;0.18604077631262864;0.49303849303849306;1;0.3208616290367796;0.0;0.0;0;1;0;0
4;0.5;0.15524250551609164;0.030303030303030304;1;0.37746844961339654;0.6;0.0;0;1;0;1
2;0.3333333333333333;0.06391764402716299;0.4176904176904177;1;0.11080702472268415;0.0;0.0;0;1;0;1
3;0.4166666666666667;0.054821243344605516;0.5577395577395577;1;0.25342769618086874;0.4;0.0;0;1;0;0
2;0.16666666666666666;0.034056945234581165;0.1588861588861589;1;0.20889761294359033;0.2;1.0;0;1;0;0
3;0.08333333333333333;0.3077102890246464;0.6306306306306306;0;0.663446110700006;0.2;0.0;0;1;0;1
4;0.16666666666666666;0.20002615614251223;0.4250614250614251;1;0.34312404989293943;0.2;0.0;0;1;0;0
4;0.3333333333333333;0.021620881908817564;0.24078624078624078;1;0.29823132741296804;0.2;0.0;0;1;0;0
4;0.4166666666666667;0.03230608634334122;0.34725634725634724;1;0.28760304398070186;0.2;0.0;0;0;1;0
4;0.4166666666666667;0.09680718467471743;0.447993447993448;0;0.32535962111278277;0.4;0.0;0;0;1;1
1;0.3333333333333333;0.05931969230902535;0.36936936936936937;1;0.3966059023625036;0.2;0.0;0;1;0;1
4;0.25;0.02670897046226787;0.44471744471744473;0;0.9641860121605768;0.2;0.0;0;0;1;1
0;0.4166666666666667;0.17419402825377794;0.20556920556920558;1;0.42849208929877863;0.0;0.0;0;1;0;0
4;0.25;0.00010340473005011868;0.3841113841113841;0;0.423250048250078;0.2;0.0;0;1;0;1
4;0.08333333333333333;0.046717501736490634;0.12530712530712532;0;0.01830112979064279;0.0;0.0;0;1;0;0
2;0.25;0.2947906148198164;0.33824733824733827;1;0.27882153872878473;0.6;0.0;0;1;0;1
4;0.25;0.15907848814125794;0.20884520884520885;1;0.4017562720290349;0.6;0.0;0;1;0;1
2;0.16666666666666666;0.05700720235973285;0.23587223587223588;1;0.11973371578534686;0.2;0.0;0;0;1;0
3;0.08333333333333333;0.2938160996620828;0.5593775593775594;0;0.20740840005818986;0.2;0.0;1;0;0;0
4;0.25;0.25703023219424165;0.5356265356265356;0;0.1378540871295615;0.2;1.0;0;1;0;0
4;0.3333333333333333;0.005940752080342203;0.4561834561834562;1;0.13384251139982428;0.4;0.0;0;0;1;0
4;0.16666666666666666;0.015162765097798013;0.17772317772317772;1;0.7090522525864066;0.2;0.0;0;1;0;1
4;0.3333333333333333;0.054425417134788115;0.3046683046683047;0;0.5234090549646677;0.4;0.0;0;1;0;1
4;0.25;0.2948658247023651;0.5552825552825553;1;0.0640570065111083;0.2;0.0;0;0;1;0
2;0.08333333333333333;0.20680035507829103;0.38001638001638;1;0.026567729674596238;0.2;0.0;0;1;0;0
2;0.25;0.005375877565130328;0.7362817362817363;1;0.36860415038824007;0.6;0.0;0;1;0;1
4;0.25;0.07983354777297506;0.42096642096642095;1;0.6424257509842268;0.2;0.0;0;1;0;0
3;0.25;0.14167063138833705;0.3882063882063882;0;0.27685585513057354;0.6;0.0;0;1;0;1
4;0.4166666666666667;0.035853901079674906;0.3063063063063063;1;0.7150804701744339;0.0;0.0;0;1;0;1
1;0.5833333333333334;0.1425776742498584;0.3783783783783784;1;0.7146777277223587;0.4;0.0;0;1;0;1
4;0.0;0.051291430597909124;0.3316953316953317;0;0.11728551491718797;0.2;0.0;0;1;0;0
3;0.16666666666666666;0.035567497521742354;0.4725634725634726;1;0.09384286606979056;0.2;0.0;0;1;0;0
3;0.25;0.0553983070570335;0.5135135135135135;1;0.23000163434147022;0.4;0.0;0;1;0;0
2;0.08333333333333333;0.33505447899872204;0.22768222768222768;0;0.14878013576185048;0.4;0.0;0;1;0;0
1;0.0;0.2621855040530046;0.13841113841113842;0;0.605572376530499;0.2;0.0;0;0;1;0
4;0.25;0.27285156825438656;0.055692055692055695;0;0.18612767321638574;0.6;0.0;0;1;0;1
4;0.08333333333333333;0.2773746957525131;0.4398034398034398;1;0.20326218647074987;0.2;1.0;0;1;0;0
4;0.3333333333333333;0.021777615345337543;0.1760851760851761;0;0.5681205241911401;0.6;0.0;0;1;0;1
2;0.0;0.25183464372505987;0.004095004095004095;0;0.098735995461204;0.6;0.0;0;1;0;1
4;0.16666666666666666;0.02647973576707667;0.4201474201474201;1;0.6879056353024879;0.2;0.0;0;1;0;1
4;0.25;0.20254784211227023;0.764946764946765;1;0.7749031669277654;0.2;0.0;0;1;0;1
1;0.25;0.08679299474520802;0.35544635544635544;0;0.22964441566259725;0.4;0.0;1;0;0;1
0;0.3333333333333333;0.030460786229702403;0.49385749385749383;1;0.44473067240546066;0.4;0.0;0;1;0;0
3;0.08333333333333333;0.05649460836906936;0.3701883701883702;1;0.1101856905322213;0.0;0.0;0;1;0;1
4;0.25;0.06313732347599608;0.3407043407043407;1;0.19980282338738647;0.0;0.0;0;1;0;0
4;0.3333333333333333;0.14693107244456993;0.506961506961507;1;0.49329223415469237;0.2;0.0;0;1;0;0
0;0.25;0.10357138493474478;0.30876330876330876;1;0.19879799533756007;0.2;0.0;0;1;0;0
4;0.4166666666666667;0.1887599307419137;0.4004914004914005;1;0.5973532768303838;0.4;0.0;0;1;0;0
1;0.25;0.05617772457530901;0.4095004095004095;1;0.4194351149187224;0.2;0.0;0;0;1;1
4;0.16666666666666666;0.15136300818941376;0.24733824733824733;1;0.17636389820333304;0.2;1.0;0;1;0;0
3;0.08333333333333333;0.17507550261568716;0.5192465192465192;1;0.4419878533547788;0.2;0.0;0;0;1;0
4;0.16666666666666666;0.007187979016838881;0.3284193284193284;1;0.3329606743066986;0.2;0.0;0;1;0;0
2;0.08333333333333333;0.05234016897308613;0.2325962325962326;1;0.6075903616288463;0.2;0.0;0;1;0;0
0;0.16666666666666666;0.24154350019321524;0.44471744471744473;0;0.7969344126230573;0.0;0.0;0;1;0;1
4;0.16666666666666666;0.13575427919537492;0.20966420966420968;0;0.08734615025300403;0.0;0.0;0;1;0;0
4;0.16666666666666666;0.06024313349278269;0.36117936117936117;1;0.5047175709800954;0.2;0.0;0;0;1;0
4;0.16666666666666666;0.02241587651125859;0.35544635544635544;1;0.10879860887526417;0.2;0.0;0;1;0;0
4;0.16666666666666666;0.01123542312725914;0.5348075348075348;0;0.3564804600515625;0.4;0.0;0;1;0;0
4;0.3333333333333333;0.02891804287993508;0.43407043407043405;1;0.28754353887730544;0.4;0.0;1;0;0;0
3;0.08333333333333333;0.031155432439375255;0.3521703521703522;1;0.352465060395028;0.4;0.0;0;0;1;0
2;0.16666666666666666;0.051456873733838775;0.4905814905814906;1;0.20492213380600569;0.6;0.0;0;0;1;1
0;0.25;0.0215946350879597;0.5847665847665847;0;0.3619855988539461;0.2;1.0;0;0;1;0
4;0.16666666666666666;0.01749731345888348;0.447993447993448;1;0.5155066442624902;0.0;0.0;0;1;0;0
4;0.4166666666666667;0.20665874001007448;0.35872235872235875;1;0.5717999511764357;0.4;0.0;0;0;1;0
4;0.25;0.031871585979539346;0.1416871416871417;1;0.4871139256798071;0.4;0.0;0;1;0;0
4;0.25;0.0916854680254433;0.18181818181818182;1;0.026241447755669563;1.0;0.0;0;0;1;1
4;0.16666666666666666;0.02466166255495484;0.3063063063063063;0;0.7085231458397304;0.2;1.0;0;0;1;1
4;0.25;0.07523492202251425;0.2571662571662572;1;0.35496898432438084;0.6;1.0;0;1;0;1
4;0.3333333333333333;0.03597526138828345;0.32596232596232594;0;0.45468858324833444;0.6;0.0;0;0;1;1
4;0.08333333333333333;0.01003353142832365;0.36609336609336607;1;0.15574080228023865;0.8;0.0;0;1;0;1
4;0.25;0.4480261717015146;0.4430794430794431;1;0.09187437014214281;0.8;0.0;0;1;0;1
4;0.16666666666666666;0.06804069990054709;0.3447993447993448;1;0.2182350901798471;0.8;0.0;0;1;0;1
4;0.08333333333333333;0.05548673747765445;0.43652743652743653;1;0.11476483312118671;0.6;0.0;0;0;1;1
4;0.4166666666666667;0.024637010896953013;0.3669123669123669;0;0.44104281198081835;0.2;0.0;0;1;0;0
2;0.3333333333333333;0.07602858098239401;0.03276003276003276;1;0.22800697937333034;0.2;0.0;0;1;0;0
3;0.3333333333333333;0.1121388789516366;0.2031122031122031;1;0.23330407546385618;0.8;0.0;0;1;0;1
4;0.25;0.04035833246770935;0.3333333333333333;1;0.16010306121821258;0.2;0.0;1;0;0;0
3;0.3333333333333333;0.07278066353398983;0.1588861588861589;0;0.41822471138705364;0.6;0.0;0;1;0;1
4;0.3333333333333333;0.03003977965159532;0.45454545454545453;1;0.05147944344641319;0.4;0.0;0;0;1;0
4;0.0;0.08339970371910552;0.6076986076986077;1;0.36005798647730486;0.6;0.0;0;0;1;1
4;0.3333333333333333;0.17211335290529517;0.5561015561015561;1;0.5250160274473059;0.4;1.0;0;1;0;0
2;0.08333333333333333;0.006840436332472904;0.32186732186732187;0;0.3648953175574708;0.2;0.0;0;1;0;0
4;0.3333333333333333;0.08109741920926548;0.6011466011466011;1;0.4562747208109335;0.2;0.0;0;0;1;1
4;0.0;0.05665060251333497;0.3808353808353808;0;0.02945891815378801;0.4;0.0;0;0;1;0
4;0.16666666666666666;0.008489772959679964;0.3013923013923014;1;0.5645351412258869;0.0;0.0;0;0;1;0
2;0.16666666666666666;0.313919179432788;0.25634725634725636;0;0.22725326751184544;0.2;1.0;0;1;0;0
3;0.5833333333333334;0.03341000651611887;0.3071253071253071;0;0.61219471939986;0.0;0.0;0;0;1;1
4;0.3333333333333333;0.09245107980072721;0.2932022932022932;1;0.4153559836411152;0.2;0.0;0;1;0;0
4;0.16666666666666666;0.051803642976701106;0.38493038493038495;1;0.2539677730612574;0.2;1.0;0;1;0;0
0;0.16666666666666666;0.03512025983463858;0.3832923832923833;1;0.3741032765921729;0.6;0.0;0;0;1;1
4;0.16666666666666666;0.08327433753068045;0.3570843570843571;1;0.7122325740341847;0.4;0.0;0;1;0;1
4;0.25;0.12989672574328615;0.4283374283374283;1;0.4619194743987741;0.4;1.0;0;0;1;0
2;0.08333333333333333;0.1712386906701955;0.552006552006552;1;0.7051081883635946;0.4;1.0;0;1;0;1
4;0.16666666666666666;0.11174471993059171;0.5118755118755118;1;0.34212976887279795;0.4;0.0;0;0;1;0
4;0.3333333333333333;0.0830663471864915;0.11384111384111384;1;0.4989455204517112;0.2;1.0;0;1;0;0
0;0.25;0.16702698379644618;0.0;0;0.515490274505955;0.6;1.0;0;1;0;1
3;0.3333333333333333;0.0810090545392327;0.5094185094185094;1;0.2290030447130951;0.0;0.0;0;0;1;0
4;0.16666666666666666;0.4069931965762043;0.13267813267813267;1;0.49032047470172824;0.0;0.0;0;1;0;0
3;0.3333333333333333;0.0831708542654563;0.3202293202293202;1;0.31654960326420156;0.2;0.0;0;1;0;0
4;0.75;0.042392550553714985;0.16461916461916462;1;0.6193749377879247;0.6;0.0;1;0;0;1
4;0.16666666666666666;0.0657166144086507;0.06142506142506143;0;0.7343341792630806;0.2;0.0;0;1;0;1
4;0.16666666666666666;0.07484953367645843;0.44553644553644556;0;0.07491025882421108;0.2;0.0;1;0;0;0
3;0.25;0.03702226459526309;0.48075348075348073;1;0.31251125469157714;0.2;0.0;0;1;0;0
4;0.0;0.01916388889434655;0.2620802620802621;0;0.11208904817658512;0.6;0.0;0;1;0;1
4;0.3333333333333333;0.06274629927367323;0.0;1;0.42185984699088336;0.4;0.0;0;0;1;0
0;0.3333333333333333;0.25287944927094136;0.266994266994267;0;0.16204735267015583;0.0;0.0;0;1;0;0
2;0.16666666666666666;0.0327636954062038;0.42096642096642095;1;0.2598599512904966;0.2;0.0;0;1;0;0
1;0.08333333333333333;0.049904259866868576;0.11466011466011466;1;0.1208292870727078;0.2;0.0;0;1;0;0
4;0.16666666666666666;0.15767119730622972;0.38656838656838655;0;0.8080716057751313;0.2;0.0;0;0;1;1
4;0.4166666666666667;0.00948338406431746;0.3538083538083538;0;0.7142104017214632;0.0;0.0;0;1;0;1
1;0.25;0.19391083853641655;0.4512694512694513;0;0.6585683214241906;0.6;0.0;0;1;0;1
4;0.16666666666666666;0.14168078344918578;0.3759213759213759;1;0.48080989025706355;0.2;1.0;0;1;0;0
3;0.16666666666666666;0.08871996166851125;0.19737919737919737;0;0.05251990575077594;0.2;0.0;0;1;0;1
0;0.0;0.026085264158094805;0.5528255528255528;1;0.6266293808496934;0.0;0.0;0;1;0;0
2;0.3333333333333333;0.01075214937444466;0.3308763308763309;0;0.11047623706902855;0.2;0.0;0;1;0;1
4;0.16666666666666666;0.029260507501434493;0.3521703521703522;1;0.5200373347523357;0.4;0.0;0;1;0;0
3;0.3333333333333333;0.1594172447122471;0.20393120393120392;0;0.619627304108442;0.6;0.0;0;1;0;1
4;0.08333333333333333;0.30151744561805954;0.2841932841932842;1;0.30841249994958336;0.6;0.0;0;1;0;1
4;0.4166666666666667;0.14891562521259283;0.21212121212121213;1;0.2533322021765367;0.2;0.0;0;1;0;0
3;0.3333333333333333;0.0833770749937567;0.3284193284193284;1;0.5075894639620238;0.4;1.0;0;1;0;1
1;0.16666666666666666;0.3347873392078588;0.6371826371826372;1;0.6448708738777006;0.0;0.0;0;0;1;0
4;0.5;0.19615757085282057;0.13185913185913187;1;0.2625116125538492;0.2;0.0;0;1;0;1
3;0.16666666666666666;0.11861271879412144;0.09254709254709255;1;0.36229951075641503;0.2;0.0;0;1;0;0
4;0.25;0.004230023455893147;0.5978705978705978;0;0.36935727620477143;0.4;0.0;0;1;0;0
1;0.08333333333333333;0.03768380846214257;0.3226863226863227;1;0.3942353755287751;0.6;0.0;0;1;0;1
3;0.4166666666666667;0.040929455833126016;0.24733824733824733;0;0.18470307268474215;0.6;1.0;0;0;1;1
4;0.25;0.04739195543236452;0.5266175266175266;1;0.3696612742801011;0.0;0.0;1;0;0;0
2;0.3333333333333333;0.054817479266681846;0.2571662571662572;0;0.4841994888827418;0.2;0.0;0;1;0;0
4;0.4166666666666667;0.31180756214479377;0.6560196560196561;0;0.16838625743078892;0.4;0.0;0;1;0;0
4;0.4166666666666667;0.15061992408624583;0.46764946764946763;1;0.43223829248354695;0.4;0.0;0;1;0;0
4;0.0;0.13094153876114922;0.27682227682227684;0;0.803578666797374;0.2;0.0;0;1;0;1
3;0.3333333333333333;0.06179769150371902;0.7100737100737101;1;0.10112282260092731;0.0;1.0;0;0;1;0
4;0.4166666666666667;0.045751406805456835;0.2571662571662572;1;0.016493841842225992;0.4;0.0;0;1;0;0
4;0.3333333333333333;0.01410081307926047;0.4782964782964783;1;0.47536932392286635;0.6;0.0;0;1;0;1
1;0.3333333333333333;0.06715958137036182;0.40540540540540543;1;0.44843427543785147;0.6;1.0;0;1;0;1
4;0.25;0.025504573508241594;0.5700245700245701;1;0.21158231318326756;0.6;0.0;0;0;1;1
4;0.3333333333333333;0.055113938300716966;0.6126126126126126;0;0.4315758718012744;0.4;0.0;0;1;0;0
4;0.0;0.01885329745559677;0.361998361998362;0;0.17108771362901326;0.2;0.0;0;0;1;0
1;0.25;0.04683945107174719;0.2334152334152334;1;0.637194530152658;0.2;1.0;0;1;0;1
4;0.6666666666666666;0.004818467866051989;0.43161343161343163;1;0.517509674773237;0.0;1.0;0;1;0;1
4;0.5;0.0006026697969135344;0.2457002457002457;0;0.5073829986442588;0.4;0.0;0;0;1;1
4;0.16666666666666666;0.22686268182147007;0.6863226863226863;0;0.7040241087349399;0.4;0.0;0;1;0;1
2;0.4166666666666667;0.11399824139088878;0.37919737919737917;1;0.43992493587320214;0.4;1.0;0;1;0;0
2;0.08333333333333333;0.09850474957759471;0.2964782964782965;1;0.339318978916249;0.4;0.0;0;1;0;0
3;0.3333333333333333;0.0801678677629281;0.38656838656838655;1;0.3785178159225476;0.4;0.0;0;1;0;0
2;0.25;0.14427664978979288;0.13595413595413594;1;0.5341293052142085;0.0;0.0;0;1;0;0
0;0.3333333333333333;0.1481867738837516;0.19737919737919737;1;0.4230164644152129;0.2;0.0;0;0;1;1
2;0.08333333333333333;0.3044961036137461;0.5536445536445537;0;0.41876812670315033;0.2;0.0;0;1;0;1
3;0.16666666666666666;0.031113906181263723;0.24897624897624898;1;0.48208517537442197;0.2;0.0;0;0;1;0
2;0.3333333333333333;0.1710643030810578;0.1850941850941851;1;0.29331164766837536;0.0;0.0;0;1;0;0
1;0.08333333333333333;0.5260260003536203;0.44471744471744473;1;0.34537064048253757;0.2;1.0;0;1;0;1
3;0.4166666666666667;0.003207427592105337;0.5511875511875511;0;0.30905662942400924;0.6;0.0;0;1;0;1
3;0.25;0.05204602380612298;0.4742014742014742;0;0.055993974572888926;0.0;0.0;0;0;1;0
4;0.08333333333333333;0.0636604397000211;0.5200655200655201;1;0.1623022203761651;0.4;0.0;0;0;1;0
4;0.08333333333333333;0.1918699378685842;0.2325962325962326;0;0.5672713176932696;0.2;0.0;0;0;1;0
1;0.3333333333333333;0.0014702563006560652;0.12366912366912367;1;0.27781335100073257;0.2;0.0;0;1;0;1
2;0.08333333333333333;0.10150032594229472;0.6027846027846028;1;0.18962567518610815;0.2;0.0;0;1;0;0
4;0.08333333333333333;0.24816759425681278;0.30384930384930386;1;0.7015764169352597;0.0;0.0;0;1;0;1
4;0.25;0.017703311081897682;0.3153153153153153;0;0.21552573757837223;0.0;0.0;0;0;1;0
4;0.3333333333333333;0.013595864321989682;0.5741195741195741;0;0.6478674858494843;0.2;0.0;0;1;0;0
4;0.16666666666666666;0.9403158131947245;0.447993447993448;1;0.3363129984929614;0.6;0.0;0;1;0;1
1;0.25;0.19447735220084109;0.43161343161343163;0;0.37433647176121676;0.6;0.0;0;1;0;1
2;0.25;0.1329399253207601;0.7117117117117117;1;0.3380181634458552;0.2;0.0;0;1;0;0
2;0.3333333333333333;0.056579887757795246;0.25143325143325146;1;0.27224384612380087;0.6;0.0;0;1;0;1
3;0.16666666666666666;0.2139970982576514;0.5085995085995086;1;0.09224427783215833;0.0;0.0;0;0;1;0
2;0.16666666666666666;0.28488674246767365;0.36609336609336607;1;0.35387804997020317;0.6;0.0;0;1;0;1
4;0.4166666666666667;0.146613479671258;0.4004914004914005;1;0.4949575740408129;0.4;0.0;0;0;1;0
1;0.3333333333333333;0.05641589859963922;0.6068796068796068;0;0.1509515916352919;0.0;1.0;0;0;1;1
3;0.5833333333333334;0.09739594307210007;0.4398034398034398;0;0.3135772084261611;0.0;0.0;0;1;0;1
4;0.08333333333333333;0.011470479127118467;0.44471744471744473;1;0.10217093731532507;0.0;0.0;0;1;0;0
1;0.4166666666666667;0.01906838958903858;0.5323505323505323;1;0.13312481528059017;0.0;0.0;0;1;0;1
4;0.4166666666666667;0.16995025595983373;0.2972972972972973;0;0.7118503870086761;0.4;1.0;0;0;1;1
3;0.4166666666666667;0.003241078636578778;0.2194922194922195;1;0.20552090488069075;0.4;0.0;0;1;0;0
2;0.25;0.005543597284766441;0.18591318591318592;1;0.1290316453514522;0.6;0.0;0;1;0;1
4;0.25;0.07885506928933822;0.0343980343980344;1;0.31879643310995925;0.2;0.0;0;1;0;1
2;0.25;0.020733825579314517;0.6936936936936937;0;0.28921136924550833;0.4;0.0;0;1;0;1
3;0.0;0.03862043720027404;0.1760851760851761;0;0.1389143221135129;0.0;1.0;0;1;0;0
4;0.08333333333333333;0.05655215711703862;0.3202293202293202;1;0.24338572017284918;0.2;0.0;0;1;0;1
4;0.3333333333333333;0.08212128676799646;0.31122031122031124;1;0.5467372662470146;0.2;0.0;0;0;1;0
2;0.3333333333333333;0.03702981715026743;0.407043407043407;1;0.19271656157523046;0.2;0.0;0;0;1;1
0;0.3333333333333333;0.07345255746869218;0.4905814905814906;1;0.8979025561927332;0.4;0.0;0;1;0;1
4;0.16666666666666666;0.051460875386398465;0.49795249795249796;1;0.4886722019591513;0.4;0.0;0;1;0;0
3;0.25;0.00933288080249598;0.26126126126126126;0;0.6250231021428101;0.0;0.0;0;0;1;0
4;0.5833333333333334;0.22450844237905443;0.32923832923832924;0;0.3793017786133378;0.6;0.0;0;1;0;1
2;0.5;0.036693507691921624;0.40294840294840295;0;0.4619047122190961;0.2;0.0;0;0;1;1
2;0.0;0.10452204757084045;0.31613431613431614;0;0.381470422536712;0.2;0.0;0;1;0;0
3;0.3333333333333333;0.09378505686918416;0.61998361998362;0;0.19633671779831605;0.2;0.0;0;1;0;0
4;0.3333333333333333;0.024643214636468323;0.43734643734643736;1;0.2243063931432297;0.4;0.0;0;1;0;0
3;0.08333333333333333;0.0033147740484683916;0.47665847665847666;1;0.5909026617158721;0.6;0.0;0;1;0;1
4;0.4166666666666667;0.2162820904163935;0.4651924651924652;1;0.42256538245810815;0.2;0.0;0;0;1;0
3;0.16666666666666666;0.07654218026633032;0.5487305487305487;1;0.0851738811276612;0.2;0.0;0;1;0;0
4;0.25;0.05948446499750269;0.38656838656838655;1;0.7415864041855853;0.2;1.0;0;1;0;1
4;0.0;0.1600794663250998;0.14414414414414414;0;0.22495061179178313;0.4;0.0;0;1;0;0
4;0.5833333333333334;0.0036825188653508696;0.4217854217854218;0;0.40585898980033264;0.4;1.0;0;0;1;1
4;0.08333333333333333;0.16116639780643052;0.2497952497952498;0;0.22378908955195384;0.2;0.0;0;1;0;0
4;0.08333333333333333;0.05843420451916108;0.2702702702702703;1;0.24184167602749404;0.2;0.0;0;0;1;0
4;0.3333333333333333;0.0891804696866399;0.45290745290745293;0;0.7663773000584577;0.2;0.0;0;1;0;1
2;0.16666666666666666;0.15527067089236082;0.5593775593775594;1;0.3767938306559306;0.4;1.0;0;1;0;0
4;0.25;0.08799243141375417;0.36036036036036034;1;0.2767052929755817;0.4;0.0;0;0;1;0
2;0.4166666666666667;0.007025143126786128;0.407043407043407;1;0.0900691419534131;0.6;0.0;0;1;0;1
4;0.16666666666666666;0.14504137496054353;0.6355446355446356;0;0.46942122411002696;0.2;0.0;0;1;0;0
0;0.5833333333333334;0.17165786796607552;0.3963963963963964;0;0.16739294780502467;0.4;0.0;0;1;0;1
2;0.3333333333333333;0.06888260677386343;0.782964782964783;0;0.17891581440197568;0.4;1.0;0;1;0;0
4;0.0;0.06425857363156752;0.44963144963144963;0;0.5218016341134672;0.0;0.0;0;1;0;1
2;0.25;0.03222610611596794;0.06797706797706797;0;0.5362100835353024;0.2;0.0;0;1;0;0
4;0.0;0.11490095327564492;0.4799344799344799;1;0.47264438857666474;0.0;0.0;0;1;0;0
0;0.25;0.23770574100629896;0.41932841932841936;0;0.6706188759858075;0.2;0.0;0;1;0;1
4;0.16666666666666666;0.11865521480783645;0.5675675675675675;1;0.20521541050917497;0.0;0.0;0;1;0;0
3;0.16666666666666666;0.16410015265588193;0.4668304668304668;1;0.16690290637893973;0.2;0.0;0;1;0;0
4;0.25;0.20208140037657812;0.33415233415233414;1;0.5959726585228461;0.8;0.0;1;0;0;1
4;0.25;0.028456028145460176;0.15642915642915642;0;0.2855219109260365;0.6;0.0;0;0;1;1
4;0.08333333333333333;0.05715957867891812;0.3226863226863227;0;0.07913635759429265;0.2;0.0;0;1;0;1
4;0.25;0.0636453964949899;0.21703521703521703;0;0.6190800918032678;0.4;0.0;0;1;0;1
3;0.16666666666666666;0.09100103032417303;0.26126126126126126;1;0.30787336334814897;0.4;1.0;0;0;1;0
2;0.16666666666666666;0.005541973469283089;0.45290745290745293;0;0.18193172545324193;0.2;0.0;0;1;0;0
4;0.4166666666666667;0.0987047562057864;0.6298116298116299;0;0.5839770666803429;0.4;0.0;0;1;0;0
4;0.3333333333333333;0.010243519839537325;0.42096642096642095;0;0.32607051426944994;0.2;0.0;0;0;1;0
4;0.3333333333333333;0.18272474506786576;0.16052416052416052;1;0.07161931744206178;0.2;0.0;0;1;0;0
4;0.16666666666666666;0.3668268406186364;0.42915642915642915;1;0.44849963278229216;0.2;0.0;0;1;0;1
3;0.16666666666666666;0.03800067407152391;0.5528255528255528;1;0.5164800389711932;0.4;0.0;1;0;0;0
4;0.3333333333333333;0.07853700264173398;0.2571662571662572;0;0.6019730255015163;0.2;1.0;0;1;0;0
2;0.0;0.19271951603826182;0.33497133497133497;0;0.4949008055684787;0.6;0.0;0;1;0;1
4;0.16666666666666666;0.04197075076261446;0.35872235872235875;0;0.22131869594556752;0.6;0.0;0;1;0;1
4;0.16666666666666666;0.019036310684883564;0.2285012285012285;1;0.23521244484472734;0.8;0.0;0;1;0;1
4;0.25;0.14941525297684785;0.46273546273546273;1;0.5253610472394535;0.0;0.0;0;0;1;1
4;0.16666666666666666;0.13328727215589348;0.3366093366093366;0;0.32028399462771906;0.4;0.0;0;1;0;0
4;0.4166666666666667;0.09382262963196991;0.4250614250614251;1;0.2030484897670247;0.2;0.0;0;1;0;0
3;0.16666666666666666;0.3215190436523605;0.2113022113022113;0;0.4519704381584893;0.0;1.0;0;0;1;0
3;0.4166666666666667;0.3452835455495996;0.28501228501228504;1;0.4951792460481092;0.2;0.0;0;1;0;0
3;0.5;0.21993285648007066;0.475020475020475;1;0.28066285773004085;0.6;0.0;0;1;0;1
3;0.3333333333333333;0.03851273567031593;0.29565929565929566;1;0.08695955163918319;0.2;0.0;0;1;0;0
4;0.16666666666666666;0.028344183452775524;0.6396396396396397;1;0.21272469669999847;0.2;0.0;0;1;0;0
3;0.0;0.200913606390013;0.2915642915642916;1;0.44831714989620014;0.4;0.0;0;1;0;0
3;0.16666666666666666;0.11717482635901458;0.3931203931203931;1;0.41295459476204927;0.6;0.0;0;0;1;1
3;0.0;0.05605255238978748;0.5094185094185094;1;0.1787641090192001;0.0;0.0;0;0;1;0
2;0.3333333333333333;0.05859282004142474;0.12448812448812449;1;0.3910779573861257;0.4;0.0;0;1;0;0
2;0.0;0.21351752600392826;0.06797706797706797;0;0.4754724357677263;0.2;0.0;0;1;0;0
4;0.6666666666666666;0.019761260717027627;0.10647010647010648;1;0.3833768879508318;0.4;0.0;0;1;0;1
4;0.5833333333333334;0.320594945313818;0.5634725634725635;1;0.12136429833372803;0.2;0.0;0;1;0;1
4;0.3333333333333333;0.11152937532311742;0.26617526617526616;0;0.39227075570246567;0.4;0.0;0;1;0;0
2;0.16666666666666666;0.17430126518496647;0.7755937755937756;1;0.41180990044701565;0.4;0.0;0;0;1;0
4;0.4166666666666667;0.051493054523604205;0.26453726453726456;1;0.2553695559201901;0.8;0.0;0;1;0;1
3;0.16666666666666666;0.09829708125805506;0.38656838656838655;0;0.4555053871639335;0.2;0.0;0;1;0;0
4;0.25;0.15417547821005356;0.6093366093366094;0;0.5898256715423974;0.0;0.0;0;1;0;0
4;0.08333333333333333;0.0634818544409097;0.6855036855036855;1;0.8383968509597209;0.4;0.0;0;1;0;1
3;0.08333333333333333;0.07440237590239107;0.6945126945126945;0;0.30553308610406954;0.4;0.0;0;1;0;0
4;0.16666666666666666;0.0970072782250038;0.5544635544635544;1;0.29439570277577226;0.6;0.0;0;1;0;1
4;0.25;0.007219184321720966;0.5241605241605242;0;0.3526822601148108;0.4;1.0;0;1;0;0
3;0.3333333333333333;0.22125636287984923;0.4537264537264537;1;0.5545480971730382;0.4;1.0;0;1;0;1
2;0.4166666666666667;0.22413271105660168;0.48402948402948404;1;0.22809187154918167;0.6;0.0;0;1;0;1
4;0.16666666666666666;0.03670152355435971;0.26617526617526616;1;0.32327850999632757;0.0;0.0;0;1;0;0
0;0.0;0.23568206095820585;0.22276822276822278;1;0.34242398734014157;0.4;0.0;0;1;0;1
3;0.3333333333333333;0.1520613591395339;0.35626535626535627;1;0.43054822668160275;0.2;1.0;0;0;1;0
3;0.0;0.07337608759470825;0.3284193284193284;0;0.30439008413268415;0.2;0.0;0;1;0;0
4;0.16666666666666666;0.04748041774816404;0.28255528255528256;0;0.0735702889028547;0.2;0.0;0;1;0;0
4;0.08333333333333333;0.05665353651293841;0.47092547092547093;0;0.5953904238219306;0.4;0.0;0;1;0;0
3;0.25;0.08499087182216544;0.5135135135135135;1;0.2990480974173618;0.0;0.0;0;0;1;1
2;0.08333333333333333;0.05911513053490397;0.371007371007371;1;0.40193058703358164;0.2;0.0;0;1;0;0
3;0.3333333333333333;0.06058651756372357;0.5986895986895987;1;0.22705042804550732;0.2;0.0;0;1;0;0
3;0.16666666666666666;0.02519430366967423;0.16953316953316952;1;0.409872632424103;0.2;0.0;0;1;0;0
1;0.3333333333333333;0.13682907387887824;0.32514332514332517;1;0.49381605099148485;0.0;0.0;0;1;0;1
4;0.08333333333333333;0.10458424813144064;0.23914823914823916;1;0.49934762195418075;0.2;0.0;0;1;0;0
2;0.25;0.5358021705704358;0.050778050778050775;0;0.36501812451726307;0.0;0.0;0;1;0;1
4;0.16666666666666666;0.016873208318107628;0.34316134316134317;1;0.11760141435580143;0.2;0.0;0;0;1;0
4;0.16666666666666666;0.01336521338219292;0.3366093366093366;0;0.47325706817803587;0.6;0.0;0;1;0;1
4;0.0;0.08065828891979711;0.6044226044226044;0;0.6161861923004806;0.4;0.0;0;1;0;1
1;0.0;0.018274404823526515;0.46027846027846026;1;0.30090504265559037;0.2;0.0;0;1;0;0
1;0.4166666666666667;0.10487806790107854;0.1891891891891892;1;0.4630511975710028;0.4;0.0;0;1;0;1
1;0.16666666666666666;0.024220022621084535;0.6601146601146601;0;0.6533194593223812;0.4;0.0;0;1;0;1
3;0.3333333333333333;0.07333456241298368;0.556920556920557;0;0.8967071347715636;0.2;0.0;0;0;1;1
4;0.0;0.10507549992665778;0.4520884520884521;1;0.43644246238188794;0.0;0.0;1;0;0;0
3;0.3333333333333333;0.0680888690739633;0.3194103194103194;1;0.38115216691369425;0.4;0.0;0;1;0;0
4;0.25;0.0428396820176247;0.19983619983619982;1;0.29744990020401346;0.0;0.0;0;1;0;0
4;0.08333333333333333;0.16958097768682803;0.29565929565929566;1;0.6352140204488825;0.2;0.0;0;1;0;1
3;0.16666666666666666;0.21452792931191916;0.5348075348075348;1;0.6691916022511667;0.4;0.0;0;1;0;1
2;0.25;0.036181256170206504;0.665028665028665;0;0.33190000990705193;0.4;0.0;0;1;0;0
1;0.4166666666666667;0.18672095383499415;0.6093366093366094;1;0.2553257558935143;0.6;0.0;0;0;1;1
4;0.0;0.05522793637291182;0.27682227682227684;1;0.5451374414481972;0.4;0.0;0;0;1;0
2;0.08333333333333333;0.0743344487691493;0.17362817362817362;1;0.35224472336976803;0.4;0.0;0;1;0;0
4;0.3333333333333333;0.029264936259111765;0.38001638001638;1;0.16465614782882726;0.2;0.0;0;1;0;0
4;0.3333333333333333;0.10927965623472717;0.06715806715806716;1;0.5306708832035559;0.2;0.0;0;1;0;0
1;0.25;0.011768268934085039;0.4095004095004095;1;0.35387715695544575;0.2;0.0;0;1;0;1
0;0.25;0.099581474190596;0.3325143325143325;1;0.16142740868513947;0.0;0.0;0;1;0;0
4;0.08333333333333333;0.5092419534542512;0.2800982800982801;1;0.04430739367842259;0.8;0.0;0;1;0;1
0;0.0;0.15573325093235937;0.09582309582309582;1;0.06384585106653815;0.2;0.0;0;1;0;1
4;0.25;0.2507458304231025;0.4406224406224406;1;0.45342925327047967;0.6;0.0;0;1;0;1
2;0.3333333333333333;0.06935970441156225;0.26945126945126946;1;0.11021322610619123;0.6;0.0;0;1;0;1
4;0.16666666666666666;0.01698484002416182;0.16543816543816545;0;0.5644914155986732;0.0;0.0;0;0;1;1
3;0.16666666666666666;0.03779765207306444;0.0;0;0.37724036706310876;0.4;0.0;0;1;0;1
2;0.0;0.0055241351196295505;0.3521703521703522;0;0.0975992365126084;0.6;0.0;0;1;0;1
2;0.25;0.07745881912621543;0.647010647010647;1;0.3642729252943562;0.2;1.0;0;1;0;0
4;0.08333333333333333;0.11663549344963808;0.628992628992629;1;0.6758473087486958;0.0;0.0;0;1;0;1
4;0.16666666666666666;0.06140420769264538;0.28173628173628174;1;0.3392966928236763;0.2;0.0;0;1;0;0
2;0.6666666666666666;0.09209218116398624;0.257985257985258;1;0.4741696830025094;0.2;1.0;0;1;0;1
4;0.25;0.04295705372372171;0.4332514332514332;1;0.7175454005357825;0.6;1.0;0;1;0;1
3;0.16666666666666666;0.009918864839738745;0.19328419328419327;0;0.4272482850352102;0.4;0.0;0;1;0;1
4;0.08333333333333333;0.06286682133074682;0.4062244062244062;1;0.08210196751126468;0.2;0.0;1;0;0;0
1;0.5;0.08823507450105397;0.4823914823914824;1;0.5492568306595209;0.4;0.0;0;1;0;1
4;0.0;0.4509287825316142;0.5577395577395577;0;0.0984499740383884;0.2;1.0;0;1;0;1
3;0.16666666666666666;0.04739675253220973;0.33988533988533987;0;0.11701869419380174;0.6;0.0;0;1;0;1
2;0.16666666666666666;0.12593942788183893;0.3235053235053235;1;0.4406987977575844;0.4;1.0;0;1;0;0
4;0.3333333333333333;0.19236572029667365;0.21294021294021295;1;0.6173172675174932;0.4;0.0;0;0;1;0
3;0.16666666666666666;0.045389383808510396;0.22113022113022113;1;0.32599546743928215;0.0;0.0;0;1;0;0
1;0.0;0.2957099375022459;0.3194103194103194;0;0.40788212264038454;0.4;0.0;0;1;0;0
0;0.4166666666666667;0.045966890263172716;0.4168714168714169;1;0.5260057048203834;0.4;1.0;0;1;0;0
4;0.25;0.38937229857790184;0.5061425061425061;1;0.31690466189313876;0.4;0.0;0;1;0;0
1;0.3333333333333333;0.00017071158509044385;0.22522522522522523;0;0.3626676510955384;0.2;1.0;0;0;1;1
1;0.0;0.11182038219282373;0.6011466011466011;1;0.21153525563902456;0.4;0.0;0;1;0;0
4;0.16666666666666666;0.1735404718314241;0.31203931203931207;1;0.24864308772591312;0.4;1.0;0;1;0;0
4;0.3333333333333333;0.03649156076525659;0.35298935298935297;1;0.18247475122812465;0.0;0.0;0;0;1;0
4;0.16666666666666666;0.0137817938237541;0.23423423423423423;1;0.3741103373532849;0.4;0.0;0;0;1;0
4;0.0;0.00267545204134218;0.0;1;0.6530186361150544;0.4;1.0;0;1;0;1
4;0.16666666666666666;0.008533713137565945;0.5012285012285013;0;0.4013002906389302;0.2;0.0;0;1;0;0
4;0.08333333333333333;0.08706905300394766;0.4774774774774775;1;0.18565905040491767;0.2;0.0;0;1;0;1
4;0.4166666666666667;0.20325937296478372;0.3104013104013104;0;0.352745610424547;0.4;0.0;0;1;0;0
4;0.25;0.007186385407986228;0.3677313677313677;1;0.38338416902845757;0.0;0.0;1;0;0;0
4;0.25;0.013295183975213355;0.44144144144144143;1;0.29507830213587677;0.4;0.0;0;1;0;0
4;0.25;0.0004997089538436752;0.10073710073710074;1;0.12381368120157711;0.0;0.0;0;1;0;0
4;0.25;0.03683472564558968;0.2702702702702703;0;0.43357066645489845;0.2;0.0;0;0;1;0
3;0.3333333333333333;0.28270867340529743;0.4864864864864865;1;0.3804160247723639;0.6;0.0;0;1;0;1
2;0.3333333333333333;0.035910051866955194;0.15151515151515152;0;0.25423728164836434;0.6;0.0;0;1;0;1
4;0.5833333333333334;0.06460724654775103;0.4045864045864046;0;0.25465394696917737;0.0;0.0;0;0;1;1
0;0.5833333333333334;0.021870177960834992;0.13431613431613432;1;0.24855428414416114;0.4;1.0;0;0;1;1
4;0.3333333333333333;0.013685339174125837;0.4332514332514332;0;0.13684652739139583;0.0;1.0;0;0;1;0
4;0.3333333333333333;0.022336943176508153;0.35053235053235055;0;0.3442045187807734;0.4;0.0;0;1;0;1
4;0.25;0.026219628104959553;0.09172809172809172;0;0.28038366107705637;0.4;0.0;0;0;1;0
3;0.16666666666666666;0.015462719273029701;0.5470925470925471;0;0.3560147856855735;0.2;1.0;0;1;0;0
4;0.25;0.17440545427328105;0.23669123669123668;0;0.17338653600153148;0.2;0.0;0;1;0;0
3;0.16666666666666666;0.07210328922482033;0.22358722358722358;0;0.461992620061276;0.4;0.0;1;0;0;0
4;0.3333333333333333;0.08627697303095434;0.38984438984438985;1;0.523810247825959;0.2;0.0;0;1;0;0
4;0.0;0.05216430979272544;0.5446355446355446;1;0.4062626571535434;0.2;0.0;0;0;1;1
4;0.5833333333333334;0.026263323430620177;0.19000819000819;0;0.6646152329983911;0.6;0.0;0;1;0;1
2;0.25;0.010902243082311025;0.3669123669123669;1;0.42847219464078373;0.0;0.0;0;1;0;0
4;0.16666666666666666;0.00871643694433786;0.4266994266994267;1;0.5288364920715937;0.4;0.0;0;0;1;0
4;0.25;0.022711488808036688;0.4701064701064701;0;0.5120278402923149;0.2;0.0;0;1;0;0
3;0.25;0.21114867830366127;0.3857493857493858;0;0.5121353250788162;0.4;0.0;0;1;0;0
2;0.16666666666666666;0.027084344321712136;0.2964782964782965;1;0.5073398043144437;0.2;0.0;0;1;0;0
3;0.25;0.04869061015876463;0.22113022113022113;1;0.2223576806768272;0.4;0.0;0;0;1;1
3;0.5;0.09455104796019101;0.371007371007371;1;0.8856848085786816;0.2;0.0;0;1;0;1
1;0.16666666666666666;0.07962433048067309;0.180999180999181;1;0.7318173510707439;0.4;1.0;0;1;0;1
2;0.16666666666666666;0.12188804627829547;0.0;1;0.5053309966514109;0.4;1.0;0;1;0;0
4;0.3333333333333333;0.023971120990041485;0.4283374283374283;1;0.3003057665115852;0.2;0.0;0;0;1;1
4;0.5833333333333334;0.08253978774666658;0.5045045045045045;1;0.3515576155055802;0.2;0.0;0;0;1;1
2;0.25;0.16237375904385348;0.0;0;0.3601004247898833;0.6;0.0;0;0;1;1
2;0.16666666666666666;0.05447566409668698;0.19164619164619165;0;0.01878192784217127;0.2;0.0;0;1;0;0
4;0.3333333333333333;0.3973535370278319;0.45782145782145783;0;0.21123966231753852;0.2;0.0;0;1;0;0
2;0.08333333333333333;0.09591299778878142;0.6936936936936937;1;0.2283466554372743;0.4;0.0;0;1;0;0
3;0.25;0.12492777778120044;0.36036036036036034;0;0.1845008044504821;0.4;1.0;0;1;0;0
4;0.4166666666666667;0.06830402188493723;0.2375102375102375;0;0.36569871323711695;0.0;0.0;0;1;0;0
4;0.4166666666666667;0.21699945649283303;0.32678132678132676;0;0.43846131694432905;0.4;1.0;1;0;0;0
2;0.25;0.06675139401219568;0.5814905814905815;0;0.20235815456114897;0.6;0.0;0;0;1;1
3;0.08333333333333333;0.31728230617617387;0.25061425061425063;1;0.21510337505690755;0.2;0.0;0;1;0;0
4;0.25;0.040813783999565124;0.22604422604422605;1;0.11609019432532937;0.4;0.0;0;1;0;0
4;0.5;0.22341850016741932;0.27764127764127766;1;0.05281856743500865;0.2;0.0;0;0;1;1
3;0.4166666666666667;0.11340710985005055;0.20065520065520065;1;0.12290590713494721;0.0;0.0;0;1;0;0
4;0.4166666666666667;0.1784836097774202;0.37674037674037675;1;0.14021559430864988;0.2;1.0;0;1;0;0
4;0.4166666666666667;0.004206501062588542;0.6224406224406225;0;0.3181603504417347;0.4;0.0;0;1;0;0
4;0.16666666666666666;0.036062618535942746;0.4095004095004095;1;0.354733622683327;0.4;0.0;0;1;0;0
0;0.08333333333333333;0.2088718795014463;0.3153153153153153;1;0.8409969924483576;0.2;1.0;0;0;1;1
4;0.16666666666666666;0.04256976501016915;0.30876330876330876;0;0.9264225355265587;0.0;1.0;0;1;0;1
4;0.16666666666666666;0.13868891354199392;0.10073710073710074;1;0.8764823806754812;0.4;0.0;0;1;0;1
3;0.25;0.5398215607207908;0.5012285012285013;1;0.37537072793821175;0.4;0.0;0;1;0;0
4;0.6666666666666666;0.021628045117474445;0.343980343980344;0;0.5339733666383816;0.2;1.0;0;0;1;1
4;0.25;0.06007099394638926;0.32678132678132676;0;0.3323139762079651;0.2;0.0;0;1;0;0
2;0.4166666666666667;0.020011461618594725;0.8796068796068796;0;0.49934673256833423;0.6;0.0;0;1;0;1
4;0.16666666666666666;0.018576030960168553;0.40540540540540543;0;0.16170672948238984;0.2;0.0;0;0;1;0
4;0.5;0.11147706826051408;0.2334152334152334;1;0.27539882711677416;0.6;1.0;1;0;0;1
4;0.08333333333333333;0.02356600410615844;0.28665028665028663;0;0.42780780428979936;0.2;0.0;1;0;0;0
3;0.3333333333333333;0.07326043445477275;0.5446355446355446;0;0.31025064482858533;0.6;0.0;0;0;1;1
4;0.25;0.4243102350110801;0.3751023751023751;1;0.09462133916414361;0.4;0.0;0;1;0;0
3;0.4166666666666667;0.04501145396307163;0.12121212121212122;1;0.23950879013403215;0.6;0.0;0;1;0;1
4;0.5833333333333334;0.23009134410994575;0.506961506961507;0;0.6157971886224959;0.0;0.0;0;1;0;1
4;0.0;0.05609660397577202;0.24733824733824733;0;0.4054997360420774;0.8;0.0;0;1;0;1
2;0.25;0.03386522059266277;0.6633906633906634;1;0.6512345735536533;0.2;0.0;1;0;0;1
4;0.16666666666666666;0.04553361972393916;0.533988533988534;1;0.2101290236822395;0.0;1.0;0;0;1;0
4;0.3333333333333333;0.015130282495819422;0.2833742833742834;0;0.3759088818489857;0.4;0.0;0;0;1;0
4;0.25;0.12635993755814615;0.5667485667485668;0;0.15421912435612803;0.4;0.0;0;1;0;0
4;0.0;0.07908065951953581;0.3677313677313677;0;0.15616258739474745;0.2;0.0;0;0;1;0
4;0.25;0.10579894809903083;0.4963144963144963;1;0.37844202426129403;0.4;0.0;0;0;1;0
3;0.25;0.040109417666977204;0.4357084357084357;1;0.25757709527791417;0.6;0.0;0;1;0;1
3;0.08333333333333333;0.11784837093207551;0.21785421785421785;0;0.49225773115471727;0.4;0.0;0;0;1;0
3;0.4166666666666667;0.019941138573068295;0.25143325143325146;0;0.4728371519552709;0.6;0.0;0;1;0;1
3;0.08333333333333333;0.11753022946400028;0.5249795249795249;0;0.3212093221395766;0.6;1.0;0;1;0;1
4;0.08333333333333333;0.00934584283515;0.3022113022113022;0;0.10115143505580738;0.2;1.0;0;1;0;0
3;0.08333333333333333;0.05681932041102661;0.29074529074529076;0;0.04692447669560215;0.4;0.0;0;1;0;0
2;0.0;0.10463027861964311;0.19983619983619982;1;0.7003944158166319;0.4;0.0;0;1;0;1
4;0.08333333333333333;0.21503397755889897;0.4258804258804259;1;0.3194437898617664;0.0;0.0;0;1;0;0
4;0.08333333333333333;0.18613890641076875;0.6945126945126945;1;0.1446346588363382;0.2;0.0;1;0;0;0
1;0.25;0.08322009048597206;0.18181818181818182;1;0.7533602250644054;0.4;0.0;0;1;0;1
2;0.08333333333333333;0.23901662657629083;0.36036036036036034;0;0.6312813340173059;0.2;0.0;0;0;1;0
4;0.25;0.0783765134323521;0.588042588042588;1;0.49148189529638087;0.4;0.0;0;1;0;0
0;0.25;0.08094239305124552;0.343980343980344;0;0.40626492313089196;0.0;0.0;0;1;0;0
0;0.3333333333333333;0.14179015820075655;0.4307944307944308;1;0.18769359390681906;0.4;0.0;0;1;0;0
3;0.3333333333333333;0.2338089665222968;0.18263718263718265;0;0.2243939028901892;0.0;0.0;0;1;0;0
0;0.25;0.10264188788907412;0.4266994266994267;1;0.14198603583039446;0.4;0.0;0;1;0;0
4;0.4166666666666667;0.3210294220646063;0.32596232596232594;1;0.6259201543355051;0.4;0.0;0;1;0;0
4;0.25;0.029386136668537247;0.5184275184275184;1;0.5681319501627783;0.4;0.0;0;1;0;0
4;0.08333333333333333;0.2871227114842533;0.5511875511875511;1;0.3838230360665706;0.2;0.0;0;1;0;0
0;0.3333333333333333;0.027812131133005492;0.7805077805077805;1;0.48669099302125196;0.4;0.0;0;0;1;0
0;0.4166666666666667;0.0830944215441808;0.4512694512694513;1;0.44062035358551466;0.2;1.0;0;1;0;0
3;0.25;0.17682225147710678;0.4103194103194103;1;0.1835798472594541;0.4;0.0;0;1;0;1
0;0.25;0.1798931319230537;0.3882063882063882;1;0.2958847267884905;0.4;0.0;0;1;0;0
2;0.4166666666666667;0.036198122533797554;0.2989352989352989;0;0.3496858664312903;0.2;1.0;0;1;0;0
4;0.25;0.4740673631287279;0.411957411957412;1;0.9381227657751182;0.8;1.0;0;1;0;1
3;0.16666666666666666;0.00928110912080151;0.30794430794430794;0;0.7554516463761638;0.0;1.0;1;0;0;1
4;0.3333333333333333;0.003869551239879204;0.3841113841113841;0;0.09366890641717157;0.4;0.0;0;0;1;0
4;0.16666666666666666;0.2049056102616963;0.5724815724815725;0;0.16558880042459317;0.2;0.0;0;1;0;0
3;0.0;0.19012665903456205;0.19164619164619165;1;0.29027938318289753;0.8;0.0;0;1;0;1
4;0.08333333333333333;0.13875169789487096;0.542997542997543;1;0.5704785926456698;0.4;0.0;0;1;0;0
3;0.16666666666666666;0.21159354816886597;0.5724815724815725;0;0.6299957304478978;0.4;0.0;0;0;1;0
2;0.3333333333333333;0.016396778249506673;0.33742833742833744;1;0.16954781771792823;0.2;0.0;0;1;0;0
4;0.16666666666666666;0.011121762520341331;0.009009009009009009;0;0.21920975198210937;0.6;0.0;0;1;0;1
1;0.25;0.3879019289898604;0.2571662571662572;1;0.25853696606874876;0.6;0.0;0;0;1;1
0;0.16666666666666666;0.10883882724596618;0.5692055692055692;0;0.4555363980224995;0.4;0.0;0;0;1;1
4;0.16666666666666666;0.2807485555736537;0.35298935298935297;1;0.39937469998104774;0.6;0.0;0;0;1;1
4;0.25;0.26354351128216014;0.19328419328419327;1;0.2713943830267029;0.4;0.0;0;0;1;0
4;0.3333333333333333;0.11774402667253447;0.27436527436527436;1;0.3570233487629586;0.2;0.0;0;0;1;0
4;0.4166666666666667;0.11010043345089071;0.49467649467649466;0;0.23819838680874078;0.6;0.0;0;1;0;1
4;0.3333333333333333;0.04957820359461445;0.44635544635544633;0;0.5291720166791789;0.4;0.0;0;1;0;0
2;0.25;0.01789706765661527;0.3177723177723178;1;0.8440020202355814;0.6;0.0;0;0;1;1
4;0.3333333333333333;0.1290328942855386;0.2964782964782965;0;0.6118032514455486;0.2;1.0;0;1;0;1
4;0.16666666666666666;0.18941677963286488;0.29238329238329236;1;0.21113833929478545;0.2;0.0;1;0;0;1
2;0.4166666666666667;0.08745680803122152;0.20556920556920558;1;0.6072240190360367;0.2;0.0;0;1;0;0
3;0.0;0.005739568378114272;0.6216216216216216;0;0.6712228224485718;0.2;0.0;0;1;0;1
3;0.08333333333333333;0.01735019768492707;0.30384930384930386;1;0.05669200541658641;0.2;0.0;0;1;0;0
4;0.25;0.011896261242185721;0.5561015561015561;1;0.6017933549352159;0.4;0.0;0;1;0;1
4;0.3333333333333333;0.11925935754017708;0.6060606060606061;1;0.49654966708694304;0.2;0.0;0;1;0;1
2;0.16666666666666666;0.09249646405430278;0.5200655200655201;1;0.2923144093572382;0.4;0.0;0;0;1;0
4;0.25;0.0698393512065115;0.2858312858312858;1;0.6843231242241897;0.4;0.0;0;1;0;1
4;0.08333333333333333;0.08716028114895141;0.4226044226044226;1;0.3940629828963601;0.4;0.0;0;0;1;0
2;0.25;0.03585884256117257;0.35298935298935297;0;0.5099691108659845;0.4;0.0;0;1;0;0
4;0.25;0.18166976968257417;0.20884520884520885;1;0.4556351999857254;0.4;0.0;0;1;0;0
0;0.4166666666666667;0.04424919228545349;0.4095004095004095;1;0.28893100786463416;0.4;0.0;0;1;0;0
3;0.25;0.1149442496141723;0.1638001638001638;0;0.36282849473666384;0.2;0.0;0;1;0;0
4;0.5;0.05508906407809175;0.5511875511875511;0;0.3270815929625063;0.4;1.0;0;0;1;1
4;0.25;0.008264714420317386;0.2809172809172809;0;0.6086344483867251;0.2;0.0;0;0;1;0
2;0.08333333333333333;0.03297616709790775;0.38984438984438985;0;0.5030442676885353;0.8;0.0;0;0;1;1
1;0.0;0.37325683624900574;0.40294840294840295;1;0.4788157002021546;0.2;0.0;1;0;0;0
4;0.08333333333333333;0.023450628376244273;0.3144963144963145;1;0.4900752861854262;0.0;0.0;0;1;0;0
3;0.08333333333333333;0.012264650275514304;0.45290745290745293;1;0.4256555994916388;0.2;0.0;0;0;1;0
4;0.08333333333333333;0.03821914687132039;0.27927927927927926;1;0.40036583764014755;0.6;0.0;0;0;1;1
4;0.08333333333333333;0.2339397637309933;0.4995904995904996;0;0.5151208198006392;0.4;0.0;0;0;1;0
3;0.16666666666666666;0.04057878853440189;0.13595413595413594;1;0.14796152641582053;0.0;0.0;0;1;0;0
4;0.4166666666666667;0.060039325194895056;0.3775593775593776;1;0.2444129907256545;0.0;0.0;1;0;0;0
3;0.08333333333333333;0.041230122154664546;0.674037674037674;0;0.6221117428990488;0.2;0.0;0;1;0;0
4;0.6666666666666666;0.5014633728554473;0.19246519246519248;1;0.8254432421417625;0.2;0.0;0;0;1;1
4;0.16666666666666666;1.0;0.2457002457002457;1;0.464361868030006;0.4;0.0;0;1;0;0
4;0.16666666666666666;0.07328598902300935;0.4406224406224406;1;0.5860939874866358;0.6;0.0;0;1;0;1
4;0.3333333333333333;0.17087120426125485;0.3857493857493858;1;0.45418020354236455;0.6;0.0;0;1;0;1
1;0.08333333333333333;0.02758462238271151;0.4144144144144144;0;0.3688613014103345;0.6;1.0;0;1;0;1
3;0.5833333333333334;0.05210108697738345;0.43652743652743653;0;0.55849917012436;0.2;1.0;0;1;0;1
4;0.4166666666666667;0.12648288446537523;0.46027846027846026;1;0.3273532398874656;0.8;0.0;0;0;1;1
4;0.16666666666666666;0.0374645246147556;0.538083538083538;1;0.48466426288304804;0.2;0.0;0;1;0;1
4;0.08333333333333333;0.028248390797032594;0.42342342342342343;1;0.4858815242649945;0.4;0.0;0;1;0;0
3;0.08333333333333333;0.2841184046711766;0.31695331695331697;1;0.38966120996661335;0.6;0.0;0;1;0;1
4;0.25;0.031097351958223034;0.4668304668304668;1;0.2437847530751844;0.4;0.0;0;1;0;0
3;0.8333333333333334;0.006729716572294321;0.6674856674856675;1;0.6619599074342803;0.8;0.0;0;1;0;1
1;0.25;0.15466500733928915;0.33497133497133497;1;0.46417447822533925;0.2;0.0;0;1;0;1
3;0.4166666666666667;0.03094583223862526;0.19737919737919737;1;0.4033477898178524;0.0;1.0;0;1;0;1
4;0.0;0.06648743570201002;0.538083538083538;1;0.27645067502798165;0.2;1.0;0;1;0;0
3;0.3333333333333333;0.013091692755842776;0.3366093366093366;1;0.15759875861133898;0.2;0.0;0;1;0;0
4;0.3333333333333333;0.00782774606363785;0.000819000819000819;1;0.9060954362235919;0.6;0.0;0;1;0;1
4;0.3333333333333333;0.06858370389876661;0.4954954954954955;0;0.5828718303348048;0.2;0.0;0;1;0;0
4;0.08333333333333333;0.04567395801751623;0.26863226863226863;0;0.07526287038262684;0.2;0.0;1;0;0;1
4;0.3333333333333333;0.07838152672515827;0.3415233415233415;1;0.7010835364559951;0.2;0.0;0;1;0;1
3;0.3333333333333333;0.3754621118312184;0.41113841113841115;1;0.47338363094093805;0.2;0.0;0;1;0;1
4;0.3333333333333333;0.05814728364526812;0.3882063882063882;1;0.4084959278207833;0.4;0.0;0;1;0;0
2;0.25;0.10262525504253822;0.4725634725634726;1;0.2985512073720164;0.4;0.0;0;1;0;0
4;0.25;0.011356752296555027;0.28501228501228504;1;0.48200908288278316;0.2;0.0;0;1;0;1
4;0.25;0.24147336447241355;0.4406224406224406;1;0.3733015705843799;0.4;0.0;0;1;0;0
4;0.25;0.18231777234235863;0.3144963144963145;1;0.20859887967279284;0.0;0.0;0;1;0;0
3;0.08333333333333333;0.08215660135200464;0.4774774774774775;0;0.2536138012248529;0.0;0.0;0;1;0;0
4;0.08333333333333333;0.022470721396427633;0.45782145782145783;1;0.8132427230632137;0.0;0.0;0;1;0;1
4;0.3333333333333333;0.06168811677552044;0.2031122031122031;1;0.4233218771941185;0.4;1.0;0;1;0;0
4;0.3333333333333333;0.039201673751045704;0.5348075348075348;1;0.19969746234666175;0.4;0.0;1;0;0;0
4;0.4166666666666667;0.5791945823723575;0.26863226863226863;0;0.10998337762390362;0.6;1.0;0;1;0;1
2;0.25;0.07503473918054476;0.48894348894348894;1;0.3027739869242041;0.6;1.0;0;1;0;1
1;0.3333333333333333;0.06097001415623142;0.4168714168714169;1;0.1846103568996663;0.2;0.0;1;0;0;1
3;0.08333333333333333;0.020536681992632606;0.6576576576576577;1;0.17073610694314298;0.4;0.0;0;0;1;1
0;0.4166666666666667;0.030335931540168556;0.3202293202293202;1;0.6867286627103045;0.6;0.0;0;1;0;1
2;0.0;0.1382762620450535;0.29975429975429974;1;0.39725545746442575;0.2;1.0;0;0;1;0
4;0.3333333333333333;0.08510813637565527;0.3538083538083538;0;0.5263497397011944;0.0;0.0;0;1;0;0
2;0.16666666666666666;0.04924588431427488;0.3071253071253071;1;0.3313515486324933;0.8;0.0;0;1;0;1
3;0.08333333333333333;0.03914304635235225;0.4873054873054873;0;0.28380104429803227;0.6;0.0;0;1;0;1
4;0.5833333333333334;0.024862045869322957;0.09172809172809172;1;0.5166445347471111;0.4;1.0;0;1;0;1
4;0.25;0.003767594659575695;0.18427518427518427;0;0.33222910533041333;0.0;0.0;0;1;0;0
2;0.4166666666666667;0.42038769718242663;0.18181818181818182;1;0.30973324920888473;0.2;0.0;0;1;0;0
0;0.25;0.1555727141011153;0.5126945126945127;1;0.038569551498441254;0.4;0.0;0;1;0;0
4;0.08333333333333333;0.2924852229145884;0.6371826371826372;1;0.293828432961535;0.2;0.0;0;1;0;0
2;0.5;0.059120843773475304;0.33988533988533987;0;0.5480666990677832;0.4;0.0;0;1;0;1
3;0.3333333333333333;0.226413295823743;0.32923832923832924;1;0.8086742802466631;0.0;0.0;0;1;0;1
2;0.08333333333333333;0.0328711706259948;0.36855036855036855;1;0.3469977187928461;0.4;0.0;0;1;0;0
4;0.25;0.07926548094488783;0.5470925470925471;0;0.24726232655172942;0.0;0.0;0;1;0;0
4;1.0;0.025104427965020087;0.20475020475020475;1;0.3182367288671448;0.0;0.0;1;0;0;1
4;0.08333333333333333;0.1636205871646154;0.3955773955773956;1;0.13136485217923116;0.2;0.0;0;1;0;0
4;0.16666666666666666;0.07652272253272546;0.5167895167895168;1;0.6091874898432964;0.2;0.0;0;1;0;0
3;0.25;0.08543484173941215;0.438984438984439;0;0.31512211707887167;0.6;0.0;0;0;1;1
2;0.4166666666666667;0.21826195598859865;0.38738738738738737;1;0.3165912649646424;0.8;1.0;0;1;0;1
2;0.4166666666666667;0.14948132141135967;0.5208845208845209;1;0.371284472390175;0.0;0.0;0;0;1;0
3;0.0;0.3770429559010666;0.0;1;0.47086740061403015;0.2;1.0;0;1;0;1
2;0.08333333333333333;0.05776261697427872;0.46764946764946763;1;0.15196247221596118;0.4;0.0;0;1;0;0
3;0.25;0.0687919859501131;0.2497952497952498;1;0.4029643395601605;0.4;0.0;0;1;0;0
4;0.16666666666666666;0.1062343642330786;0.056511056511056514;1;0.1887727623252235;0.0;0.0;0;1;0;0
3;0.3333333333333333;0.06712232464583694;0.4406224406224406;0;0.8183307632173656;0.0;0.0;0;1;0;1
2;0.4166666666666667;0.06046702683729662;0.5814905814905815;0;0.5305122747300767;0.2;0.0;0;0;1;0
4;0.3333333333333333;0.04626017556371421;0.33415233415233414;1;0.6101201856495829;0.2;0.0;0;0;1;0
3;0.25;0.1983314701893607;0.5126945126945127;0;0.17485476382196652;0.4;1.0;0;1;0;0
2;0.25;0.08476894352171317;0.6208026208026208;0;0.25439058800435377;0.4;1.0;0;0;1;0
2;0.16666666666666666;0.10396227814766594;0.5716625716625716;0;0.2597614790496126;0.2;1.0;0;1;0;0
3;0.3333333333333333;0.025327332623845872;0.6248976248976249;1;0.5768980471521565;0.4;0.0;0;1;0;0
4;0.4166666666666667;0.032203934535861824;0.4782964782964783;1;0.19724589094844805;0.0;0.0;0;1;0;0
4;0.08333333333333333;0.046128888746048737;0.36936936936936937;1;0.13705885732405879;0.4;0.0;0;0;1;0
4;0.4166666666666667;0.06960365211271273;0.09418509418509419;1;0.7428825971082172;0.4;0.0;0;1;0;1
1;0.16666666666666666;0.004928733312186252;0.31613431613431614;1;0.05410952620418958;0.0;0.0;0;1;0;0
4;0.16666666666666666;0.2439126220077921;0.21867321867321868;0;0.26450175191374875;0.2;1.0;0;0;1;0
2;0.25;0.2603420637738254;0.7125307125307125;0;0.3535287320983554;0.2;0.0;0;1;0;1
4;0.0;0.12051784004411338;0.3276003276003276;1;0.26130689087690856;0.2;0.0;0;1;0;0
2;0.25;0.04219808542868675;0.37674037674037675;1;0.7126606828220887;0.0;0.0;0;1;0;1
4;0.0;0.05407877607597236;0.44717444717444715;1;0.1878482428228716;0.8;0.0;0;1;0;1
1;0.16666666666666666;0.14729853238668997;0.36363636363636365;0;0.4275352629956652;0.2;1.0;0;1;0;0
3;0.25;0.03745869456395772;0.6347256347256347;1;0.2775841052329998;0.2;1.0;1;0;0;0
2;0.25;0.10439245011177534;0.2547092547092547;1;0.3394624853069011;0.0;0.0;0;1;0;0
4;0.08333333333333333;0.26333896564040515;0.3882063882063882;0;0.1446285385411605;0.4;0.0;0;1;0;0
4;0.4166666666666667;0.05872322444678496;0.23505323505323505;0;0.32831685956011836;0.0;0.0;0;1;0;1
4;0.25;0.09833813797622136;0.14004914004914004;0;0.6945896084581328;0.4;1.0;0;1;0;1
3;0.3333333333333333;0.2935998820124477;0.25634725634725636;0;0.42500853828218926;0.2;0.0;0;1;0;0
4;0.3333333333333333;0.04626183320561033;0.35053235053235055;1;0.5632571994131441;0.2;0.0;0;0;1;0
3;0.16666666666666666;0.1585549689607749;0.28665028665028663;1;0.15341038980559898;0.2;0.0;0;1;0;0
4;0.08333333333333333;0.15648296487264185;0.24324324324324326;0;0.5306813645497228;0.2;0.0;0;1;0;0
4;0.3333333333333333;0.29345258972622573;0.12612612612612611;1;0.43357725143960213;0.2;1.0;0;1;0;0
0;0.16666666666666666;0.21757900501133579;0.34316134316134317;1;0.4004272791750373;0.4;1.0;0;1;0;0
4;0.9166666666666666;0.1536593880024758;0.11056511056511056;0;0.24737479564419051;0.4;0.0;0;0;1;1
2;0.3333333333333333;0.11253503070268166;0.48157248157248156;1;0.6023524413827577;0.2;0.0;0;0;1;0
0;0.08333333333333333;0.030640415956515624;0.3701883701883702;1;0.03931296610218233;0.2;0.0;0;1;0;0
4;0.25;0.123507301743134;0.11793611793611794;1;0.24063724445338547;0.0;0.0;0;0;1;0
3;0.3333333333333333;0.03593395695247911;0.3063063063063063;1;0.593426840263839;0.0;0.0;0;1;0;0
3;0.4166666666666667;0.06444920043928398;0.2334152334152334;0;0.4177937280619314;0.2;1.0;0;1;0;0
2;0.0;0.13754984644570986;0.4086814086814087;1;0.514817216028909;0.2;1.0;0;1;0;0
2;0.16666666666666666;0.12495094219007727;0.5765765765765766;0;0.12736084382237575;0.6;0.0;0;1;0;1
2;0.4166666666666667;0.05699124230621611;0.04914004914004914;1;0.6006335501724924;0.2;0.0;1;0;0;0
4;0.4166666666666667;0.022375223411306887;0.3759213759213759;0;0.5995759133297742;0.4;1.0;0;1;0;0
1;0.16666666666666666;0.07358103358185823;0.33005733005733007;0;0.3263784427698416;0.2;0.0;0;1;0;0
4;0.25;0.03494335002524511;0.4668304668304668;0;0.14168984378200722;0.2;1.0;0;0;1;0
4;0.08333333333333333;0.032749244622983696;0.3914823914823915;1;0.39510804697852836;0.4;0.0;0;1;0;0
4;0.16666666666666666;0.043959300259797;0.2334152334152334;1;0.39131012870412385;0.2;1.0;0;0;1;0
1;0.16666666666666666;0.13623119846078083;0.3046683046683047;1;0.07643018907921126;0.0;0.0;0;1;0;0
4;0.16666666666666666;0.0764527205132494;0.22604422604422605;0;0.7793580653959414;0.2;0.0;0;1;0;1
0;0.3333333333333333;0.05190135841319676;0.5331695331695332;0;0.49045339829675594;0.0;0.0;0;0;1;0
4;0.16666666666666666;0.2567967282261121;0.36036036036036034;1;0.3711308453031211;0.2;0.0;0;1;0;0
1;0.0;0.13643702707700547;0.6683046683046683;1;0.34615202284849134;0.2;0.0;0;0;1;0
4;0.3333333333333333;0.07587147012678094;0.3464373464373464;1;0.6975014700090365;0.4;0.0;0;1;0;1
4;0.25;0.060788222720790416;0.24078624078624078;0;0.0799996330894879;0.0;0.0;0;0;1;0
4;0.16666666666666666;0.19005162985264187;0.10892710892710893;1;0.5866816826623495;0.8;0.0;0;1;0;1
4;0.16666666666666666;0.021055590971949704;0.06142506142506143;1;0.20320192131257575;0.4;0.0;0;1;0;1
0;0.3333333333333333;0.12133448493135315;0.09746109746109746;0;0.39496214794617207;0.4;0.0;0;0;1;0
2;0.5;0.00229369376126952;0.4004914004914005;1;0.3020399372144466;0.0;1.0;0;1;0;1
2;0.25;0.0007076658895535807;0.4398034398034398;0;0.21157722532951517;0.8;0.0;0;0;1;1
4;0.25;0.2986911692244449;0.09746109746109746;0;0.23625010526192797;0.4;0.0;0;0;1;0
4;0.3333333333333333;0.08021240179782063;0.5036855036855037;0;0.6059287299221272;0.2;0.0;0;0;1;0
1;0.25;0.042046013311288453;0.27764127764127766;1;0.4410667293144901;0.4;0.0;0;0;1;1
4;0.0;0.17609604370246257;0.3808353808353808;1;0.7065850558139315;0.2;0.0;0;1;0;1
4;0.0;0.4659518029165874;0.6208026208026208;1;0.18035104312401137;0.2;1.0;0;1;0;1
4;0.4166666666666667;0.003827027279959669;0.5036855036855037;1;0.42206751981859714;0.4;0.0;0;1;0;0
4;0.25;0.00423649975870175;0.31285831285831284;1;0.2246083473128902;0.6;0.0;0;1;0;1
1;0.16666666666666666;0.2146229201655337;0.21048321048321048;0;0.28049141243372067;0.6;0.0;0;1;0;1
3;0.08333333333333333;0.09045108318098503;0.004095004095004095;0;0.3994854756267989;0.2;0.0;0;1;0;0
4;0.5;0.2384181990921711;0.23914823914823916;0;0.49573251851966427;0.4;0.0;0;1;0;1
3;0.08333333333333333;0.13192397461194408;0.32186732186732187;0;0.5515214436496347;0.6;0.0;0;1;0;1
3;0.16666666666666666;0.07069467719887644;0.19492219492219492;1;0.20858881694757178;0.0;0.0;0;1;0;0
3;0.16666666666666666;0.019508716787360523;0.33497133497133497;0;0.3110708132046151;0.2;0.0;0;0;1;1
4;0.16666666666666666;0.054904157694151294;0.36936936936936937;1;0.06536859813514956;0.4;0.0;0;1;0;0
4;0.3333333333333333;0.17207707547041437;0.3202293202293202;1;0.22576919791226965;0.4;0.0;0;1;0;0
2;0.16666666666666666;0.029579356084669124;0.2497952497952498;1;0.22194142232283212;0.0;1.0;0;0;1;0
0;0.25;0.13857711587131682;0.3841113841113841;1;0.6514356299702708;0.4;0.0;0;1;0;1
4;0.25;0.03154681666281005;0.42915642915642915;0;0.24753579097704187;0.6;0.0;1;0;0;1
2;0.5;0.0692224894794949;0.17772317772317772;1;0.6993593665853199;0.2;0.0;0;1;0;1
4;0.25;0.00986701423999683;0.588042588042588;0;0.5544943562870214;0.0;0.0;0;1;0;0
4;0.0;0.06746600793369831;0.3407043407043407;1;0.3893333911916934;0.6;1.0;0;1;0;1
3;0.3333333333333333;0.10547443369747213;0.3595413595413595;1;0.26660659150237465;0.2;0.0;0;0;1;0
3;0.3333333333333333;0.09212100636593698;0.4725634725634726;1;0.6107456787478543;0.4;1.0;0;1;0;0
0;0.16666666666666666;0.057974348494551374;0.39475839475839475;1;0.4309967075149007;0.4;0.0;0;0;1;0
0;0.3333333333333333;0.051286097048881873;0.5126945126945127;1;0.20803288514529827;0.2;0.0;0;1;0;0
4;0.3333333333333333;0.03577341926638531;0.4037674037674038;0;0.7078946452290125;0.2;0.0;0;1;0;1
4;0.3333333333333333;0.16206513433727235;0.25634725634725636;1;0.4142748977135035;0.4;0.0;0;1;0;0
2;0.25;0.16974569486432317;0.41605241605241605;1;0.4589624859977024;0.4;0.0;0;1;0;0
4;0.08333333333333333;0.07334081507535248;0.16953316953316952;1;0.6316849729177019;0.0;0.0;0;1;0;0
3;0.0;0.05358091335633786;0.37428337428337427;1;0.29819903659478786;0.2;1.0;0;0;1;0
3;0.0;0.11281318908110594;0.35135135135135137;0;0.3212740347009848;0.6;0.0;0;1;0;1
2;0.3333333333333333;0.09070678112985804;0.3226863226863227;1;0.41139759202831894;0.4;0.0;0;1;0;0
4;0.08333333333333333;0.12236681355507921;0.3357903357903358;1;0.41859043307800753;0.0;0.0;0;1;0;0
2;0.0;0.040577042175467884;0.04832104832104832;1;0.1559674199601879;0.2;0.0;0;0;1;0
4;0.16666666666666666;0.17270848395006477;0.266994266994267;1;0.105095053663483;0.0;0.0;1;0;0;0
4;0.16666666666666666;0.042310390309044814;0.37182637182637185;1;0.3900059253721964;0.2;0.0;0;0;1;0
0;0.25;0.0602961294267366;0.3824733824733825;0;0.5028151250550129;0.4;0.0;1;0;0;0
4;0.4166666666666667;0.015736057546528466;0.18837018837018837;1;0.2208828635355583;0.0;0.0;0;0;1;0
4;0.5833333333333334;0.21507380405299045;0.5642915642915642;1;0.4596302380198086;0.2;0.0;1;0;0;1
4;0.16666666666666666;0.11493566399780204;0.21457821457821458;1;0.4632459829872279;0.2;0.0;0;0;1;0
2;0.3333333333333333;0.02977844428400263;0.5151515151515151;1;0.5285106935226154;0.2;0.0;0;1;0;0
2;0.25;0.21229968063207147;0.4266994266994267;1;0.5323874685810268;0.0;0.0;0;1;0;0
4;0.4166666666666667;0.13568531652897156;0.25061425061425063;1;0.24424537773953925;0.2;1.0;0;1;0;0
4;0.5;0.06487934896210497;0.6478296478296478;1;0.41470453080572905;0.0;0.0;0;1;0;1
4;0.6666666666666666;0.5106002048866938;0.16134316134316135;0;0.20856049196071083;0.2;0.0;0;1;0;1
2;0.08333333333333333;0.04569433775179966;0.506961506961507;0;0.35813879451504393;0.2;0.0;0;1;0;0
4;0.25;0.011597966297286221;0.5208845208845209;0;0.07117486659246898;0.4;0.0;0;0;1;0
4;0.3333333333333333;0.147051148306813;0.24651924651924653;0;0.15324495452157785;0.4;0.0;0;1;0;0
3;0.0;0.15736209934491194;0.5847665847665847;0;0.5825157044179936;0.0;0.0;0;0;1;0
4;0.25;0.006692735469841995;0.3153153153153153;1;0.7331338399596813;0.6;0.0;0;0;1;1
4;0.4166666666666667;0.19037298178524145;0.4037674037674038;0;0.5132820485257492;0.4;0.0;1;0;0;0
3;0.08333333333333333;0.16636946626996593;0.39967239967239965;1;0.2853668856485442;0.0;0.0;0;0;1;0
4;0.16666666666666666;0.2951794438244527;0.33497133497133497;1;0.10795168701535275;0.2;0.0;0;0;1;0
2;0.16666666666666666;0.013970835843434358;0.48976248976248976;1;0.4427260540222956;0.2;0.0;0;1;0;0
0;0.3333333333333333;0.10210908884752307;0.4864864864864865;1;0.4566474716703308;0.4;0.0;0;1;0;0
1;0.25;0.027493742009055196;0.07043407043407043;1;0.13994017557482452;0.0;0.0;0;1;0;1
1;0.08333333333333333;0.05666521418862081;0.5700245700245701;1;0.26483390130471524;0.0;0.0;0;0;1;0
2;0.4166666666666667;0.034201721564456895;0.08435708435708436;1;0.3096330013651169;0.0;0.0;0;0;1;0
4;0.5;0.06630818846686644;0.5257985257985258;1;0.4187858748442887;0.6;0.0;0;0;1;1
4;0.25;0.013257042087499183;0.5413595413595413;1;0.12299305816933666;0.4;0.0;0;1;0;1
4;0.25;0.04017693069623185;0.17772317772317772;1;0.27174166426687485;0.0;1.0;0;1;0;0
3;0.0;0.008115177168710862;0.2891072891072891;1;0.028371572921056566;0.6;0.0;0;1;0;1
3;0.16666666666666666;0.0752521049168416;0.17526617526617527;0;0.022688765884601274;0.0;0.0;0;1;0;0
3;0.08333333333333333;0.039090751504692;0.32186732186732187;1;0.17857647518005954;0.4;0.0;0;1;0;0
4;0.3333333333333333;0.09921995397338378;0.3063063063063063;1;0.43175250958748523;0.6;0.0;0;1;0;1
2;0.5;0.067761967728319;0.48402948402948404;1;0.5956662467002577;0.4;0.0;0;0;1;1
4;0.4166666666666667;0.031031852769692225;0.5716625716625716;0;0.2652767137414133;0.0;0.0;0;1;0;0
4;0.25;0.012017734899551212;0.5855855855855856;0;0.13230254792493296;0.4;0.0;0;1;0;0
4;0.16666666666666666;0.1556657444019162;0.26453726453726456;1;0.4586361287178286;0.2;0.0;1;0;0;0
4;0.16666666666666666;0.11150427843285275;0.3226863226863227;0;0.3568945787568628;0.4;0.0;0;1;0;0
4;0.3333333333333333;0.0036561764811072033;0.08108108108108109;1;0.46770726884512925;0.2;0.0;0;1;0;0
0;0.5;0.5054910255637297;0.2244062244062244;0;0.5322510197420097;0.4;1.0;0;1;0;1
2;0.16666666666666666;0.11437920713182825;0.5143325143325144;1;0.23132279609337023;0.2;0.0;0;1;0;0
3;0.4166666666666667;0.025762284576539007;0.6216216216216216;1;0.6620158729415386;0.4;0.0;0;1;0;1
2;0.25;0.20418294996868425;0.1547911547911548;0;0.07011890417751043;0.2;0.0;0;1;0;0
4;0.3333333333333333;0.23781158665124225;0.2596232596232596;1;0.5019839109889576;0.8;0.0;0;1;0;1
4;0.25;0.09479448925258689;0.3521703521703522;0;0.4671749773599866;0.6;0.0;0;1;0;1
2;0.16666666666666666;0.2411369895329235;0.40294840294840295;0;0.313120678527955;0.2;0.0;0;1;0;0
4;0.5833333333333334;0.003224606857664771;0.2244062244062244;0;0.058574384610745774;0.4;0.0;0;0;1;1
2;0.3333333333333333;0.3229904118936257;0.4258804258804259;0;0.20432651584796174;0.4;0.0;0;1;0;0
2;0.5833333333333334;0.006484652571620514;0.27927927927927926;1;0.5776628582284488;0.4;1.0;0;0;1;1
0;0.16666666666666666;0.11434802306799892;0.3546273546273546;0;0.021055878850625185;0.4;0.0;0;1;0;0
4;0.4166666666666667;0.04716196820461753;0.44635544635544633;0;0.32708412875502524;0.2;0.0;0;1;0;0
4;0.3333333333333333;0.0043929393317105134;0.3579033579033579;1;0.7931014354968947;0.0;0.0;0;0;1;1
4;0.25;0.29469363395939013;0.28501228501228504;1;0.2770178581586782;0.0;0.0;0;1;0;0
4;0.3333333333333333;0.016113102359023152;0.33906633906633904;1;0.297035671875409;0.4;0.0;0;1;0;0
4;0.16666666666666666;0.21383052682680392;0.34234234234234234;0;0.30507379303767207;0.2;0.0;0;1;0;0
2;0.0;0.04454783200826104;0.29565929565929566;1;0.45645359775583566;0.4;0.0;0;1;0;0
4;0.3333333333333333;0.15031498032076038;0.3144963144963145;1;0.6283721190180498;0.0;0.0;0;0;1;1
4;0.16666666666666666;0.03256801952757472;0.6183456183456183;1;0.13411487444137024;0.4;0.0;0;0;1;0
4;0.4166666666666667;0.09736838229925944;0.4488124488124488;1;0.7686337161500234;0.0;1.0;0;1;0;1
2;0.3333333333333333;0.1787603358233612;0.30794430794430794;1;0.5996676420678058;0.4;1.0;0;1;0;0
2;0.0;0.09285259491283733;0.47092547092547093;0;0.5927924370651461;0.2;0.0;0;1;0;1
4;0.4166666666666667;0.04066317836453133;0.3022113022113022;1;0.4322864096635423;0.2;0.0;1;0;0;0
2;0.0;0.02950939822563598;0.5487305487305487;0;0.2062831148740755;0.0;0.0;0;0;1;0
4;0.6666666666666666;0.021308945890130302;0.4168714168714169;0;0.4696881997318474;0.2;0.0;0;0;1;1
2;0.4166666666666667;0.2030141290750106;0.33906633906633904;0;0.3892502412835591;0.4;1.0;0;1;0;0
4;0.25;0.10496996896429647;0.42997542997543;0;0.17473409158429895;0.4;0.0;0;0;1;0
4;0.08333333333333333;0.07900317696213051;0.0990990990990991;1;0.1928887079052806;0.8;1.0;0;1;0;1
4;0.16666666666666666;0.03187787877591977;0.171990171990172;1;0.09239372950965372;0.4;0.0;0;1;0;0
4;0.25;0.06321099925763583;0.16134316134316135;0;0.38074602513074335;0.4;0.0;0;0;1;0
4;0.4166666666666667;0.10760932670192049;0.38001638001638;1;0.3728843511963558;0.4;0.0;0;1;0;0
3;0.08333333333333333;0.008230557409993365;0.6404586404586404;1;0.1624378003499331;0.4;0.0;1;0;0;0
3;0.08333333333333333;0.04971199035915604;0.7223587223587223;1;0.5391182036428626;0.6;1.0;0;1;0;1
0;0.16666666666666666;0.03039366499423078;0.4610974610974611;0;0.2855664576404488;0.6;1.0;0;0;1;1
1;0.25;0.1156388920949513;0.438984438984439;1;0.1872056747743826;0.4;0.0;0;1;0;1
4;0.0;0.10364131607638159;0.06142506142506143;1;0.46608917081821744;0.4;0.0;0;1;0;0
4;0.16666666666666666;0.03952385089648351;0.2678132678132678;1;0.4143817525131413;0.4;0.0;0;1;0;0
2;0.16666666666666666;0.004661778676706357;0.22768222768222768;1;0.3192044616591064;0.0;0.0;0;1;0;0
4;0.08333333333333333;0.022393884442582095;0.2547092547092547;1;0.5278198210283208;0.2;0.0;0;1;0;0
4;0.5;0.019338514042203794;0.32923832923832924;1;0.40180269446199485;0.2;0.0;0;1;0;1
4;0.08333333333333333;0.0934220313957741;0.27927927927927926;1;0.45837253314651494;0.0;0.0;0;1;0;0
1;0.5833333333333334;0.02056790503668927;0.03276003276003276;1;0.35945462072158413;0.2;0.0;0;1;0;1
4;0.3333333333333333;0.07319171940285975;0.47911547911547914;1;0.5274076938849424;0.4;0.0;0;1;0;0
3;0.5;0.10600035334059173;0.180999180999181;1;0.25538092747671215;0.4;0.0;0;1;0;1
4;0.0;0.23544441211786588;0.3955773955773956;1;0.18883466601454543;0.2;0.0;0;0;1;0
4;0.08333333333333333;0.03120481134991166;0.6961506961506961;1;0.3248089710611634;0.6;0.0;0;0;1;1
2;0.25;0.022816805004796586;0.20638820638820637;1;0.10964257144810881;0.2;0.0;0;1;0;0
3;0.25;0.0210999061362017;0.0;0;0.5837796010884863;0.2;0.0;0;1;0;1
2;0.5833333333333334;0.049662288182348815;0.3095823095823096;1;0.4035475478335594;0.0;0.0;0;0;1;1
4;0.0;0.11648135490740065;0.5372645372645373;0;0.6876723282653906;0.6;0.0;0;1;0;1
3;0.08333333333333333;0.12391810909998634;0.6773136773136773;1;0.06382490837001525;0.8;0.0;0;1;0;1
3;0.16666666666666666;0.026294210168882698;0.15561015561015562;1;0.20667312296714016;0.6;0.0;0;1;0;1
1;0.3333333333333333;0.015583636574922172;0.4381654381654382;1;0.06152340788648334;0.2;0.0;0;1;0;1
4;0.3333333333333333;0.06618303704317664;0.2800982800982801;1;0.2294969670495181;0.0;0.0;0;1;0;0
4;0.08333333333333333;0.016866351497093496;0.33906633906633904;0;0.2845054572384804;0.2;0.0;0;1;0;0
3;0.16666666666666666;0.18643928210100003;0.7895167895167895;1;0.08331021050269073;0.6;0.0;0;1;0;1
3;0.5;0.00967853157941452;0.11056511056511056;0;0.3958036468826149;0.8;0.0;0;1;0;1
3;0.25;0.15511530482322813;0.39803439803439805;1;0.6350724425066518;0.0;0.0;0;1;0;0
4;0.5833333333333334;0.0047799382298632275;0.4332514332514332;0;0.22055961682683903;0.0;1.0;0;1;0;1
4;0.25;0.18296327614441096;0.5348075348075348;1;0.4747785386659039;0.4;0.0;0;1;0;0
4;0.16666666666666666;0.10970496356368853;0.3726453726453726;0;0.6034017458947902;0.2;0.0;0;1;0;0
4;0.3333333333333333;0.04323107325155675;0.407043407043407;0;0.559090700949117;0.2;0.0;0;0;1;0
2;0.5;0.057796768881542886;0.29238329238329236;1;0.6306195680529507;0.0;0.0;0;1;0;1
4;0.3333333333333333;0.12451474314641348;0.4004914004914005;1;0.2832023762799963;0.2;0.0;0;1;0;0
2;0.16666666666666666;0.022777887143699466;0.30057330057330056;0;0.1345004067240897;0.2;0.0;0;1;0;1
4;0.3333333333333333;0.245852847725713;0.45864045864045866;1;0.6698513746296988;0.4;0.0;0;1;0;1
4;0.16666666666666666;0.07331059767953885;0.2964782964782965;1;0.3254600292084;0.0;0.0;0;1;0;0
4;0.4166666666666667;0.15878655301882721;0.41850941850941853;1;0.3208795474876753;0.4;0.0;0;1;0;0
2;0.0;0.07855524878487435;0.3521703521703522;1;0.27711064806662783;0.4;0.0;0;0;1;0
2;0.4166666666666667;0.06691223123906388;0.5413595413595413;0;0.29171345262132964;0.6;1.0;0;1;0;1
4;0.25;0.0704909795703285;0.34807534807534807;1;0.5192255232126012;0.0;1.0;0;0;1;0
4;0.0;0.050132203104133445;0.06633906633906633;1;0.6613240510983869;0.4;1.0;0;1;0;1
4;0.0;0.14675729645211166;0.5634725634725635;0;0.2996579778179333;0.4;1.0;1;0;0;1
4;0.16666666666666666;0.20819984566597516;0.20802620802620803;0;0.4249787557410012;0.0;0.0;0;0;1;0
4;0.25;0.21432802345844856;0.2497952497952498;1;0.2982718185991986;0.4;0.0;1;0;0;0
1;0.25;0.014299092518565013;0.2588042588042588;1;0.0821075630623627;0.0;0.0;0;1;0;1
4;0.3333333333333333;0.15935785668670693;0.5814905814905815;0;0.19013692010066036;0.4;0.0;0;1;0;0
4;0.16666666666666666;0.02475273019152229;0.006552006552006552;1;0.07565786888664428;0.2;1.0;0;0;1;0
4;0.5833333333333334;0.0012938284294749702;0.8705978705978706;0;0.052940363634514154;0.0;0.0;0;0;1;1
4;0.3333333333333333;0.035782675706907616;0.5298935298935299;0;0.38671484640523646;0.2;0.0;1;0;0;0
0;0.5833333333333334;0.03848889656748282;0.3931203931203931;0;0.22615925175189636;0.4;0.0;0;1;0;1
3;0.25;0.18459209478763922;0.34807534807534807;0;0.6667341112846203;0.2;0.0;0;0;1;1
4;0.16666666666666666;0.15084598662589843;0.4037674037674038;1;0.07760976868236752;0.2;0.0;0;1;0;0
4;0.16666666666666666;0.009776117759757546;0.44226044226044225;1;0.19523129228718794;0.2;0.0;0;1;0;0
3;0.25;0.043821826667856445;0.46273546273546273;0;0.3849712670384917;0.6;0.0;0;1;0;1
1;0.16666666666666666;0.03213307754010561;0.447993447993448;1;0.32259963376771106;0.4;0.0;0;1;0;0
4;0.3333333333333333;0.10062657271294774;0.371007371007371;1;0.5621958943119736;0.2;0.0;0;0;1;0
4;0.08333333333333333;0.08669905790539435;0.32432432432432434;1;0.20698644627254628;0.2;0.0;0;1;0;0
2;0.25;0.1263348629386185;0.3316953316953317;1;0.4514025928683826;0.4;0.0;0;1;0;1
4;0.4166666666666667;0.2687620721181488;0.32514332514332517;0;0.45942732313522355;0.8;0.0;0;1;0;1
4;0.08333333333333333;0.06074693036263694;0.5421785421785422;0;0.17435406075097495;0.2;0.0;0;1;0;0
4;0.25;0.1186407490885125;0.4537264537264537;1;0.6830067574095054;0.6;0.0;0;1;0;1
3;0.3333333333333333;0.2786933548708902;0.0;0;0.07511583631871246;0.4;0.0;0;1;0;0
4;0.5;0.08673998452202285;0.4643734643734644;1;0.1023276958681598;0.4;0.0;0;1;0;1
4;0.08333333333333333;0.040940858135630934;0.3882063882063882;0;0.490154766624416;0.4;0.0;0;0;1;0
4;0.25;0.05730777806403443;0.3538083538083538;1;0.368050318520055;0.4;0.0;1;0;0;0
4;0.16666666666666666;0.15625228944632932;0.2932022932022932;1;0.22107188536096675;0.2;0.0;0;1;0;0
4;0.16666666666666666;0.1415743646072723;0.5405405405405406;1;0.2953375878651612;0.4;0.0;0;1;0;0
4;0.5;0.15347667867284723;0.5118755118755118;0;0.36013397666145525;0.2;0.0;0;1;0;1
3;0.5833333333333334;0.1512356554746822;0.23013923013923013;1;0.32785737959671946;0.6;0.0;0;0;1;1
4;0.08333333333333333;0.28160159495979736;0.42342342342342343;1;0.24971279907639693;0.6;0.0;0;1;0;1
4;0.75;0.16059437175726562;0.19737919737919737;1;0.3278997094177509;0.2;1.0;0;1;0;1
4;0.25;0.21512594835891863;0.13104013104013104;1;0.3341421124211851;0.2;0.0;0;1;0;0
4;0.4166666666666667;0.09480134166277138;0.2538902538902539;1;0.30741140822801244;0.2;0.0;1;0;0;1
4;0.16666666666666666;0.11490365162126723;0.49795249795249796;1;0.4858965402611038;0.4;0.0;0;1;0;0
3;0.08333333333333333;0.3819435440650509;0.5126945126945127;0;0.07281469191568292;0.2;0.0;0;1;0;0
4;0.16666666666666666;0.22719817001371895;0.4406224406224406;1;0.16023591519876207;0.2;0.0;1;0;0;0
4;0.4166666666666667;0.16707624517365421;0.47583947583947583;0;0.3310499750867258;0.0;1.0;0;1;0;0
3;0.16666666666666666;0.12864646392768336;0.44144144144144143;0;0.4907944732526996;0.2;0.0;0;0;1;1
4;0.4166666666666667;0.049330311177525545;0.25143325143325146;1;0.5571252017549893;0.6;0.0;0;1;0;1
3;0.25;0.08831575330429534;0.4275184275184275;1;0.1037978314872774;0.4;0.0;1;0;0;1
4;0.0;0.006239983377697263;0.4881244881244881;0;0.06816680013276775;0.0;1.0;0;1;0;0
3;0.4166666666666667;0.059807835909454425;0.4799344799344799;0;0.31050670125233115;0.0;1.0;0;0;1;1
2;0.25;0.01313420480953114;0.5511875511875511;1;0.3703828298773143;0.6;0.0;0;1;0;1
3;0.0;0.14505721950829137;0.4725634725634726;1;0.42266722187698397;0.4;0.0;0;0;1;0
2;0.08333333333333333;0.24789739861702412;0.4144144144144144;0;0.15822787002076233;0.2;0.0;0;1;0;0
2;0.4166666666666667;0.021211554656581356;0.5323505323505323;0;0.07447125160387402;0.8;0.0;0;1;0;1
4;0.25;0.031301507773659934;0.3521703521703522;0;0.369299928230694;0.8;0.0;0;0;1;1
4;0.4166666666666667;0.21632061580524442;0.21212121212121213;1;0.47167514284398165;1.0;0.0;0;1;0;1
3;0.16666666666666666;0.0980108171664593;0.33005733005733007;0;0.4755950727092871;0.2;0.0;0;1;0;0
3;0.16666666666666666;0.09867818878900832;0.23505323505323505;0;0.17060046891566302;0.4;0.0;0;1;0;1
3;0.25;0.09200852319037385;0.2457002457002457;0;0.27903887181120546;0.4;0.0;0;0;1;0
2;0.08333333333333333;0.02732825921684853;0.3333333333333333;1;0.06958808433920514;0.4;0.0;0;1;0;0
4;0.16666666666666666;0.03095093853834158;0.22686322686322685;1;0.3519055177472938;0.2;0.0;0;0;1;0
3;0.0;0.33246617307025333;0.3063063063063063;1;0.13900188384104334;0.2;0.0;0;1;0;0
3;0.16666666666666666;0.14295752724859964;0.04668304668304668;0;0.10048306733911971;0.2;0.0;0;1;0;0
3;0.25;0.010477292178572363;0.3914823914823915;1;0.18356845856378531;0.4;0.0;0;1;0;0
0;0.0;0.02799602329231846;0.3570843570843571;0;0.7250307495435611;0.2;0.0;0;1;0;1
4;0.16666666666666666;0.10969417470208147;0.22276822276822278;1;0.06263122151725967;0.4;0.0;0;1;0;1
2;0.0;0.03701905002129724;0.4643734643734644;0;0.12601158071038027;0.4;0.0;0;1;0;1
2;0.25;0.03219756635841273;0.5102375102375102;1;0.3848870422460239;0.4;0.0;0;1;0;0
4;0.25;0.02508609046540267;0.09336609336609336;1;0.1734566501123573;0.6;0.0;1;0;0;1
3;0.5833333333333334;0.02279137597358809;0.23177723177723178;1;0.1327906989078911;0.0;0.0;0;1;0;1
3;0.3333333333333333;0.10565501004919056;0.23095823095823095;1;0.18990003969034455;0.2;1.0;0;1;0;0
4;0.3333333333333333;0.26283882563542565;0.2031122031122031;1;0.794891162430877;0.2;0.0;0;1;0;1
4;0.16666666666666666;0.04978457868790142;0.49221949221949224;1;0.531115010117356;0.4;0.0;0;1;0;0
4;0.3333333333333333;0.014345045357750207;0.32514332514332517;1;0.3744578399449613;0.2;0.0;0;1;0;1
4;0.3333333333333333;0.014699075639242117;0.31367731367731366;1;0.5840089659784934;0.6;0.0;0;1;0;1
1;0.08333333333333333;0.3018443151113194;0.028665028665028666;0;0.3640778413657147;0.2;0.0;0;0;1;1
4;0.16666666666666666;0.08364083386020339;0.4610974610974611;1;0.2078820281822556;0.2;0.0;0;1;0;0
3;0.16666666666666666;0.0697945647752889;0.15397215397215397;0;0.6721369894844889;0.4;0.0;0;1;0;1
4;0.3333333333333333;0.24628033198502436;0.36609336609336607;0;0.27610346132679825;0.0;1.0;0;1;0;0
4;0.16666666666666666;0.07864932515018326;0.4021294021294021;1;0.21326676995856514;0.4;0.0;0;1;0;0
3;0.25;0.07281932232757284;0.5798525798525799;0;0.3982927809168102;0.4;0.0;0;1;0;0
3;0.25;0.2906215825265037;0.14250614250614252;1;0.39038703198320257;0.2;0.0;0;1;0;0
3;0.25;0.07151175964614419;0.0;1;0.5365376178796305;0.2;0.0;0;1;0;0
4;0.3333333333333333;0.055104926047612544;0.38656838656838655;0;0.18832217498722714;0.4;0.0;0;1;0;1
2;0.16666666666666666;0.09689612589197982;0.6519246519246519;1;0.2330101022142853;0.4;0.0;0;0;1;0
4;0.16666666666666666;0.42078557512698017;0.5593775593775594;1;0.546886466389784;0.4;0.0;0;1;0;0
0;0.3333333333333333;0.3692821717832056;0.3906633906633907;1;0.20185745572149277;0.4;0.0;0;1;0;0
3;0.5;0.16620069597440137;0.276003276003276;1;0.2705820499641258;0.2;1.0;0;1;0;1
2;0.5;0.07689516471618599;0.48894348894348894;1;0.1665303043704406;0.0;0.0;0;1;0;1
4;0.25;0.23721014685131406;0.19737919737919737;1;0.44389287560758883;0.2;0.0;0;1;0;0
3;0.08333333333333333;0.06042248139170515;0.4348894348894349;0;0.3582232438790477;0.4;0.0;0;1;0;0
4;0.3333333333333333;0.11365106933994529;0.4398034398034398;1;0.2920378979281856;0.4;1.0;0;0;1;0
2;0.3333333333333333;0.021933815516186384;0.5307125307125307;1;0.6228938979953144;0.6;0.0;0;1;0;1
2;0.25;0.12038890323568467;0.8083538083538083;1;0.21182681838296588;0.2;0.0;0;1;0;0
4;0.25;0.03588206116265398;0.42096642096642095;1;0.3899998734801021;0.4;0.0;0;1;0;0
4;0.3333333333333333;0.16430864653266927;0.27354627354627353;0;0.420110591981643;0.0;0.0;0;1;0;0
4;0.25;0.05940328568333567;0.3521703521703522;0;0.41722169387560953;0.2;0.0;0;1;0;1
2;0.0;0.056474145167123686;0.06715806715806716;0;0.3412519871593387;0.0;0.0;0;1;0;0
4;0.25;0.1526668566231572;0.24324324324324326;0;0.2030376351352679;0.2;0.0;0;1;0;0
0;0.16666666666666666;0.06156582385440313;0.28992628992628994;1;0.6396977228663796;0.4;0.0;0;1;0;0
4;0.4166666666666667;0.13921912703641653;0.2710892710892711;0;0.5439833794585524;0.6;0.0;0;1;0;1
1;0.25;0.21484035904017135;0.38165438165438165;0;0.888010155265739;0.6;0.0;0;0;1;1
4;0.3333333333333333;0.016309002868283972;0.22194922194922195;1;0.11885311619851327;0.0;0.0;0;1;0;0
4;0.25;0.07248224113905716;0.5405405405405406;1;0.11119743158299712;0.4;0.0;0;1;0;1
4;0.08333333333333333;0.32247380093930544;0.3570843570843571;1;0.16891211150302532;0.4;0.0;0;0;1;0
1;0.16666666666666666;0.18600044618402672;0.35544635544635544;1;0.2156801159877897;0.4;0.0;0;0;1;0
4;0.16666666666666666;0.4043711243646644;0.30303030303030304;1;0.2821186607972898;0.2;0.0;0;0;1;0
2;0.3333333333333333;0.21893997756498548;0.3824733824733825;1;0.7186813737078256;0.2;0.0;0;1;0;1
4;0.6666666666666666;0.04125317018729727;0.49221949221949224;1;0.42069913698101624;0.0;0.0;0;0;1;1
4;0.25;0.021896636459164048;0.21457821457821458;1;0.48995102484710035;0.2;0.0;0;1;0;0
2;0.3333333333333333;0.026234985476771517;0.24897624897624898;1;0.4153930502760179;0.2;0.0;0;1;0;0
4;0.4166666666666667;0.02713371461718997;0.3071253071253071;1;0.7729522714519003;0.4;0.0;0;1;0;1
3;0.4166666666666667;0.008693644773866728;0.13595413595413594;0;0.455966137261273;0.4;0.0;0;0;1;0
4;0.4166666666666667;0.2639627786427677;0.22276822276822278;1;0.35815205819430446;0.2;0.0;0;1;0;0
2;0.25;0.07762368318624704;0.2784602784602785;1;0.17108829114307286;0.2;0.0;0;1;0;0
3;0.8333333333333334;0.011810909306028268;0.4995904995904996;1;0.5447101901408606;0.6;0.0;0;1;0;1
3;0.4166666666666667;0.15995333782489232;0.39967239967239965;0;0.2502316528794057;0.0;0.0;0;1;0;0
2;0.16666666666666666;0.04376892003712211;0.3882063882063882;1;0.5334537671418439;0.0;0.0;0;0;1;0
4;0.0;0.008129403137810262;0.4963144963144963;1;0.5035152194303337;0.0;0.0;0;1;0;0
4;0.5833333333333334;0.02334338531519058;0.33415233415233414;1;0.19944597942995523;0.2;0.0;0;1;0;1
4;0.0;0.11916775107375001;0.42096642096642095;1;0.12197047135359791;0.4;0.0;0;0;1;0
3;0.4166666666666667;0.17572276469503584;0.33988533988533987;0;0.5124440958548137;0.4;0.0;0;1;0;0
4;0.08333333333333333;0.03248687464485426;0.4004914004914005;1;0.4637736299311364;0.0;0.0;0;1;0;0
4;0.16666666666666666;0.0956783039400833;0.26126126126126126;0;0.10812298468306673;0.2;0.0;0;0;1;0
4;0.5;2,76E+11;0.0;0;0.16651588200981887;0.0;0.0;0;0;1;1
4;0.25;0.03623330502405121;0.33497133497133497;1;0.13120178815780928;0.0;1.0;0;0;1;0
4;0.16666666666666666;0.022233478453029122;0.5896805896805897;1;0.40026677749564005;0.2;1.0;0;1;0;0
4;0.6666666666666666;0.008791178729461231;0.5085995085995086;1;0.3489417505052266;0.2;0.0;0;1;0;1
4;0.08333333333333333;0.07352773638213496;0.5151515151515151;0;0.6040651006140473;0.2;0.0;0;1;0;0
4;0.08333333333333333;0.11086404657919839;0.5593775593775594;1;0.08611647986475524;0.4;1.0;0;1;0;0
4;0.16666666666666666;0.005214118339772295;0.371007371007371;0;0.24340176744903008;0.4;0.0;0;1;0;0
4;0.16666666666666666;0.016439609349960235;0.389025389025389;1;0.3733522003883374;0.6;1.0;0;1;0;1
0;0.16666666666666666;0.2995220210843846;0.25552825552825553;1;0.2668168390944505;0.4;0.0;0;0;1;1
2;0.4166666666666667;0.02802102296040834;0.3046683046683047;1;0.5755770645034505;0.2;0.0;0;1;0;0
4;0.4166666666666667;0.1587161819673475;0.45782145782145783;1;0.18375204038689077;0.2;0.0;0;1;0;0
4;0.75;0.15317616410926196;0.5536445536445537;1;0.3072310659744067;0.4;0.0;0;1;0;1
3;0.08333333333333333;0.04310133069001617;0.33415233415233414;0;0.4017576303299005;0.2;0.0;0;1;0;1
4;0.16666666666666666;0.025333115495077944;0.28255528255528256;1;0.2894590663021081;0.2;0.0;1;0;0;0
0;0.0;0.031046195567013747;0.3570843570843571;1;0.4154010432516865;0.2;0.0;0;1;0;0
4;0.16666666666666666;0.09278058166697051;0.45536445536445536;1;0.4466515542248164;0.4;0.0;0;1;0;0
4;0.16666666666666666;0.053328414283109284;0.12039312039312039;1;0.08321892210855998;0.0;0.0;0;1;0;0
4;0.3333333333333333;0.07607257276011123;0.0;1;0.5046019889530162;0.4;0.0;0;1;0;0
4;0.16666666666666666;0.1856638879731807;0.26617526617526616;0;0.22445962330800945;0.0;0.0;0;1;0;0
3;0.16666666666666666;0.07756728570756503;0.15642915642915642;0;0.19165886099558874;0.4;0.0;0;0;1;0
4;0.08333333333333333;0.5946747049186544;0.27354627354627353;0;0.060281143185926915;0.0;0.0;0;1;0;0
3;0.16666666666666666;0.12189243276710186;0.3325143325143325;1;0.08051100147211872;0.4;0.0;0;1;0;0
2;0.08333333333333333;0.025771669961690436;0.28255528255528256;1;0.5839333588674446;0.6;0.0;0;1;0;1
3;0.5;0.07694804730924135;0.5945945945945946;1;0.6759052687913022;0.4;0.0;0;0;1;1
4;0.08333333333333333;0.18673525760585055;0.4103194103194103;0;0.3361120015479639;0.6;1.0;0;0;1;1
4;0.5;0.02733406287856144;0.4062244062244062;0;0.15608954409673023;0.2;1.0;0;1;0;1
3;0.3333333333333333;0.14537857771813234;0.45864045864045866;1;0.608143399206743;0.2;0.0;0;1;0;0
4;0.3333333333333333;0.0037159109921675623;0.17035217035217035;1;0.05551365497699878;0.2;0.0;0;0;1;0
2;0.08333333333333333;0.31796588456644015;0.5266175266175266;1;0.3046720061369103;0.6;0.0;0;0;1;1
4;0.0;0.1210723424951694;0.343980343980344;0;0.48123261933366496;0.0;0.0;0;0;1;0
4;0.4166666666666667;0.019671278388616008;0.4668304668304668;1;0.20594112140021126;0.0;0.0;0;0;1;0
4;0.3333333333333333;0.23067828380793232;0.180999180999181;1;0.11629946770157862;0.0;0.0;0;1;0;1
4;0.25;0.009428521953873411;0.10237510237510238;1;0.16430199429611553;0.2;1.0;0;1;0;0
2;0.3333333333333333;0.057873621642311884;0.4905814905814906;1;0.08656347710765937;0.2;0.0;0;0;1;0
4;0.3333333333333333;0.14851779145447236;0.41850941850941853;0;0.22479612243849215;0.2;0.0;0;0;1;0
0;0.25;0.3082628549075994;0.20884520884520885;1;0.6320519847273582;0.4;1.0;0;1;0;0
4;0.08333333333333333;0.047659043310875636;0.21457821457821458;0;0.29960843209539606;0.2;0.0;0;1;0;1
2;0.25;0.19742644938432802;0.5413595413595413;0;0.12143314055137278;0.2;0.0;1;0;0;0
4;0.3333333333333333;0.024308246654563364;0.16216216216216217;1;0.2109825031552799;0.2;0.0;0;1;0;1
4;0.25;0.003907324931995392;0.6257166257166257;1;0.2285459990972975;0.2;0.0;0;0;1;0
4;0.25;0.003177537012155702;0.20884520884520885;1;0.23016933136277876;0.2;0.0;0;1;0;0
4;0.08333333333333333;0.11936959796602664;0.4610974610974611;0;0.15442506151753296;0.2;0.0;0;1;0;0
3;0.08333333333333333;0.01856561817037646;0.30303030303030304;1;0.4363957150682285;0.2;1.0;0;1;0;1
2;0.16666666666666666;0.005675715910091015;0.45536445536445536;1;0.1613519957591067;0.4;0.0;0;1;0;0
3;0.3333333333333333;0.41844507545695436;0.2678132678132678;0;0.1747892902945263;0.6;0.0;0;1;0;1
1;0.0;0.030761304389979423;0.33005733005733007;1;0.22114226042805762;0.4;0.0;0;1;0;0
0;0.16666666666666666;0.06901943667160629;0.36363636363636365;1;0.6063262748471155;0.6;0.0;0;0;1;1
4;0.3333333333333333;0.10558325401150899;0.19246519246519248;1;0.03539318689837727;0.2;0.0;1;0;0;0
3;0.0;0.017290139354021853;0.4782964782964783;1;0.4039188952353468;0.2;0.0;0;1;0;0
4;0.16666666666666666;0.04909650270264128;0.2727272727272727;1;0.18278838878559678;0.2;1.0;0;1;0;0
4;0.4166666666666667;0.11601471530358967;0.3194103194103194;1;0.6312493307915839;0.6;0.0;0;1;0;1
2;0.0;0.11353322585857116;0.1941031941031941;1;0.5881143380817626;0.2;0.0;0;1;0;0
4;0.16666666666666666;0.20527684930256876;0.0;1;0.10778389011369989;0.4;0.0;0;1;0;1
3;0.25;0.06393433894117287;0.32514332514332517;0;0.2827587561262396;0.4;0.0;0;1;0;1
4;0.0;0.24535378657673781;0.7518427518427518;0;0.5073117495924433;0.6;0.0;0;1;0;1
4;0.5;0.12747731205228416;0.48484848484848486;0;0.4791942825734533;0.2;0.0;0;1;0;1
4;0.25;0.0918123993032819;0.3538083538083538;1;0.4513741627598646;0.2;0.0;0;1;0;0
4;0.0;0.013792701489381614;0.31367731367731366;0;0.17247439679573326;0.4;0.0;0;0;1;1
4;0.5833333333333334;0.09506063791288831;0.36036036036036034;1;0.24682357265301197;0.2;0.0;0;1;0;1
2;0.16666666666666666;0.10041137534263682;0.44635544635544633;1;0.3303236474755138;0.6;0.0;0;0;1;1
4;0.08333333333333333;0.15816893420174688;0.16298116298116297;1;0.2365199844393916;0.6;0.0;0;0;1;1
3;0.3333333333333333;0.14122833519107147;0.5389025389025389;0;0.2943483973099735;0.2;0.0;1;0;0;0
4;0.16666666666666666;0.08393510125170033;0.4742014742014742;1;0.16045174756024483;0.0;0.0;0;0;1;0
4;0.8333333333333334;0.09990663879113444;0.4742014742014742;1;0.15511105540639472;0.4;0.0;0;1;0;1
2;0.4166666666666667;0.1645965041005536;0.4283374283374283;1;0.39197595775490923;0.2;0.0;0;1;0;1
4;0.16666666666666666;0.04810933457167164;0.3595413595413595;1;0.391337681616861;0.6;0.0;0;1;0;1
4;0.16666666666666666;0.01606337073995955;0.4668304668304668;1;0.4745868659400211;0.4;0.0;0;0;1;0
4;0.4166666666666667;0.23068242735492597;0.4537264537264537;1;0.25342654232476103;0.2;0.0;0;0;1;0
3;0.08333333333333333;0.37300351072865856;0.2989352989352989;1;0.28628123759104274;0.4;0.0;0;0;1;0
4;0.16666666666666666;0.062340303693710575;0.2628992628992629;1;0.09547923419618305;0.6;0.0;0;1;0;1
0;0.5;0.51583684093034;0.37346437346437344;0;0.4236886433963416;0.6;0.0;0;0;1;1
3;0.25;0.04328392730147873;0.6101556101556102;1;0.23286961459484828;0.2;1.0;0;1;0;0
4;0.5;0.007596073986574794;0.15397215397215397;1;0.40806959059495435;0.2;0.0;0;1;0;1
4;0.3333333333333333;0.0944750127590586;0.1162981162981163;0;0.7159576642737817;0.0;1.0;0;0;1;1
2;0.08333333333333333;0.22541087302739096;0.3832923832923833;1;0.22916076595926244;0.2;0.0;0;1;0;1
0;0.16666666666666666;0.10685602113975361;0.3652743652743653;1;0.48522732894701803;0.2;1.0;1;0;0;1
2;0.25;0.0009843669196323403;0.38493038493038495;1;0.17719661080527987;0.4;0.0;0;1;0;0
4;0.5;0.0012549000119697856;0.3963963963963964;0;0.15265689068743815;0.2;1.0;0;0;1;1
4;0.3333333333333333;0.14331254911766625;0.3202293202293202;1;0.3068577263077837;0.4;0.0;0;1;0;0
4;0.6666666666666666;0.20761596246516295;0.6003276003276004;1;0.21247489138437667;0.2;0.0;0;0;1;1
4;0.08333333333333333;0.03239149945680881;0.09418509418509419;0;0.3389300536729884;0.4;1.0;0;0;1;0
4;0.3333333333333333;0.0705991757501785;0.22113022113022113;0;0.12340534854748421;0.2;0.0;0;0;1;0
2;0.3333333333333333;0.361162814586922;0.33988533988533987;0;0.15483110920537294;0.6;0.0;0;1;0;1
2;0.4166666666666667;0.06861018824766592;0.08763308763308764;0;0.42922503777900256;0.6;0.0;0;0;1;1
4;0.0;0.016171855299426094;0.3276003276003276;0;0.20349976307005596;0.2;0.0;0;1;0;0
2;0.3333333333333333;0.26991871816165464;0.628992628992629;1;0.2510375391284418;0.2;0.0;0;1;0;1
3;0.16666666666666666;0.07598488576510849;0.36036036036036034;1;0.5607372406089223;0.4;0.0;0;1;0;0
4;0.16666666666666666;0.04689221885863775;0.39475839475839475;1;0.4480046627328336;0.2;0.0;0;0;1;1
4;0.16666666666666666;0.011336697989988268;0.14987714987714987;0;0.25671515927598515;0.4;0.0;0;1;0;0
0;0.4166666666666667;0.06813558757800153;0.25552825552825553;0;0.22594090713388462;0.2;0.0;0;0;1;0
4;0.16666666666666666;0.1632991643930318;0.29484029484029484;1;0.17111482783018392;0.2;1.0;0;0;1;0
1;0.16666666666666666;0.14045662399450584;0.3046683046683047;0;0.22094582680795616;0.4;0.0;0;1;0;1
1;0.3333333333333333;0.07629829697021144;0.5667485667485668;1;0.3060882715019029;0.0;0.0;0;0;1;1
2;0.08333333333333333;0.14138543779864035;0.447993447993448;0;0.2947714900851089;0.0;0.0;0;1;0;0
4;0.08333333333333333;0.047992786945891236;0.17444717444717445;1;0.403142893904569;0.0;0.0;0;0;1;1
4;0.08333333333333333;0.14780895304084837;0.3972153972153972;0;0.2478078173551743;0.4;0.0;0;1;0;0
4;0.16666666666666666;0.00990378068329972;0.4381654381654382;1;0.4924261549444273;0.6;1.0;0;1;0;1
4;0.16666666666666666;0.02465255885382264;0.5438165438165438;1;0.49931538939410647;0.6;0.0;0;1;0;1
2;0.5;0.23375526513759667;0.6158886158886159;1;0.4348874910052295;0.2;0.0;0;1;0;1
3;0.25;0.038612770059848034;0.19000819000819;0;0.040842650080258044;0.4;0.0;0;1;0;0
2;0.16666666666666666;0.02558847928906065;0.22358722358722358;1;0.47187047867674037;0.4;0.0;0;1;0;0
2;0.16666666666666666;0.01030226545505363;0.1506961506961507;0;0.31940666332979556;0.2;0.0;0;1;0;0
1;0.25;0.055469799169208946;0.3185913185913186;0;0.4094732193420076;0.4;0.0;0;1;0;1
3;0.25;0.007644717231292782;0.4332514332514332;1;0.884347383125804;0.2;0.0;0;1;0;1
3;0.16666666666666666;0.07638515208106421;0.5184275184275184;0;0.24303559834828334;0.4;0.0;0;0;1;0
3;0.0;0.27986087876013466;0.343980343980344;1;0.383255734124068;0.2;0.0;0;1;0;0
3;0.25;0.17207145755859685;0.3046683046683047;0;0.23318444794282947;0.0;0.0;0;0;1;0
4;0.0;0.004550731289816574;0.38165438165438165;0;0.07860051602771019;0.6;0.0;0;1;0;1
3;0.25;0.0395782872106504;0.2194922194922195;1;0.18181404473998436;0.2;0.0;0;1;0;1
3;0.4166666666666667;0.023053692985578324;0.6986076986076986;0;0.04896370775165113;0.0;0.0;0;1;0;0
4;0.0;0.007639682404456629;0.09336609336609336;1;0.18337128892359802;0.4;0.0;0;1;0;0
4;0.25;0.012727034464078957;0.38656838656838655;1;0.31315513531181943;0.6;1.0;0;1;0;1
4;0.0;0.2655853112612173;0.687960687960688;0;0.2744822995860117;0.0;0.0;0;1;0;0
2;0.3333333333333333;0.04123113718539754;0.3579033579033579;1;0.5628366208804677;0.6;0.0;0;0;1;1
4;0.16666666666666666;0.055335870703254485;0.32514332514332517;1;0.09033305212945712;0.0;0.0;0;0;1;0
2;0.3333333333333333;0.07391768276006024;0.29811629811629814;1;0.08099958666163483;0.2;0.0;0;1;0;0
4;0.4166666666666667;0.1519453906255529;0.32678132678132676;0;0.8387940231288532;0.0;1.0;0;0;1;1
3;0.25;0.17810540111330742;0.5814905814905815;1;0.501845505378879;0.0;0.0;0;1;0;0
2;0.5;0.3689765158366651;0.0;0;0.4107437438556903;0.0;0.0;0;1;0;1
2;0.08333333333333333;0.026254192674208275;0.6076986076986077;0;0.11615593554554138;0.6;0.0;0;1;0;1
2;0.3333333333333333;0.03978632297559612;0.12366912366912367;0;0.5766963738292837;0.0;0.0;0;0;1;0
2;0.25;0.04169618060716349;0.31285831285831284;1;0.07713843139073105;0.4;1.0;0;0;1;0
3;0.16666666666666666;0.06549512018639629;0.28665028665028663;1;0.7133891528459819;0.4;0.0;0;0;1;1
3;0.25;0.1832057921600909;0.45290745290745293;1;0.5662175277127256;0.4;0.0;0;1;0;0
1;0.4166666666666667;0.030386705855355578;0.095004095004095;1;0.7653942082125514;0.4;0.0;0;1;0;1
2;0.3333333333333333;0.1698909994778713;0.43243243243243246;1;0.22646977816042882;0.2;0.0;0;0;1;0
4;0.25;0.02532236779280296;0.687960687960688;1;0.5085381965740233;0.0;0.0;0;1;0;0
4;0.0;0.137722065791677;0.1334971334971335;1;0.26094619683493897;0.0;1.0;0;1;0;0
4;0.25;0.17845407301750515;0.38738738738738737;1;0.25334156243134853;0.6;0.0;0;1;0;1
4;0.25;0.21386062200512004;0.24815724815724816;1;0.21237583091621298;0.4;0.0;0;1;0;0
2;0.3333333333333333;0.07936784299742373;0.4266994266994267;1;0.16777701731182154;0.2;1.0;0;1;0;0
4;0.3333333333333333;0.04427732281073657;0.3595413595413595;1;0.5848820614452164;0.4;0.0;0;1;0;0
4;0.4166666666666667;0.1646167994531;0.25143325143325146;1;0.47843966988159675;0.2;0.0;0;1;0;0
4;0.16666666666666666;0.04299214614220689;0.43652743652743653;0;0.5752884630049679;0.8;0.0;0;1;0;1
4;0.5833333333333334;0.017763599259393366;0.6519246519246519;0;0.5763749991506945;0.4;0.0;0;1;0;1
4;0.3333333333333333;0.2002017548255999;0.32514332514332517;1;0.11756580965902877;0.0;0.0;0;1;0;0
3;0.3333333333333333;0.05887300807239176;0.4742014742014742;0;0.22176807119399725;0.2;0.0;0;1;0;0
2;0.16666666666666666;0.09405269721148;0.14496314496314497;1;0.266326275431716;0.2;0.0;0;1;0;0
3;0.16666666666666666;0.27881819343078174;0.19983619983619982;1;0.3169604030341703;0.0;0.0;0;1;0;1
4;0.25;0.016169604938945873;0.43407043407043405;0;0.09574485231957587;0.6;0.0;0;1;0;1
4;0.16666666666666666;0.09056889168149092;0.5995085995085995;1;0.7057988299926872;0.2;0.0;0;0;1;1
4;0.08333333333333333;0.09096678681705371;0.4152334152334152;1;0.3325590114265767;0.2;0.0;0;0;1;0
3;0.16666666666666666;0.2202079481802132;0.30548730548730546;0;0.8033083643391905;0.4;0.0;0;1;0;1
2;0.4166666666666667;0.046376194482214285;0.35626535626535627;0;0.4046559440595582;0.4;0.0;0;1;0;1
4;0.25;0.05699402899360793;0.15151515151515152;1;0.04570293744552396;0.2;0.0;0;0;1;1
4;0.3333333333333333;0.08143350772276871;0.45536445536445536;1;0.1156372962492623;0.0;0.0;0;1;0;0
4;0.5833333333333334;0.02028811948450183;0.5012285012285013;0;0.24928624634029417;0.0;0.0;0;1;0;1
2;0.08333333333333333;0.07071059726236774;0.28255528255528256;1;0.5313170387328157;0.6;0.0;0;1;0;1
4;0.25;0.0636695011624635;0.27927927927927926;1;0.5298976075242318;0.2;0.0;0;1;0;1
0;0.4166666666666667;0.02439724333371223;0.4004914004914005;1;0.42780633692711756;0.2;0.0;0;1;0;0
1;0.5;0.199087415038686;0.28501228501228504;1;0.42851939166470027;0.8;1.0;1;0;0;1
3;0.16666666666666666;0.06267790004616987;0.34561834561834565;0;0.2571463815552261;0.2;0.0;0;0;1;1
4;0.0;0.04058511967973596;0.7002457002457002;0;0.5742847762779003;0.4;1.0;0;1;0;0
4;0.5;0.015473646923228416;0.31613431613431614;0;0.18216897317373065;1.0;0.0;0;1;0;1
2;0.16666666666666666;0.010393320630101387;0.29811629811629814;0;0.6267833376585576;0.0;1.0;0;1;0;0
3;0.16666666666666666;0.35871906983778884;0.25061425061425063;0;0.17192282409943485;0.4;0.0;0;1;0;0
4;0.08333333333333333;0.5929280212380537;0.4782964782964783;1;0.09361876421913042;0.4;1.0;0;1;0;1
4;0.25;0.25384816732677296;0.32678132678132676;1;0.5479536644491367;0.6;0.0;0;1;0;1
4;0.16666666666666666;0.06821019759546422;0.25061425061425063;1;0.5620971196631237;0.2;0.0;0;1;0;0
4;0.08333333333333333;0.18350163851602627;0.5733005733005733;0;0.20527560873589876;0.0;0.0;0;1;0;0
3;0.4166666666666667;0.19992999901995842;0.5888615888615889;0;0.4831387778511157;0.0;0.0;0;1;0;0
2;0.25;0.03958639871969476;0.257985257985258;1;0.5617898720043605;0.2;0.0;1;0;0;1
3;0.08333333333333333;0.09806372068486902;0.050778050778050775;1;0.3473265277589678;0.0;1.0;0;1;0;0
4;0.08333333333333333;0.34957960069002963;0.5217035217035217;0;0.24567000702149905;0.2;1.0;1;0;0;1
3;0.5;0.03649270154859538;0.24488124488124488;1;0.3807565727426805;0.6;0.0;0;1;0;1
4;0.16666666666666666;0.1209153299972158;0.4864864864864865;1;0.4836884645863419;0.2;0.0;0;1;0;0
4;0.5;0.12080143582523509;0.03357903357903358;0;0.5848225976153286;0.4;1.0;0;1;0;1
4;0.16666666666666666;0.06699177578006497;0.5028665028665029;0;0.5528243616142624;0.8;0.0;0;1;0;1
4;0.16666666666666666;0.07492346817553948;0.15806715806715807;1;0.06432853836837998;0.2;1.0;0;1;0;0
3;0.0;0.06774893520417366;0.47665847665847666;0;0.5420013310020728;0.2;0.0;0;0;1;0
2;0.4166666666666667;0.08184715581993583;0.35872235872235875;1;0.3385329303414074;0.6;1.0;1;0;0;1
1;0.08333333333333333;0.01785362789418156;0.20065520065520065;0;0.46287896141365603;0.4;0.0;0;1;0;0
3;0.08333333333333333;0.1761236372709892;0.28992628992628994;0;0.28156208655776555;0.0;0.0;0;1;0;0
4;0.3333333333333333;0.12031910752575202;0.4692874692874693;0;0.2607179718386393;0.0;0.0;0;1;0;1
4;0.25;0.40526019002425684;0.37428337428337427;1;0.4355190600325619;0.4;0.0;0;1;0;0
3;0.3333333333333333;0.031295578910285664;0.4520884520884521;0;0.24073126968019978;0.2;0.0;0;1;0;0
4;0.25;0.017486982574191595;0.6805896805896806;0;0.16344224281329997;0.2;0.0;0;1;0;0
4;0.5;0.04659516280682716;0.10073710073710074;1;0.3303421298703125;0.4;0.0;0;1;0;1
4;0.08333333333333333;0.07924427875754259;0.6216216216216216;0;0.37728648788113367;0.2;0.0;0;1;0;0
4;0.25;0.02545798193264643;0.37346437346437344;1;0.20256275648606092;0.4;0.0;0;1;0;1
1;0.08333333333333333;0.06861574683605189;0.20966420966420968;1;0.36330540136536743;0.6;0.0;0;1;0;1
4;0.4166666666666667;0.1144174864884958;0.13841113841113842;1;0.46340832515422237;0.2;0.0;0;1;0;0
4;0.75;0.006362886598228643;0.32596232596232594;0;0.29974814358205837;0.4;0.0;1;0;0;1
4;0.08333333333333333;0.15781220859487272;0.5077805077805078;1;0.04603260106984298;0.2;0.0;0;1;0;0
4;0.16666666666666666;0.3124369807397624;0.3357903357903358;1;0.5780647790811487;0.0;0.0;0;0;1;0
1;0.5;0.034680788499816866;0.6044226044226044;0;0.47548659476515925;0.2;0.0;0;0;1;1
4;0.0;0.16650902756898645;0.11875511875511875;1;0.5140238231043978;0.2;0.0;1;0;0;0
4;0.8333333333333334;0.06014520033864974;0.3546273546273546;1;0.22118787305208598;0.2;0.0;0;0;1;1
4;0.25;0.12142686991718409;0.15151515151515152;1;0.2393975106858904;0.2;0.0;0;1;0;0
3;0.25;0.15111400119890941;0.41605241605241605;0;0.06781445633288956;0.2;0.0;0;0;1;0
2;0.4166666666666667;0.038820620911848736;0.502047502047502;1;0.6985579232126986;0.0;0.0;0;1;0;1
2;0.25;0.17220914661009804;0.28746928746928746;1;0.20746006972461203;0.2;1.0;0;1;0;0
4;0.16666666666666666;0.01228735698378784;0.0;1;0.3675196362985538;0.2;0.0;1;0;0;0
3;0.3333333333333333;0.48081235332701433;0.389025389025389;0;0.42955259350435615;0.4;0.0;0;0;1;0
4;0.3333333333333333;0.04566332424257257;0.4283374283374283;1;0.05866825333949764;0.0;0.0;1;0;0;0
1;0.5;0.028119878870597793;0.4226044226044226;1;0.6118325407107593;0.6;1.0;0;0;1;1
3;0.3333333333333333;0.01653811162974944;0.5593775593775594;1;0.27596481818333246;0.2;0.0;0;0;1;0
4;0.3333333333333333;0.18600084541378115;0.180999180999181;1;0.28541575223571747;0.2;0.0;0;0;1;1
3;0.4166666666666667;0.0980264533033261;0.46846846846846846;1;0.5085186195857229;0.4;0.0;0;0;1;0
3;0.08333333333333333;0.3370380361522445;0.552006552006552;1;0.28903408220471105;0.2;1.0;0;1;0;0
0;0.3333333333333333;0.11600572873665388;0.06552006552006552;0;0.6414950996943337;0.4;0.0;0;0;1;0
4;0.3333333333333333;0.0462637599810877;0.4086814086814087;0;0.5650688344312234;0.2;0.0;0;0;1;0
2;0.3333333333333333;0.20136963592643858;0.27436527436527436;1;0.5361624472006501;0.2;0.0;0;0;1;1
1;0.3333333333333333;0.03667324795984831;0.34316134316134317;1;0.19161155500234384;0.2;0.0;0;1;0;1
3;0.3333333333333333;0.03817026061346043;0.4135954135954136;1;0.5151258756802973;0.2;0.0;0;1;0;0
4;0.16666666666666666;0.003122458361321856;0.27682227682227684;0;0.062087852781405994;0.2;0.0;0;1;0;1
1;0.16666666666666666;0.03224055392863686;0.2457002457002457;1;0.7292182459337564;0.4;0.0;0;0;1;1
3;0.25;0.03364947315444107;0.361998361998362;1;0.3992847068145976;0.0;0.0;0;1;0;0
1;0.0;0.03922345243798618;0.17854217854217855;1;0.148992817906219;0.0;0.0;0;1;0;0
4;0.4166666666666667;0.051097956458764186;0.17854217854217855;1;0.40131678536259363;0.2;0.0;0;1;0;0
4;0.0;0.09557725153078496;0.46764946764946763;1;0.38060429789411215;0.0;1.0;0;0;1;0
0;0.0;0.027062451121781832;0.16871416871416872;0;0.5086053585272348;0.2;0.0;0;0;1;1
2;0.16666666666666666;0.11261023405387677;0.46601146601146604;0;0.5113987807739391;0.4;0.0;0;0;1;0
4;0.25;0.01585055845117597;0.43243243243243246;1;0.47083213122453627;0.4;0.0;0;1;0;0
4;0.08333333333333333;0.2972765871215452;0.07371007371007371;1;0.42121221969010775;0.2;1.0;0;1;0;0
4;0.16666666666666666;0.002874275062643977;0.2457002457002457;1;0.4502993585797157;0.4;0.0;0;1;0;0
0;0.25;0.26565015616614607;0.552006552006552;1;0.31844432077245005;0.4;1.0;0;1;0;1
4;0.3333333333333333;0.0880881439792117;0.19574119574119575;1;0.24157620926259285;0.2;0.0;0;0;1;1
2;0.25;0.1376828129894198;0.2809172809172809;0;0.8863650909682297;0.4;0.0;0;1;0;1
3;0.25;0.03935360412725688;0.43243243243243246;0;0.4155817223031084;0.4;0.0;0;1;0;0
4;0.3333333333333333;0.021173272443132996;0.48484848484848486;0;0.35821323595128274;0.2;0.0;0;1;0;0
4;0.4166666666666667;0.32739455225092196;0.3153153153153153;0;0.07597502627224013;0.6;0.0;0;1;0;1
4;0.25;0.06464493411300312;0.2588042588042588;0;0.38541688019450837;0.6;0.0;0;0;1;1
4;0.08333333333333333;0.07280090255456168;0.5896805896805897;1;0.2995888296825843;0.4;0.0;0;1;0;0
4;0.25;0.4723699958467401;0.6412776412776413;0;0.21603716376047352;0.4;0.0;0;0;1;0
0;0.3333333333333333;0.04550296284937964;0.5167895167895168;0;0.19558740297157362;0.4;0.0;0;1;0;0
3;0.16666666666666666;0.01167732993277917;0.371007371007371;1;0.2748951148256096;0.4;0.0;0;1;0;0
3;0.16666666666666666;0.0983018925615598;0.2244062244062244;1;0.7151790810890027;0.0;0.0;0;1;0;1
2;0.16666666666666666;0.08997338643366232;0.2203112203112203;0;0.1724085282845245;0.0;0.0;0;1;0;0
0;0.08333333333333333;0.16496938690410834;0.44226044226044225;1;0.3742365213756068;0.2;0.0;0;0;1;0
4;0.16666666666666666;0.3451739926884307;0.4250614250614251;0;0.4794177587761694;0.6;1.0;0;1;0;1
3;0.3333333333333333;0.040843324970043615;0.5864045864045864;1;0.1391372028302032;0.0;1.0;0;1;0;0
4;0.3333333333333333;0.14228610858154128;0.46355446355446356;0;0.15306092123547219;0.2;0.0;0;1;0;0
4;0.0;0.06335843715155963;0.11056511056511056;0;0.11693932726294759;0.2;0.0;0;1;0;0
3;0.25;0.17032806378139054;0.5290745290745291;1;0.6044085192212534;0.0;0.0;0;0;1;1
4;0.0;0.019898269459645054;0.19328419328419327;0;0.06456644307560455;0.6;0.0;0;1;0;1
3;0.3333333333333333;0.07724582933280466;0.294021294021294;0;0.6083587257774274;0.4;0.0;0;1;0;0
4;0.4166666666666667;0.008868404109743527;0.39803439803439805;0;0.35586429658063673;0.4;0.0;0;0;1;0
4;0.25;0.09157617181993451;0.6838656838656839;1;0.5068742788746883;0.4;0.0;0;1;0;0
2;0.0;0.02052533988828223;0.8656838656838657;1;0.42391903882566345;0.4;0.0;0;1;0;0
4;0.3333333333333333;0.35821156789042174;0.4561834561834562;1;0.23922482097698153;0.4;0.0;0;1;0;0
4;0.25;0.08985417097472541;0.32678132678132676;1;0.11920380683342226;0.2;0.0;0;1;0;0
4;0.08333333333333333;0.08379183257225614;0.4438984438984439;1;0.41144917902101724;0.2;1.0;0;0;1;0
1;0.25;0.39909445467446125;0.502047502047502;0;0.6074646453676832;0.2;1.0;0;1;0;1
3;0.08333333333333333;0.07670298755839496;0.30384930384930386;0;0.20017104287997478;0.6;0.0;1;0;0;1
3;0.3333333333333333;0.1255797912106059;0.6511056511056511;1;0.931192427040908;0.0;0.0;0;1;0;1
4;0.3333333333333333;0.0052497314176561975;0.39475839475839475;1;0.057564803069271385;0.4;0.0;1;0;0;0
2;0.25;0.13702986819614815;0.4381654381654382;1;0.19678888192031674;0.0;0.0;0;1;0;0
4;0.3333333333333333;0.012187812789718637;0.46601146601146604;0;0.49677635929668174;0.2;0.0;0;1;0;0
3;0.08333333333333333;0.1685221146134963;0.4258804258804259;1;0.7073671263022288;0.6;1.0;0;1;0;1
4;0.75;0.23295963306412276;0.49385749385749383;1;0.3633484477137364;0.6;0.0;0;1;0;1
4;0.16666666666666666;0.0421029615131192;0.25552825552825553;0;0.30900386763523496;0.6;0.0;0;0;1;1
4;0.0;0.2341259567437613;0.26535626535626533;1;0.49555779633378716;0.4;0.0;0;0;1;0
4;0.5;0.07325673366835286;0.1760851760851761;0;0.06641558881995636;0.0;0.0;0;1;0;1
3;0.16666666666666666;0.09424531929290929;0.4283374283374283;0;0.42109880182945747;0.4;0.0;0;1;0;0
4;0.0;0.058824249240573716;0.48402948402948404;0;0.23882162519476732;0.0;0.0;0;1;0;1
4;0.5;0.07195364887244077;0.43161343161343163;1;0.1405659286843898;0.0;0.0;1;0;0;1
3;0.25;0.26573867955567143;0.6306306306306306;1;0.046600930188779775;0.0;1.0;0;0;1;0
4;0.08333333333333333;0.327393906939448;0.35544635544635544;1;0.5229500560922841;0.2;0.0;0;1;0;0
4;0.25;0.065617568236712;0.46601146601146604;1;0.35379256497388184;0.4;0.0;0;0;1;0
3;0.3333333333333333;0.0802978049300363;0.17772317772317772;1;0.18018770285761587;0.2;0.0;0;0;1;1
4;0.25;0.013671546386981964;0.2932022932022932;1;0.38291316533790976;0.0;0.0;0;1;0;0
2;0.25;0.0437656880883001;0.47092547092547093;0;0.19186627038971404;0.2;0.0;0;0;1;1
1;0.25;0.080040509496464;0.4954954954954955;0;0.18293448923548425;0.2;0.0;0;1;0;0
0;0.16666666666666666;0.02511884238714954;0.30876330876330876;1;0.7196047777074315;0.4;0.0;0;1;0;1
4;0.25;0.09554027105026723;0.3447993447993448;1;0.15157262263599022;0.2;0.0;0;1;0;0
3;0.16666666666666666;0.12856461994543505;0.10810810810810811;1;0.11782727652722397;0.2;0.0;0;1;0;0
2;0.25;0.11672864562996513;0.29811629811629814;0;0.3027872819466534;0.2;0.0;0;1;0;0
4;0.0;0.06494563952729689;0.5028665028665029;1;0.5430796735232184;0.6;0.0;0;1;0;1
4;0.3333333333333333;0.16312845361443737;0.4512694512694513;1;0.22378771618137538;0.4;1.0;0;0;1;0
4;0.16666666666666666;0.04276396684691564;0.438984438984439;0;0.19118577153949717;0.4;0.0;0;1;0;0
4;0.5;0.07041996278283501;0.36445536445536447;1;0.2308604438518895;0.6;0.0;0;1;0;1
2;0.16666666666666666;0.03497108816255254;0.3579033579033579;0;0.24183716999085786;0.4;0.0;0;0;1;0
4;0.16666666666666666;0.10289763196106566;0.24815724815724816;0;0.5227953928650293;0.2;0.0;0;1;0;0
4;0.4166666666666667;0.06458587529986126;0.47092547092547093;1;0.08722398326597978;0.0;0.0;0;1;0;0
3;0.25;0.02716497874299134;0.4258804258804259;0;0.6754650863258477;0.0;0.0;1;0;0;1
4;0.08333333333333333;0.040925412957583264;0.43734643734643736;1;0.4486577061526549;0.2;1.0;0;0;1;0
1;0.16666666666666666;0.03640005139537697;0.2702702702702703;0;0.35031508369000847;0.2;0.0;0;1;0;0
4;0.5;0.26899025913463703;0.004095004095004095;1;0.4413271505848896;0.6;0.0;0;1;0;1
4;0.0;0.082051176423923;0.5364455364455365;1;0.2670775293278953;0.8;0.0;1;0;0;1
2;0.4166666666666667;0.1175888749734917;0.2784602784602785;0;0.22926725889813207;0.6;0.0;0;1;0;1
0;0.5;0.3036101798609025;0.2153972153972154;1;0.13221311242027714;0.4;0.0;0;1;0;1
2;0.4166666666666667;0.02231290542751703;0.4701064701064701;1;0.3602576703103707;0.2;0.0;0;1;0;0
4;0.3333333333333333;0.3073548807245227;0.29238329238329236;0;0.09888678101793581;0.2;0.0;0;1;0;0
2;0.5833333333333334;0.08624501211795739;0.5298935298935299;1;0.4761140773339081;0.0;0.0;0;0;1;1
3;0.16666666666666666;0.21572569867451077;0.45782145782145783;1;0.27762992126504266;0.6;0.0;0;0;1;1
4;0.08333333333333333;0.020394463793174625;0.46846846846846846;1;0.5162565195987303;0.6;0.0;1;0;0;1
4;0.16666666666666666;0.035395869287060504;0.13267813267813267;1;0.4064153340818688;0.2;0.0;0;0;1;0
4;0.16666666666666666;0.023951263594355954;0.5552825552825553;1;0.4937790332965518;0.2;0.0;0;1;0;0
3;0.16666666666666666;0.11783450679464683;0.39967239967239965;1;0.14234259349191478;0.4;0.0;0;1;0;0
2;0.16666666666666666;0.016810670226575158;0.2964782964782965;0;0.09035720283004858;0.2;1.0;1;0;0;1
2;0.3333333333333333;0.17492419414954755;0.38001638001638;1;0.3606622341135767;0.2;0.0;0;1;0;0
3;0.0;0.03200481506713795;0.06552006552006552;1;0.5721984633480106;0.2;0.0;0;1;0;0
2;0.25;0.0327553693031863;0.42342342342342343;0;0.4590578988159829;0.2;0.0;0;0;1;0
1;0.08333333333333333;0.03665564125531656;0.18837018837018837;0;0.280660327477467;0.0;0.0;0;1;0;0
3;0.16666666666666666;0.15258366325913422;0.13513513513513514;1;0.4560938677959618;0.4;0.0;0;1;0;0
2;0.25;0.2869853817694391;0.10728910728910729;1;0.11541023883593277;0.0;0.0;0;0;1;1
0;0.5833333333333334;0.2648195362217028;0.5389025389025389;1;0.46237137551820356;0.6;0.0;1;0;0;1
4;0.08333333333333333;0.011808807515344478;0.2538902538902539;1;0.20599109498580678;0.2;0.0;0;1;0;0
2;0.25;0.03380063351283878;0.6076986076986077;1;0.3037659895948597;0.2;0.0;0;0;1;0
3;0.25;0.12402651564102625;0.26863226863226863;1;0.32039244088534347;0.4;0.0;0;1;0;0
2;0.4166666666666667;0.1071673565908877;0.07698607698607698;1;0.276504306924171;0.4;0.0;0;1;0;0
4;0.3333333333333333;0.04786749170785433;0.17362817362817362;0;0.5222787237798195;0.2;0.0;0;0;1;0
0;0.08333333333333333;0.22097759723449606;0.5593775593775594;1;0.17966956022765787;0.6;0.0;1;0;0;1
3;0.25;0.015485423736853389;0.3308763308763309;1;0.2779680316094237;0.4;0.0;0;1;0;0
4;0.3333333333333333;0.1133080273681063;0.266994266994267;0;0.23393007337542693;0.0;0.0;0;1;0;1
3;0.08333333333333333;0.03541861228947252;0.3832923832923833;0;0.10861216248239045;0.0;1.0;0;1;0;0
3;0.25;0.0832729188523318;0.438984438984439;1;0.15669172943492707;0.2;0.0;0;1;0;0
3;0.5;0.054471961084584276;0.5397215397215397;1;0.12539332801374536;0.4;1.0;0;1;0;1
4;0.16666666666666666;0.433746688827877;0.5937755937755937;0;0.5137675578101475;0.6;0.0;0;1;0;1
4;0.08333333333333333;0.07413237781775177;0.29811629811629814;0;0.12967078113174096;0.4;0.0;0;1;0;0
3;0.3333333333333333;0.4153581495312304;0.13923013923013924;1;0.07767180206594024;0.0;1.0;0;1;0;1
3;0.16666666666666666;0.03268745938690921;0.2891072891072891;1;0.2181310291610431;0.0;1.0;0;1;0;0
4;0.25;0.16246567200942294;0.39967239967239965;1;0.3814359068125914;0.4;0.0;0;0;1;0
3;0.16666666666666666;0.1404069774065713;0.19901719901719903;0;0.32665917109493015;0.4;0.0;0;1;0;0
3;0.25;0.20928478882385695;0.19983619983619982;1;0.08298247671633388;0.6;0.0;0;1;0;1
4;0.5833333333333334;0.13154725172358572;0.41277641277641275;1;0.3190088445427568;0.2;1.0;0;0;1;1
4;0.25;0.1275355724129606;0.3488943488943489;0;0.45157880876933426;0.6;0.0;0;0;1;1
4;0.25;0.1201985718963745;0.361998361998362;1;0.044241278962562386;0.0;0.0;0;1;0;0
2;0.3333333333333333;0.4676035763590388;0.2325962325962326;1;0.4026780593294912;0.2;0.0;0;1;0;0
4;0.08333333333333333;0.028737275307447314;0.3185913185913186;1;0.6133443875793866;0.2;0.0;0;0;1;0
4;0.16666666666666666;0.003332613547326943;0.20556920556920558;1;0.42549247322687345;0.2;0.0;0;1;0;0
4;0.08333333333333333;0.12600892707990896;0.5028665028665029;1;0.11396346026805941;0.4;0.0;0;0;1;0
3;0.0;0.02097668638321447;0.5266175266175266;0;0.2523925940506545;0.2;0.0;0;1;0;0
4;0.3333333333333333;0.126498243054311;0.05405405405405406;0;0.19316022638198013;0.0;0.0;0;1;0;1
4;0.16666666666666666;0.04279062275654111;0.20475020475020475;1;0.3361629727319942;0.2;0.0;0;1;0;0
2;0.3333333333333333;0.004861767001856612;0.11138411138411139;1;0.7322957258542196;0.0;0.0;0;0;1;1
1;0.25;0.16334517465604653;0.2497952497952498;0;0.32284947408591236;0.4;0.0;0;0;1;1
3;0.4166666666666667;0.005830932697114221;0.34316134316134317;1;0.20351690286458754;0.2;0.0;0;1;0;0
4;0.5;0.0281679901727857;0.11957411957411958;0;0.5170635242611504;0.2;1.0;0;1;0;1
1;0.25;0.04555992987781025;0.20556920556920558;0;0.28023146871707566;0.6;0.0;0;1;0;1
4;0.3333333333333333;0.015777967782727966;0.19246519246519248;0;0.1609400569129599;0.2;0.0;0;1;0;0
4;0.0;0.2723585456230901;0.3906633906633907;0;0.3056928152309098;0.0;0.0;0;0;1;0
4;0.08333333333333333;0.10812997852524507;0.3677313677313677;1;0.6084921438149308;0.6;1.0;0;1;0;1
4;0.25;0.2316573413856261;0.23832923832923833;1;0.6006649216332757;0.0;0.0;0;0;1;0
4;0.6666666666666666;0.1274280721590559;0.3857493857493858;1;0.1305206149636044;0.4;0.0;0;1;0;1
0;0.16666666666666666;0.5364072255915588;0.266994266994267;1;0.45434035981626;0.2;0.0;0;0;1;1
4;0.25;0.08279814901367695;0.31203931203931207;1;0.5090800396314213;0.4;0.0;0;0;1;0
4;0.5;0.006079364324911218;0.6306306306306306;1;0.3841251956617836;0.0;1.0;0;1;0;1
3;0.16666666666666666;0.01944408627451975;0.5765765765765766;1;0.3920726973813114;0.4;0.0;0;1;0;0
3;0.3333333333333333;0.09871164747490709;0.14414414414414414;1;0.3965278653743506;0.4;0.0;0;1;0;0
3;0.0;0.04747436428284125;0.49221949221949224;1;0.25099817743310165;0.2;0.0;0;1;0;0
4;0.08333333333333333;0.013259108172366182;0.48976248976248976;0;0.7404601087110627;0.2;0.0;0;1;0;1
2;0.0;0.0301942917011971;0.16871416871416872;1;0.38417941333634287;0.6;0.0;0;1;0;1
3;0.3333333333333333;0.07153539163474083;0.4905814905814906;0;0.28536409447291733;0.4;0.0;1;0;0;1
3;0.08333333333333333;0.08117657830382362;0.6085176085176085;0;0.23600116047566633;0.0;0.0;0;1;0;0
4;0.4166666666666667;0.30335047239419377;0.17280917280917282;0;0.1456196160894076;0.4;0.0;0;0;1;1
1;0.16666666666666666;0.010507237895119046;0.20638820638820637;1;0.5585998422171958;0.0;1.0;0;0;1;0
2;0.3333333333333333;0.04920709076882872;0.5233415233415234;1;0.22218002950995502;0.2;0.0;0;0;1;1
4;0.25;0.07840945194986494;0.4013104013104013;1;0.405443672065428;0.0;0.0;0;1;0;0
3;0.08333333333333333;0.013306125687586448;0.44717444717444715;0;0.5639962402155562;0.2;0.0;0;1;0;0
4;0.16666666666666666;0.12945871423169594;0.41277641277641275;1;0.5064327742564975;0.6;0.0;0;1;0;1
3;0.16666666666666666;0.08045064249508449;0.42096642096642095;1;0.3670600764974252;0.4;0.0;0;1;0;0
3;0.0;0.06839131084248885;0.13923013923013924;1;0.3231926165930777;0.6;0.0;0;1;0;1
4;0.3333333333333333;0.11869138994168948;0.5282555282555282;0;0.1515651929974585;0.4;0.0;0;0;1;0
4;0.08333333333333333;0.037696491244051014;0.547911547911548;0;0.35768441872117607;0.4;0.0;0;1;0;0
4;0.3333333333333333;0.04605036161340037;0.3194103194103194;1;0.519550293673363;0.4;0.0;0;1;0;0
2;0.16666666666666666;0.01968831254366907;0.3497133497133497;0;0.16381669906770183;0.0;0.0;1;0;0;0
4;0.25;0.08246431204137607;0.10565110565110565;1;0.7019566222538102;0.4;0.0;0;1;0;1
0;0.16666666666666666;0.05176613973519239;0.4406224406224406;1;0.4748421066484405;0.2;0.0;0;1;0;0
4;0.3333333333333333;0.03348337330078572;0.45045045045045046;1;0.44098940636376116;0.2;0.0;0;0;1;0
3;0.4166666666666667;0.014755360707673087;0.3464373464373464;1;0.45008574046967975;0.0;0.0;0;1;0;0
4;0.5;0.0025451462953321605;0.5405405405405406;0;0.27824394788412016;0.0;0.0;0;1;0;1
4;0.25;0.02383826843957793;0.3022113022113022;0;0.22823337590383747;0.2;0.0;0;1;0;0
2;0.16666666666666666;0.03155888310711396;0.4488124488124488;0;0.16828095333636686;0.0;0.0;0;0;1;0
2;0.0;0.07386046025038688;0.19000819000819;0;0.3841122205465062;0.4;0.0;0;1;0;1
3;0.0;0.0306123145983616;0.35298935298935297;1;0.6677720158292618;0.4;0.0;0;1;0;1
4;0.16666666666666666;0.18929035048053522;0.3284193284193284;1;0.4119103973624546;0.2;0.0;0;1;0;1
3;0.25;0.07144186483534576;0.3939393939393939;1;0.3717476573363139;0.4;0.0;0;1;0;0
4;0.4166666666666667;0.10871239199937151;0.2964782964782965;1;0.08685169169792309;0.0;0.0;0;1;0;0
0;0.08333333333333333;0.025868653987488756;0.33497133497133497;1;0.08043782944302649;0.6;1.0;0;1;0;1
2;0.25;0.05980047580852087;0.49221949221949224;1;0.04476130066485327;0.4;0.0;0;1;0;0
4;0.25;0.10265893446231311;0.28501228501228504;1;0.24936831279839491;0.2;0.0;0;1;0;0
2;0.25;0.04138650204621096;0.09336609336609336;1;0.5744254745164216;0.4;0.0;0;1;0;0
0;0.3333333333333333;0.04552451849703948;0.642915642915643;1;0.648962559279135;0.2;0.0;0;1;0;1
4;0.16666666666666666;0.18321782804583403;0.5831285831285832;1;0.061214113795817135;0.0;0.0;0;1;0;0
4;0.0;0.2018938081867389;0.14496314496314497;1;0.12845561865278646;0.2;0.0;0;1;0;0
4;0.25;0.0846382141802483;0.4692874692874693;1;0.40150275674106617;0.0;1.0;0;1;0;1
3;0.4166666666666667;0.2522092630329247;0.27436527436527436;1;0.557466310647904;0.4;0.0;0;0;1;1
1;0.25;0.14840476865911376;0.39967239967239965;1;0.2526824988320434;0.6;0.0;0;0;1;1
4;0.75;0.00626040438634763;0.4045864045864046;1;0.4944066346514739;0.2;0.0;0;1;0;1
1;0.08333333333333333;0.09114568419307549;0.3185913185913186;1;0.36733435858285973;0.4;0.0;0;1;0;0
4;0.4166666666666667;0.1330778281177465;0.2285012285012285;1;0.05244086411675927;0.2;0.0;0;1;0;0
3;0.6666666666666666;0.08654696517791742;0.24324324324324326;1;0.5178585783126537;0.0;0.0;0;1;0;1
3;0.16666666666666666;0.19839213263149016;0.20638820638820637;1;0.5544706298329243;0.8;0.0;0;1;0;1
4;0.5;0.03974986537737947;0.2203112203112203;1;0.18921727315006076;0.6;0.0;0;1;0;1
4;0.16666666666666666;0.007465627680849603;0.34561834561834565;0;0.2559826896018399;0.6;0.0;0;0;1;1
4;0.16666666666666666;0.11165237490955542;0.23914823914823916;0;0.39303952084289223;0.2;0.0;0;1;0;1
0;0.3333333333333333;0.1459468842895574;0.46846846846846846;1;0.32637460694001474;0.0;0.0;0;1;0;0
3;0.16666666666666666;0.16118468500453015;0.6003276003276004;0;0.49096891935218895;0.2;0.0;0;0;1;0
3;0.3333333333333333;0.001167989229306343;0.26126126126126126;0;0.33993896658127754;0.4;0.0;0;1;0;1
4;0.16666666666666666;0.12443329799654737;0.3955773955773956;0;0.3744937479617932;0.2;0.0;0;1;0;0
4;0.0;0.002261020849969856;0.4381654381654382;0;0.819368469795107;0.6;0.0;1;0;0;1
4;0.25;0.16579712155633927;0.43407043407043405;0;0.19224782230838136;0.0;0.0;0;0;1;1
4;0.3333333333333333;0.13505094939755755;0.36936936936936937;0;0.1715291047773474;0.6;0.0;0;0;1;1
4;0.3333333333333333;0.09316956426516475;0.4782964782964783;1;0.4346003636666739;0.6;0.0;0;1;0;1
0;0.6666666666666666;0.07847145953444983;0.4357084357084357;1;0.3816274620839116;0.4;0.0;0;1;0;1
3;0.4166666666666667;0.13964266501800815;0.15397215397215397;1;0.42792044667573154;0.2;0.0;0;0;1;0
4;0.08333333333333333;0.0064836723470304445;0.4987714987714988;1;0.23995371728053272;0.2;0.0;0;1;0;0
4;0.16666666666666666;0.19853361569468972;0.502047502047502;0;0.4425954069539643;0.6;0.0;0;0;1;1
2;0.5;0.02492971581898199;0.23177723177723178;0;0.46346324732671346;0.4;0.0;0;1;0;1
1;0.16666666666666666;0.07221897373912037;0.3628173628173628;1;0.12089960553968412;0.4;0.0;0;1;0;0
1;0.3333333333333333;0.07415560685605721;0.46846846846846846;1;0.151669224852222;0.4;0.0;1;0;0;1
3;0.0;0.1669580101040415;0.3226863226863227;0;0.1902341896457191;0.6;0.0;0;1;0;1
4;0.08333333333333333;0.023788456268700894;0.5323505323505323;1;0.042109344616389724;0.2;0.0;0;1;0;0
3;0.08333333333333333;0.039576948473238914;0.7436527436527437;0;0.3087904001609285;0.6;0.0;0;1;0;1
4;0.5833333333333334;0.12098849059417167;0.22768222768222768;0;0.28685437502976785;0.2;0.0;0;1;0;1
4;0.5833333333333334;0.05916268702243819;0.13022113022113022;0;0.13640331386399518;0.4;0.0;0;1;0;1
2;0.3333333333333333;0.039436236773375676;0.4062244062244062;0;0.11104219806175393;0.0;0.0;0;1;0;0
3;0.25;0.10800844865461122;0.475020475020475;1;0.663401158811969;0.2;0.0;0;1;0;1
4;0.25;0.01000581701468211;0.3185913185913186;1;0.1488680680606083;0.2;1.0;0;0;1;0
4;0.16666666666666666;0.17346228157542892;0.5945945945945946;1;0.15629844659040945;0.4;0.0;0;1;0;0
4;0.5;0.0827036209811604;0.1375921375921376;0;0.6100483583578593;0.0;0.0;1;0;0;1
2;0.16666666666666666;0.02559956579379338;0.4701064701064701;1;0.059333319253019615;0.2;1.0;0;1;0;1
4;0.5833333333333334;0.05835920656161754;0.2571662571662572;1;0.37148056769478116;0.2;0.0;0;1;0;1
4;0.4166666666666667;0.015563575353095068;0.638001638001638;1;0.6384034607057841;0.2;0.0;0;1;0;0
1;0.25;0.1065943309534685;0.683046683046683;0;0.18446593423217322;0.4;0.0;0;0;1;1
4;0.25;0.12305281195735472;0.23095823095823095;1;0.38012345157200295;0.0;1.0;1;0;0;1
2;0.25;0.05775324859097009;0.266994266994267;0;0.1787280062725065;0.4;0.0;0;0;1;1
4;0.25;0.046111578247367224;0.49713349713349714;1;0.1346993384679388;0.2;0.0;0;1;0;0
4;0.16666666666666666;0.21085834966879763;0.2932022932022932;0;0.2858003095831304;0.2;0.0;0;1;0;0
4;0.25;0.09541841489392806;0.3488943488943489;0;0.9403097840435716;0.2;0.0;0;0;1;1
2;0.0;0.1222885282354756;0.36117936117936117;1;0.2936752698748169;0.6;0.0;0;0;1;1
4;0.08333333333333333;0.015108936558032126;0.042588042588042586;0;0.4615514998139016;0.0;0.0;1;0;0;0
1;0.08333333333333333;0.1389486349562002;0.3546273546273546;0;0.511709770416554;0.4;0.0;0;1;0;0
4;0.5;0.06536521956138078;0.24406224406224405;1;0.24286082272732207;0.4;0.0;1;0;0;1
2;0.25;0.05075304739886553;0.276003276003276;0;0.025280634688595767;0.4;0.0;0;1;0;0
2;0.3333333333333333;0.29487614478915525;0.592956592956593;0;0.17579490077997378;0.4;0.0;0;1;0;0
4;0.16666666666666666;0.006099444026966325;0.1506961506961507;1;0.21868722874499522;0.4;1.0;0;1;0;0
4;0.16666666666666666;0.02414963418423272;0.48976248976248976;0;0.260304446760231;0.2;0.0;0;1;0;0
4;0.25;0.0522336363509471;0.31122031122031124;1;0.15820148886918461;0.2;0.0;0;0;1;0
4;0.08333333333333333;0.04350513286249317;0.31122031122031124;1;0.22771101585525405;0.2;0.0;0;0;1;1
4;0.5;0.07945837894347546;0.4864864864864865;0;0.2872233095346894;0.4;0.0;0;0;1;1
4;0.25;0.056936060885925656;0.41277641277641275;0;0.2613575265953393;0.6;0.0;0;1;0;1
3;0.25;0.17267668264462158;0.45045045045045046;0;0.5258734696159901;0.2;0.0;0;1;0;0
4;0.25;0.16249426261000294;0.5151515151515151;0;0.37816810475397494;0.2;1.0;0;0;1;0
2;0.3333333333333333;0.1646121764593272;0.3022113022113022;0;0.03475218851402407;0.4;0.0;0;1;0;0
4;0.0;0.05122596564513811;0.25634725634725636;0;0.17021378800538364;0.2;0.0;0;0;1;0
3;0.3333333333333333;0.058143564514822554;0.17854217854217855;1;0.36251264350375745;0.6;0.0;0;1;0;1
4;0.3333333333333333;0.14175364472024427;0.22113022113022113;1;0.40104730359730756;0.4;0.0;0;1;0;0
4;0.3333333333333333;0.014686246239406047;0.8394758394758395;0;0.3032977975969549;0.2;0.0;0;1;0;0
1;0.3333333333333333;0.21245103196573406;0.5601965601965602;1;0.3467516066935516;0.2;1.0;0;0;1;1
2;0.25;0.08663749762479224;0.13513513513513514;1;0.5571673988171891;0.4;0.0;0;1;0;0
1;0.25;0.20994397441186963;0.14004914004914004;0;0.44953026277866065;0.6;1.0;0;1;0;1
2;0.4166666666666667;0.17550512762802026;0.4357084357084357;1;0.23987817069106415;0.6;1.0;0;0;1;1
4;0.08333333333333333;0.05211672596201792;0.44635544635544633;1;0.20514907618802536;0.0;0.0;0;1;0;1
3;0.25;0.011846634360695779;0.44635544635544633;0;0.10332667653159626;0.2;0.0;0;0;1;0
2;0.0;0.2821222690437759;0.3153153153153153;1;0.3414642151152465;0.4;0.0;0;1;0;0
3;0.08333333333333333;0.046942868438004624;0.3357903357903358;1;0.5261690862400679;0.4;0.0;0;1;0;0
3;0.16666666666666666;0.05200271094832414;0.4103194103194103;1;0.08093169490292504;0.2;0.0;0;0;1;0
4;0.0;0.26668593322416134;0.371007371007371;0;0.6111931387086885;0.6;0.0;0;1;0;1
4;0.16666666666666666;0.277331736177877;0.0;0;0.19878693488090646;0.6;1.0;0;1;0;1
3;0.25;0.03387145124115199;0.3194103194103194;1;0.19032763989263132;0.2;0.0;0;1;0;0
3;0.25;0.010296609699125084;0.21703521703521703;1;0.6254373979289998;0.4;1.0;0;1;0;0
3;0.16666666666666666;5,38E+11;0.3857493857493858;1;0.43919934120557585;0.2;0.0;0;1;0;0
3;0.5;0.06410694829653045;0.846027846027846;0;0.4441566277047782;0.2;0.0;0;1;0;1
4;0.25;0.0934682041012716;0.4168714168714169;0;0.4255712343621372;0.6;0.0;0;0;1;1
1;0.3333333333333333;0.0349990081359214;0.30548730548730546;1;0.2584909416271503;0.2;0.0;0;0;1;1
4;0.16666666666666666;0.03339597666259802;0.5077805077805078;0;0.36585982465748706;0.0;0.0;0;1;0;0
3;0.25;0.04903008813440648;0.4357084357084357;0;0.2085119630809564;0.2;1.0;0;1;0;1
3;0.16666666666666666;0.0338984626277645;0.4258804258804259;0;0.7812739007376702;0.2;0.0;0;1;0;1
4;0.5833333333333334;0.2174603229442836;0.4561834561834562;0;0.4390699946948729;0.2;0.0;0;1;0;1
2;0.08333333333333333;0.1144888499276362;0.6936936936936937;1;0.314260921139344;0.4;0.0;0;1;0;0
4;0.4166666666666667;0.19640415180667506;0.17117117117117117;0;0.3561730053438452;0.2;0.0;0;1;0;0
4;0.3333333333333333;0.21907530347982254;0.43407043407043405;1;0.5800580371626103;0.6;0.0;0;1;0;1
3;0.3333333333333333;0.06345821435762643;0.20475020475020475;1;0.3507833881743133;0.4;0.0;0;1;0;0
4;0.0;0.0721739368542385;0.447993447993448;1;0.10125100126559902;0.4;0.0;0;1;0;0
4;0.4166666666666667;0.4236971672383936;0.20638820638820637;0;0.6632264309229868;0.4;0.0;0;0;1;1
4;0.16666666666666666;0.18879500972332172;0.2882882882882883;1;0.5216101482009007;0.4;0.0;0;0;1;0
4;0.08333333333333333;0.17784295028663713;0.30794430794430794;1;0.0467295331860209;0.2;0.0;0;1;0;1
4;0.3333333333333333;0.09744300189946073;0.5167895167895168;0;0.29187681642350394;0.4;0.0;0;0;1;0
4;0.0;0.06872909950196163;0.506961506961507;1;0.5055865866097236;0.2;0.0;0;1;0;0
4;0.0;0.2502923902330954;0.15233415233415235;0;0.12268530615371046;0.4;0.0;0;0;1;0
4;0.16666666666666666;0.18157282555945614;0.3652743652743653;1;0.2302511038430314;0.2;1.0;0;1;0;1
3;0.25;0.08085536244117016;0.24078624078624078;1;0.9312000310324622;0.2;0.0;0;0;1;1
4;0.16666666666666666;0.035022311113612495;0.1506961506961507;1;0.2830865435574597;0.4;0.0;0;1;0;0
2;0.16666666666666666;0.01765793810742082;0.32104832104832104;0;0.628812708096913;0.2;0.0;0;1;0;0
2;0.25;0.08944929989025517;0.3063063063063063;1;0.041732949087704356;0.2;0.0;0;1;0;1
3;0.0;0.038987462416516724;0.7542997542997543;1;0.4048294593314484;0.4;0.0;0;1;0;0
2;0.08333333333333333;0.03406931641218096;0.4275184275184275;1;0.3226170056730594;0.0;1.0;0;1;0;1
1;0.16666666666666666;0.012371303229675383;0.13104013104013104;1;0.5811076643723159;0.4;1.0;0;1;0;0
3;0.16666666666666666;0.003833817986872633;0.26453726453726456;0;0.2557276934153224;0.2;0.0;0;0;1;0
4;0.25;0.17011267815835424;0.5241605241605242;1;0.5369575107651504;0.2;0.0;0;1;0;0
4;0.25;0.012645241607228293;0.6986076986076986;0;0.2742328752625203;0.0;0.0;0;1;0;0
4;0.3333333333333333;0.24413027280618024;0.09664209664209664;1;0.11199857805714393;0.4;0.0;0;1;0;0
2;0.0;0.026692717099590823;0.04914004914004914;1;0.41845962666747966;0.8;1.0;1;0;0;1
4;0.4166666666666667;0.15857161069928655;0.6633906633906634;1;0.40726180584112853;0.4;0.0;0;0;1;0
4;0.08333333333333333;0.19260123056898304;0.4201474201474201;0;0.1559057564463042;0.2;0.0;0;0;1;0
0;0.5;0.17494209184154155;0.21457821457821458;1;0.25386668899460785;0.2;0.0;0;1;0;1
2;0.25;0.22941190220277707;0.4438984438984439;1;0.22124517229568652;0.4;0.0;0;1;0;1
4;0.08333333333333333;0.04611669574299675;0.0;0;0.10809289988376829;0.6;0.0;0;1;0;1
4;0.16666666666666666;0.4740141748457808;0.3570843570843571;0;0.38059180941747794;0.2;0.0;0;1;0;0
4;0.5;0.03641960684289865;0.4103194103194103;1;0.5114604318411436;0.0;0.0;0;1;0;1
4;0.3333333333333333;0.30286988459349484;0.5077805077805078;1;0.21573744730234687;0.4;0.0;0;1;0;0
4;0.08333333333333333;0.06393783222912268;0.19082719082719082;0;0.10753994210901358;0.0;1.0;0;1;0;0
3;0.16666666666666666;0.006452600928605449;0.371007371007371;1;0.23705584838488872;0.2;0.0;0;1;0;0
4;0.3333333333333333;0.17091814631239582;0.20475020475020475;1;0.08932175040131879;0.0;0.0;0;1;0;0
4;0.16666666666666666;0.17221607481598225;0.3988533988533989;0;0.3947467282852386;0.2;0.0;0;0;1;0
2;0.0;0.02438385492442871;0.20966420966420968;1;0.3176452000260853;0.4;0.0;0;1;0;0
4;0.4166666666666667;0.1929241642571543;0.28992628992628994;0;0.4382356182431172;0.4;0.0;0;0;1;0
3;0.5833333333333334;0.019010117311750716;0.19328419328419327;1;0.5045343856884833;0.6;0.0;0;1;0;1
3;0.4166666666666667;0.01820106887450918;0.46355446355446356;0;0.23189333096813755;0.4;0.0;0;1;0;0
4;0.08333333333333333;0.18408446914326398;0.49713349713349714;1;0.5299954008626215;0.2;0.0;0;1;0;0
4;0.3333333333333333;0.03807278020317355;0.3185913185913186;0;0.32803197400221007;0.2;0.0;0;0;1;0
2;0.3333333333333333;0.008831141788481009;0.3628173628173628;0;0.49540255366398017;0.4;0.0;0;1;0;0
1;0.25;0.34835451037132303;0.11957411957411958;1;0.3190429990965626;0.0;0.0;0;0;1;0
3;0.25;0.09053277956653748;0.30794430794430794;1;0.3078830715875212;0.2;0.0;0;1;0;1
4;0.16666666666666666;0.0660619218661554;0.34807534807534807;0;0.5938286869615302;0.2;0.0;0;1;0;1
4;0.25;0.07797349042545854;0.7862407862407862;0;0.36816397787320165;0.4;0.0;0;0;1;0
3;0.0;0.12344029643696855;0.17444717444717445;1;0.11726743130956344;0.0;0.0;0;1;0;0
4;0.25;0.22002656651921196;0.5962325962325963;0;0.2410224289478902;0.2;1.0;0;0;1;1
2;0.5833333333333334;0.12416131983751649;0.5200655200655201;1;0.2524751562813673;0.0;0.0;0;1;0;1
4;0.4166666666666667;0.14961322921126297;0.40294840294840295;0;0.22537833848508426;0.2;0.0;0;1;0;1
3;0.4166666666666667;0.022032334649313836;0.6445536445536445;1;0.34965959014349635;0.2;0.0;0;0;1;0
4;0.25;0.05385720952367081;0.4176904176904177;0;0.5824596750491203;0.0;0.0;1;0;0;1
3;0.0;0.09773648980425509;0.4201474201474201;0;0.1671613879828299;0.4;0.0;0;1;0;0
3;0.16666666666666666;0.10741728608978666;0.34807534807534807;0;0.34932180968616666;0.6;0.0;0;0;1;1
4;0.4166666666666667;0.03505317239056335;0.556920556920557;0;0.38338282237598487;0.2;0.0;0;1;0;0
4;0.3333333333333333;0.4103032059970293;0.5364455364455365;0;0.09032423297468378;0.0;0.0;0;0;1;1
4;0.16666666666666666;0.013925004080561295;0.2538902538902539;1;0.24253280233961075;0.4;0.0;0;1;0;1
2;0.5833333333333334;0.013182065795252778;0.14086814086814087;1;0.24404321162126155;0.0;1.0;0;1;0;1
3;0.4166666666666667;0.02888908229962186;0.3235053235053235;1;0.36335947223012177;0.2;0.0;0;1;0;0
0;0.16666666666666666;0.15593515824838064;0.22522522522522523;1;0.15434054978778894;0.2;0.0;0;1;0;0
2;0.16666666666666666;0.00407361032578027;0.3464373464373464;1;0.2548450734174191;0.6;1.0;0;1;0;1
4;0.5;0.49081131936479216;0.5593775593775594;1;0.1780698882714038;0.2;0.0;0;1;0;1
1;0.5833333333333334;0.48956816412045334;0.28173628173628174;1;0.27256383012483043;0.4;0.0;0;1;0;1
3;0.08333333333333333;0.019288467340272977;0.3497133497133497;1;0.10886623746463564;0.4;1.0;1;0;0;0
4;0.16666666666666666;0.056992019282074265;0.36609336609336607;1;0.576905185062849;0.6;0.0;0;1;0;1
3;0.4166666666666667;0.025305219819346834;0.4954954954954955;0;0.20814669084379847;0.0;1.0;0;1;0;0
2;0.08333333333333333;0.05826505605326964;0.0;1;0.3978060856659959;0.4;0.0;0;1;0;0
4;0.3333333333333333;0.08461960567251221;0.2571662571662572;1;0.3049252750189029;0.4;0.0;0;0;1;0
1;0.08333333333333333;0.1924331815608931;0.3914823914823915;0;0.2347140127817111;0.6;0.0;0;1;0;1
3;0.3333333333333333;0.003987721067202009;0.5536445536445537;1;0.010029905831118086;0.4;0.0;0;1;0;0
4;0.0;0.4822704055788251;0.276003276003276;0;0.1741454119287614;0.0;0.0;0;1;0;0
3;0.08333333333333333;0.3140200261392345;0.04914004914004914;1;0.6404099681604336;0.2;0.0;0;1;0;0
4;0.16666666666666666;0.09394477460142764;0.45782145782145783;0;0.26119426524178185;0.2;0.0;0;1;0;0
4;0.0;0.07288306872041421;0.25225225225225223;1;0.44276565403836254;0.0;1.0;0;1;0;0
4;0.08333333333333333;0.08893780162363601;0.16216216216216217;0;0.39097469430739945;0.0;0.0;0;1;0;0
4;0.16666666666666666;0.0020014853638814297;0.2547092547092547;1;0.6543372201019529;0.4;0.0;0;1;0;1
4;0.16666666666666666;0.1488284240374649;0.32678132678132676;1;0.3823038848973887;0.2;0.0;0;1;0;0
2;0.16666666666666666;0.07626477986446771;0.257985257985258;1;0.5168419218834689;0.6;1.0;0;1;0;1
2;0.08333333333333333;0.03741955710952447;0.0;1;0.5230820821294003;0.2;0.0;0;1;0;0
4;0.3333333333333333;0.06881034169204935;0.5036855036855037;1;0.6763554440163092;0.2;0.0;0;0;1;1
2;0.0;0.03844157630075714;0.5651105651105651;1;0.6473328326647413;0.2;1.0;0;0;1;0
4;0.25;0.13387502237600438;0.46355446355446356;1;0.9463669586285505;0.6;0.0;0;1;0;1
4;0.3333333333333333;0.10597304045531392;0.17035217035217035;1;0.15127328249126668;0.4;0.0;0;1;0;0
4;0.16666666666666666;0.05458210489033232;0.3235053235053235;0;0.7805587066387017;0.4;0.0;0;1;0;1
3;0.4166666666666667;0.041903871429359016;0.35544635544635544;1;0.7293745250166895;0.6;0.0;0;1;0;1
1;0.16666666666666666;0.23404074285548807;0.45454545454545453;1;0.16542515566284047;0.0;0.0;0;1;0;0
4;0.4166666666666667;0.1274933860792965;0.46601146601146604;0;0.40574618227886305;0.0;0.0;0;1;0;0
2;0.25;0.13990619599817516;0.23669123669123668;0;0.05292803752323025;0.8;0.0;0;0;1;1
2;0.5;0.10718338679137056;0.3701883701883702;0;0.614126317704644;0.6;1.0;0;0;1;1
2;0.08333333333333333;0.0086327654144641;0.43161343161343163;0;0.27221831344389935;0.2;0.0;0;1;0;1
4;0.08333333333333333;0.006727903110799144;0.5954135954135954;1;0.31707381198376955;0.4;0.0;0;1;0;0
3;0.16666666666666666;0.062314313527029944;0.47174447174447176;0;0.4662928046710279;0.4;1.0;0;0;1;0
4;0.16666666666666666;0.2966167313441729;0.4856674856674857;1;0.07173632465628968;0.6;0.0;0;0;1;1
4;0.3333333333333333;0.08269398995220326;0.3701883701883702;0;0.5285937736708405;0.2;0.0;1;0;0;0
0;0.25;0.23209447253133003;0.588042588042588;0;0.736504940929742;0.4;0.0;0;1;0;1
4;0.16666666666666666;0.01122791084992749;0.42342342342342343;0;0.25010305496861746;0.2;0.0;0;1;0;0
4;0.08333333333333333;0.14327622685184888;0.2153972153972154;0;0.7583921597846881;0.4;1.0;0;1;0;1
3;0.08333333333333333;0.031250551368234375;0.5864045864045864;1;0.10995226028104989;0.2;0.0;0;1;0;0
2;0.0;0.08264439009042722;0.47092547092547093;1;0.5917515565586919;0.2;0.0;0;1;0;0
4;0.16666666666666666;0.03849715337624952;0.2841932841932842;1;0.6387009504175066;0.4;0.0;0;1;0;0
4;0.4166666666666667;0.13856429915295887;0.2784602784602785;1;0.2941496968762191;0.2;1.0;0;0;1;0
4;0.25;0.056933646529328974;0.40540540540540543;1;0.11408895418287633;0.8;0.0;0;0;1;1
2;0.5;0.06893955376683257;0.43243243243243246;1;0.40689151984685473;0.4;0.0;0;1;0;1
0;0.16666666666666666;0.03125165985950244;0.389025389025389;1;0.3917836340315371;0.4;0.0;0;0;1;1
4;0.6666666666666666;0.036707770476139025;0.40786240786240785;1;0.19709003883684925;0.2;0.0;0;1;0;1
4;0.25;0.021940439233333286;0.6347256347256347;1;0.218251249909718;0.0;0.0;0;0;1;0
0;0.3333333333333333;0.0897214831697092;0.5323505323505323;0;0.5237949717334124;0.2;0.0;0;1;0;0
4;0.3333333333333333;0.01736051058812214;0.3882063882063882;0;0.19509871659193626;0.4;0.0;0;1;0;0
4;0.16666666666666666;0.034673854463897626;0.5110565110565111;1;0.4677779252608798;0.2;0.0;0;1;0;0
0;0.5;0.08404906773791933;0.18755118755118755;1;0.24229807494298194;0.2;0.0;0;1;0;1
1;0.16666666666666666;0.03568631637708418;0.4217854217854218;0;0.19015988855967103;0.4;0.0;0;1;0;1
4;0.16666666666666666;0.09872976180909558;0.6527436527436528;1;0.18565678463494845;0.4;0.0;0;1;0;0
1;0.3333333333333333;0.0015177163643658208;0.32104832104832104;1;0.7687568744669026;0.4;0.0;1;0;0;1
4;0.08333333333333333;0.4027408404427929;0.21785421785421785;1;0.6042210395976247;0.0;0.0;0;1;0;0
3;0.6666666666666666;0.1456118683819746;0.2497952497952498;1;0.2006262987978323;0.4;1.0;0;1;0;1
2;0.3333333333333333;0.07790823426464155;0.17854217854217855;1;0.25729332042197667;0.4;0.0;0;1;0;1
4;0.6666666666666666;0.2821330619453645;0.2285012285012285;1;0.2929204281946903;0.6;0.0;0;1;0;1
2;0.16666666666666666;0.22674031908957465;0.29565929565929566;1;0.5260494942727536;0.2;0.0;0;1;0;0
0;0.5;0.05073300296497597;0.12612612612612611;0;0.2952057437705926;0.0;0.0;0;0;1;1
2;0.3333333333333333;0.013665779986236496;0.3595413595413595;1;0.7139695780162151;0.2;0.0;0;1;0;1
4;0.3333333333333333;0.032271753211311656;0.5045045045045045;0;0.6284515193503912;0.2;0.0;0;1;0;0
4;0.5833333333333334;0.025974192537598875;0.20802620802620803;1;0.18815549828929382;0.4;0.0;0;0;1;1
4;0.4166666666666667;0.15420527470625786;0.6052416052416052;1;0.30540955390340874;0.0;0.0;0;1;0;0
2;0.25;0.08831189456237058;0.4406224406224406;1;0.7030907490810616;0.4;0.0;0;1;0;1
2;0.3333333333333333;0.21109075880433742;0.5257985257985258;1;0.6523382210191854;0.4;0.0;0;0;1;1
4;0.16666666666666666;0.07478642980178776;0.24897624897624898;1;0.41835815316740804;0.6;0.0;0;1;0;1
4;0.8333333333333334;0.16334375511053392;0.4963144963144963;1;0.8138357988603077;0.2;0.0;0;1;0;1
3;0.5;0.04340357436654496;0.17772317772317772;1;0.2902076920674875;0.2;0.0;0;0;1;1
2;0.16666666666666666;0.10248356668753372;0.5028665028665029;1;0.14402868179313597;0.6;0.0;0;1;0;1
4;0.16666666666666666;0.11342161416161653;0.38493038493038495;1;0.43996568072185543;0.0;0.0;0;1;0;0
4;0.25;0.15839183815023436;0.44717444717444715;0;0.15568978935604025;0.6;1.0;1;0;0;1
3;0.4166666666666667;0.17872403459188282;0.1638001638001638;0;0.6374407751268193;0.4;0.0;0;1;0;0
2;0.08333333333333333;0.03594311885093819;0.20966420966420968;1;0.3616976703102043;0.0;0.0;0;1;0;0
1;0.5;0.054031666976271556;0.45454545454545453;0;0.5519856656803412;0.2;0.0;0;0;1;1
4;0.25;0.02575587162456395;0.20147420147420148;1;0.5292727461964001;0.4;0.0;0;0;1;0
0;0.3333333333333333;0.15322000461780874;0.43243243243243246;0;0.3185266334389368;0.0;0.0;0;1;0;0
2;0.16666666666666666;0.035058535502094576;0.13267813267813267;0;0.5905847962419156;0.0;0.0;0;1;0;1
4;0.25;0.055115545785127014;0.4954954954954955;0;0.4764962470419877;0.2;0.0;0;0;1;0
3;0.16666666666666666;0.18070490126966615;0.1547911547911548;0;0.10131190603267572;0.0;0.0;0;0;1;0
3;0.08333333333333333;0.04613047836752734;0.44717444717444715;1;0.2832933875394051;0.4;0.0;0;1;0;0
2;0.4166666666666667;0.03827380395159823;0.4594594594594595;1;0.10558288918309534;0.4;0.0;0;1;0;0
3;0.08333333333333333;0.11711756741708827;0.24242424242424243;1;0.6714532800364739;0.6;0.0;0;1;0;1
4;0.3333333333333333;0.41205743326711924;0.4520884520884521;1;0.432572515723774;0.4;0.0;0;0;1;0
4;0.08333333333333333;0.007126200138789845;0.39967239967239965;0;0.16754666927030476;0.0;0.0;0;0;1;0
4;0.4166666666666667;0.2002703992721712;0.26863226863226863;0;0.10266790160849053;0.2;0.0;1;0;0;0
0;0.4166666666666667;0.014357234618903633;0.19164619164619165;0;0.5544894368495125;0.2;0.0;0;0;1;0
4;0.16666666666666666;0.046992583119324444;0.03521703521703522;1;0.6948271740712535;0.2;0.0;0;1;0;1
4;0.08333333333333333;0.059912930340454466;0.4135954135954136;0;0.33508502882796987;0.4;0.0;0;1;0;0
1;0.3333333333333333;0.1410700976272706;0.10073710073710074;1;0.05928646523698157;0.2;0.0;0;0;1;1
4;0.4166666666666667;0.29049028458438764;0.3726453726453726;1;0.012351843045299672;0.2;0.0;0;0;1;0
4;0.4166666666666667;0.0119025334796219;0.31367731367731366;1;0.2638385533669865;0.6;0.0;0;1;0;1
3;0.08333333333333333;0.1518927747217412;0.46764946764946763;0;0.2021204801506855;0.0;1.0;0;1;0;0
4;0.5;0.0432178212736887;0.3071253071253071;0;0.4234773756983002;0.0;0.0;0;0;1;1
2;0.08333333333333333;0.2582798113385642;0.30303030303030304;0;0.09727806325008438;0.4;0.0;0;1;0;0
4;0.08333333333333333;0.03620699511883954;0.47665847665847666;1;0.035627852343516925;0.2;1.0;0;1;0;0
4;0.16666666666666666;0.1316397073936411;0.411957411957412;0;0.790041304029766;0.4;0.0;0;1;0;1
4;0.25;0.019962039699937945;0.4086814086814087;0;0.12908747581462307;0.2;0.0;0;1;0;1
3;0.3333333333333333;0.3525172649001458;0.4332514332514332;1;0.4671564007536503;0.4;0.0;0;1;0;0
3;0.4166666666666667;0.0004126588248620178;0.10483210483210484;0;0.21849970450349274;0.6;0.0;0;0;1;1
4;0.0;0.029424697812364207;0.48075348075348073;0;0.5154205147247424;0.2;1.0;0;1;0;0
3;0.0;0.12531084065063575;0.457002457002457;1;0.2814251179567343;0.4;0.0;0;1;0;0
2;0.16666666666666666;0.21366331501697144;0.19000819000819;0;0.7256004155834791;0.4;0.0;0;1;0;1
2;0.25;0.5612528105286186;0.31695331695331697;1;0.04618632817020825;0.8;0.0;0;0;1;1
4;0.5833333333333334;0.02110082182764724;0.35053235053235055;0;0.36999347693696555;0.2;0.0;1;0;0;1
0;0.5833333333333334;0.04075809220905168;0.33497133497133497;1;0.6011259848899826;0.2;0.0;0;0;1;1
4;0.08333333333333333;0.2474173184698169;0.41113841113841115;0;0.14640835403621433;0.2;0.0;0;0;1;0
4;0.08333333333333333;0.003606704094033103;0.5913185913185913;0;0.14545716873656692;0.2;0.0;0;1;0;0
4;0.4166666666666667;0.14699387812816542;0.533988533988534;1;0.23188192275647043;0.0;0.0;0;1;0;1
4;0.3333333333333333;0.061127815348297344;0.1416871416871417;1;0.45204510132736264;0.6;0.0;0;1;0;1
3;0.3333333333333333;0.12982140575733675;0.45864045864045866;0;0.20571540077098704;0.2;0.0;0;1;0;0
3;0.08333333333333333;0.082738956886302;0.5741195741195741;0;0.15934127334980777;0.8;0.0;0;0;1;1
4;0.5;0.10969309023395077;0.4201474201474201;0;0.34292113563397764;0.2;0.0;0;1;0;1
4;0.0;0.12216911040834653;0.5356265356265356;1;0.2941944625599012;0.2;0.0;1;0;0;0
4;0.25;0.11093355446806455;0.6863226863226863;0;0.39868182543607456;0.2;0.0;0;1;0;0
4;0.08333333333333333;0.12147008846507354;0.5241605241605242;1;0.2035267832688784;0.0;0.0;0;1;0;1
4;0.5;0.09341006958621105;0.3972153972153972;1;0.609170340984836;0.6;0.0;0;1;0;1
4;0.6666666666666666;0.1391701147384796;0.5282555282555282;1;0.6495943839346997;0.4;0.0;0;1;0;1
2;0.08333333333333333;0.16641017467812821;0.38001638001638;0;1.0;0.4;0.0;0;1;0;1
4;0.16666666666666666;0.1724909777827609;0.36036036036036034;1;0.44065412672998716;0.2;0.0;0;1;0;0
1;0.3333333333333333;0.21365485982922983;0.2989352989352989;1;0.21360548665604884;0.2;0.0;0;1;0;1
4;0.25;0.04225497210106127;0.6126126126126126;1;0.09364400355009368;0.6;1.0;0;1;0;1
4;0.0;0.15231431732692746;0.22276822276822278;0;0.1795074376272409;0.4;0.0;0;1;0;1
3;0.0;0.326065301918536;0.6076986076986077;1;0.18709189225515516;0.6;0.0;0;1;0;1
2;0.25;0.05089362433200092;0.4381654381654382;0;0.6001361583331271;0.2;0.0;0;1;0;0
4;0.08333333333333333;0.16721670502540792;0.12776412776412777;1;0.7075325769901891;0.4;0.0;0;1;0;1
2;0.3333333333333333;0.03826790995656228;0.4168714168714169;1;0.44358424881945235;0.4;0.0;0;1;0;0
2;0.4166666666666667;0.02141196489153855;0.012285012285012284;0;0.601592861023129;0.0;0.0;0;1;0;0
4;0.25;0.06572965882954479;0.4594594594594595;1;0.6442135164466575;0.6;1.0;0;1;0;1
2;0.16666666666666666;0.18270304240980612;0.502047502047502;1;0.2413884343370821;0.2;0.0;0;1;0;0
4;0.4166666666666667;0.04075466842997394;0.2596232596232596;1;0.5641514767488596;0.4;0.0;0;1;0;0
4;0.0;0.0388152108016301;0.37674037674037675;0;0.6876570720676726;0.4;1.0;0;1;0;1
0;0.08333333333333333;0.03612350694147566;0.6764946764946765;0;0.15587144720116056;0.4;0.0;0;1;0;0
4;0.4166666666666667;0.02730836625321516;0.27354627354627353;1;0.23086813307008472;0.2;0.0;0;0;1;0
4;0.3333333333333333;0.10501813120546834;0.18345618345618345;1;0.06318468845394343;0.4;0.0;0;1;0;0
4;0.3333333333333333;0.030955919011084788;0.5995085995085995;1;0.48631216448921677;0.4;1.0;0;1;0;0
0;0.0;0.3038987511601299;0.6781326781326781;1;0.5144747825694832;0.0;0.0;0;0;1;0
4;0.25;0.047168161905835115;0.3570843570843571;1;0.3748434268261295;0.4;0.0;0;1;0;0
4;0.0;0.0869144737558432;0.5225225225225225;0;0.4462369993808881;0.2;0.0;0;0;1;0
4;0.0;0.058482404760386526;0.5765765765765766;0;0.3009430353963562;0.2;0.0;0;1;0;1
1;0.25;0.36590911458416603;0.23505323505323505;1;0.4524095138585911;0.2;0.0;0;1;0;1
4;0.25;0.061313029279932374;0.27682227682227684;1;0.874541337695885;0.8;0.0;0;0;1;1
0;0.0;0.09221695677928841;0.5585585585585585;1;0.17047034903507183;0.4;0.0;0;1;0;0
4;0.3333333333333333;0.16032036075194056;0.633087633087633;1;0.08136387409935776;1.0;0.0;0;1;0;1
4;0.16666666666666666;0.02083679554882364;0.4488124488124488;1;0.694649618687335;0.0;0.0;0;1;0;1
4;0.0;0.0036230229671876156;0.21294021294021295;1;0.5340379065074036;0.6;0.0;0;1;0;1
4;0.16666666666666666;0.06744997368688062;0.6822276822276823;0;0.19461803803660674;0.2;1.0;0;1;0;0
0;0.08333333333333333;0.08893688903944658;0.26945126945126946;1;0.17807218972489658;0.0;0.0;0;1;0;0
2;0.5;0.037578807639966204;0.3013923013923014;0;0.2252802191325496;0.2;0.0;0;0;1;1
4;0.3333333333333333;0.06900912350913214;0.41277641277641275;1;0.1474535410075005;0.2;1.0;0;0;1;0
4;0.0;0.10618282130028231;0.6109746109746109;1;0.43729502797925074;0.4;0.0;0;1;0;0
3;0.4166666666666667;0.4029495056783436;0.4963144963144963;1;0.03974337901501707;0.4;0.0;1;0;0;1
4;0.5;0.10237911703139903;0.42424242424242425;1;0.18412917284812358;0.2;0.0;0;1;0;1
3;0.16666666666666666;0.06621924173368232;0.43243243243243246;1;0.2802529856645956;0.2;0.0;0;1;0;0
2;0.4166666666666667;0.0024658102487330655;0.36363636363636365;1;0.06558834291130951;0.2;0.0;0;0;1;1
4;0.25;0.04131180735579084;0.447993447993448;0;0.14975153318204454;0.6;0.0;0;0;1;1
4;0.16666666666666666;0.049324713257826;0.0;1;0.3011209217752084;0.2;0.0;0;0;1;0
4;0.16666666666666666;0.07203922573734581;0.30794430794430794;1;0.33714838394635926;0.4;0.0;0;1;0;0
4;0.25;0.16950687668655615;0.3963963963963964;0;0.2699918709803811;0.2;0.0;0;1;0;0
1;0.25;0.1663425847694813;0.1678951678951679;0;0.48347939267447654;0.4;0.0;0;0;1;1
2;0.4166666666666667;0.20757495278270902;0.4201474201474201;0;0.045645989139543416;0.4;1.0;0;1;0;0
4;0.25;0.038037268812975374;0.3235053235053235;1;0.6978167281308718;0.4;0.0;0;1;0;1
3;0.25;0.047258069389343155;0.6445536445536445;1;0.047039299316243365;0.0;0.0;0;1;0;0
4;0.4166666666666667;0.018044778635195526;0.6142506142506142;1;0.8909171519751461;0.4;0.0;0;0;1;1
4;0.4166666666666667;0.21665942709320254;0.2800982800982801;1;0.29989622286108775;0.2;0.0;0;1;0;0
3;0.4166666666666667;0.1174541991127705;0.3316953316953317;1;0.6544527445691051;0.4;0.0;0;1;0;1
4;0.25;0.00891217844317511;0.3447993447993448;1;0.22920277661746666;0.2;0.0;0;1;0;0
4;0.5;0.04019953680931734;0.28255528255528256;1;0.2579027346023727;0.2;0.0;0;1;0;1
4;0.25;0.018370792483126803;0.389025389025389;0;0.16400385774054504;0.2;0.0;0;0;1;0
4;0.16666666666666666;0.38726924673704316;0.2325962325962326;1;0.32057004037650666;0.0;0.0;0;1;0;0
3;0.16666666666666666;0.04359779733295471;0.17117117117117117;1;0.14934807430343697;0.0;0.0;0;1;0;0
2;0.3333333333333333;0.07627170368199264;0.45864045864045866;0;0.3776360186590077;0.0;0.0;0;1;0;0
2;0.25;0.042499325227226256;0.4594594594594595;1;0.5882264711212866;0.4;1.0;0;1;0;0
1;0.16666666666666666;0.07147734133582424;0.22522522522522523;1;0.15178896258126384;0.2;0.0;0;1;0;0
2;0.16666666666666666;0.7328736174415201;0.5036855036855037;1;0.255345462403238;0.6;1.0;0;1;0;1
4;0.0;0.037629968885684005;0.25307125307125306;1;0.08127733525862645;0.4;0.0;0;1;0;0
4;0.3333333333333333;0.03688816970544524;0.39803439803439805;1;0.3984828974019092;0.2;0.0;0;1;0;0
4;0.0;0.0515838226866218;0.4914004914004914;1;0.0742511518492576;0.2;0.0;0;0;1;0
4;0.08333333333333333;0.020571296117043565;0.35135135135135137;0;0.21991284870322375;0.4;0.0;0;0;1;0
2;0.5833333333333334;0.14938507423360342;0.4307944307944308;0;0.5343829131325791;0.0;1.0;0;1;0;1
3;0.3333333333333333;0.05300188901678038;0.2719082719082719;0;0.6364511531310411;0.2;0.0;0;1;0;0
4;0.3333333333333333;0.09668265872449999;0.32432432432432434;0;0.5722282102683487;0.2;1.0;0;0;1;0
3;0.16666666666666666;0.12039397589348458;0.3226863226863227;1;0.7042263289233184;0.2;0.0;0;1;0;1
4;0.0;0.003945762195954548;0.23423423423423423;0;0.27233845208216556;0.0;0.0;0;1;0;0
4;0.08333333333333333;0.11485094471100805;0.3276003276003276;1;0.7687838956312559;0.2;0.0;0;0;1;1
2;0.4166666666666667;0.08459734784580877;0.10319410319410319;0;0.27782524026416505;0.2;1.0;0;1;0;0
4;0.25;0.009553377228814925;0.276003276003276;1;0.518713629587313;0.6;0.0;0;1;0;1
4;0.08333333333333333;0.014722861197988648;0.3104013104013104;0;0.30902150802609973;0.6;0.0;0;1;0;1
4;0.16666666666666666;0.06460405840529443;0.3144963144963145;0;0.463510304169907;0.4;0.0;0;1;0;0
4;0.4166666666666667;0.04723225744015811;0.31695331695331697;1;0.23169303166635094;0.0;0.0;0;0;1;0
3;0.16666666666666666;0.06394885154164194;0.3464373464373464;0;0.4785531770304325;0.4;0.0;0;1;0;0
4;0.25;0.11222923326352269;0.4348894348894349;0;0.33887665909791953;0.4;1.0;0;1;0;0
3;0.25;0.018594235523672224;0.4995904995904996;0;0.49358886619408127;0.6;0.0;0;0;1;1
3;0.5;0.12076961884697074;0.25061425061425063;1;0.1125818420048758;0.2;0.0;0;0;1;1
0;0.16666666666666666;0.1895792824879097;0.1597051597051597;1;0.3771592740291786;0.8;0.0;0;1;0;1
4;0.3333333333333333;0.0002567524166151277;0.18591318591318592;1;0.14993963939540633;0.4;0.0;0;1;0;0
4;0.3333333333333333;0.0510688822953312;0.27682227682227684;1;0.4340942731565785;0.2;0.0;0;1;0;0
3;0.25;0.03573792769691608;0.2989352989352989;1;0.4463443254301513;0.4;0.0;0;0;1;0
4;0.25;0.06286697511737739;0.23095823095823095;1;0.300475472639674;0.2;0.0;0;1;0;0
4;0.08333333333333333;0.10621701884710123;0.14414414414414414;1;0.4148399381484459;0.4;0.0;0;1;0;0
3;0.16666666666666666;0.023043423319981358;0.28173628173628174;1;0.1855661917017214;0.2;0.0;0;1;0;0
4;0.08333333333333333;0.01595081386276607;0.38656838656838655;1;0.8713559123921946;0.0;0.0;0;1;0;1
4;0.3333333333333333;0.1451387949726748;0.45454545454545453;1;0.2828775129807865;0.2;0.0;0;1;0;0
3;0.16666666666666666;0.12873087844495212;0.26535626535626533;0;0.5691484066679479;0.4;0.0;0;1;0;0
3;0.0;0.06866597974519335;0.2891072891072891;1;0.2997491349139308;0.0;0.0;0;1;0;0
3;0.5;0.07734982621138373;0.20475020475020475;1;0.403408311400676;0.6;0.0;0;1;0;1
2;0.08333333333333333;0.03492632981753162;0.35135135135135137;0;0.1738300714062533;0.2;0.0;0;1;0;0
4;0.3333333333333333;0.044354282048123944;0.21785421785421785;0;0.5127391224678947;0.4;0.0;0;1;0;0
4;0.16666666666666666;0.04285559930102576;0.45045045045045046;1;0.6514476515213615;0.0;0.0;0;0;1;1
1;0.25;0.14411631296537403;0.06388206388206388;1;0.37996249468225335;0.0;0.0;0;0;1;1
4;0.08333333333333333;0.09018240504290304;0.29811629811629814;0;0.20078270778166352;0.2;0.0;0;1;0;0
1;0.5;0.1454059399111888;0.4062244062244062;1;0.3695339826125362;0.2;0.0;0;1;0;1
3;0.16666666666666666;0.09933084628677587;0.38656838656838655;1;0.7607179799919831;1.0;1.0;0;1;0;1
3;0.25;0.08770449363426752;0.7977067977067978;1;0.10091982901231009;0.4;0.0;0;1;0;0
4;0.16666666666666666;0.04293735146693577;0.4135954135954136;1;0.23118614030683657;0.4;1.0;0;1;0;0
2;0.3333333333333333;0.05593096933184555;0.19246519246519248;1;0.28083528920168893;0.4;1.0;0;1;0;0
4;0.0;0.24292655705460908;0.3407043407043407;0;0.09912271549928953;0.6;0.0;0;0;1;1
2;0.3333333333333333;0.09538187436406051;0.06552006552006552;0;0.5351740347746896;0.6;1.0;0;1;0;1
4;0.08333333333333333;0.08263482874596813;0.34316134316134317;1;0.2691878220157413;0.0;0.0;0;1;0;1
3;0.25;0.006005100329602862;0.2203112203112203;1;0.5334550564007493;0.2;0.0;0;1;0;0
2;0.0;0.12358858042181387;0.506961506961507;1;0.2341316834329748;0.2;0.0;0;0;1;0
2;0.16666666666666666;0.1288245027407704;0.266994266994267;1;0.192884566998633;0.4;0.0;0;1;0;0
2;0.3333333333333333;0.1304807538218573;0.33742833742833744;1;0.10696052145177161;0.6;0.0;0;0;1;1
1;0.25;0.010573684498272572;0.25225225225225223;0;0.23587305559601962;0.6;0.0;0;1;0;1
1;0.0;0.039689109814404336;0.6412776412776413;0;0.43226242939586584;0.8;0.0;0;0;1;1
4;0.4166666666666667;0.05155665171702986;0.30384930384930386;1;0.43906523579096945;0.6;0.0;0;0;1;1
4;0.25;0.19482181229824674;0.6568386568386568;0;0.6159709913255373;0.2;0.0;0;0;1;0
4;0.16666666666666666;0.4390178125945663;0.48976248976248976;0;0.8871118230831981;0.2;0.0;0;1;0;1
3;0.25;0.05953770040948704;0.4357084357084357;1;0.42170974470382133;0.2;0.0;0;1;0;0
3;0.5;0.08984178231069664;0.4168714168714169;0;0.26917163790846776;0.4;0.0;0;1;0;1
3;0.25;0.0007498647886899339;0.42096642096642095;0;0.2525076558341212;0.4;0.0;0;0;1;0
4;0.3333333333333333;0.0009116182687996684;0.04095004095004095;0;0.5229731586176668;0.6;0.0;0;1;0;1
4;0.25;0.008544928596064259;0.31122031122031124;1;0.27215676207608264;0.2;1.0;0;1;0;1
4;0.16666666666666666;0.14135810530910647;0.4954954954954955;1;0.6261116580645242;0.4;0.0;0;1;0;0
2;0.3333333333333333;0.02175899936759318;0.3488943488943489;0;0.42303235100305747;0.6;0.0;0;1;0;1
4;0.08333333333333333;0.15772907660402713;0.12612612612612611;0;0.32887274033392677;0.0;0.0;0;1;0;1
4;0.25;0.06284276027380098;0.34807534807534807;0;0.09367842360166632;0.2;0.0;0;1;0;1
1;0.08333333333333333;0.2109949180370464;0.6355446355446356;1;0.3409680893828667;0.0;1.0;0;1;0;0
0;0.4166666666666667;0.22721146602732226;0.561015561015561;0;0.36494665172362345;0.4;0.0;0;1;0;0
4;0.16666666666666666;0.23569166380582476;0.3464373464373464;1;0.20392384844434405;0.0;0.0;0;0;1;0
2;0.08333333333333333;0.0871832105091791;0.5126945126945127;1;0.5103089037386526;0.6;0.0;0;0;1;1
4;0.08333333333333333;0.17279150967201576;0.2964782964782965;1;0.3346419645141865;0.4;1.0;0;0;1;0
3;0.5833333333333334;0.12059427001474263;0.07780507780507781;1;0.49713440384759033;0.0;0.0;0;1;0;1
4;0.16666666666666666;0.022926235858134626;0.20556920556920558;1;0.11578702781997256;0.4;0.0;0;0;1;0
1;0.25;0.053392748083818733;0.6126126126126126;1;0.3435032640378966;0.0;1.0;0;1;0;1
3;0.16666666666666666;0.36485948421236025;0.31203931203931207;1;0.5125819675484713;0.4;0.0;0;1;0;0
4;0.3333333333333333;0.16470505415772183;0.31695331695331697;0;0.3173192615191033;0.4;0.0;0;1;0;0
3;0.08333333333333333;0.033884689200419246;0.30794430794430794;0;0.21713052348411727;0.6;0.0;0;1;0;1
2;0.0;0.036632897434685126;0.6683046683046683;1;0.31088426632888505;0.2;0.0;0;1;0;0
4;0.3333333333333333;0.03256210153072782;0.6232596232596233;0;0.18067438572391614;0.4;0.0;1;0;0;1
4;0.75;0.04429390575896559;0.7199017199017199;1;0.22795128584604796;0.4;0.0;0;1;0;1
4;0.25;0.2931607134606067;0.3308763308763309;1;0.09100808675317461;0.8;0.0;0;1;0;1
4;0.25;0.06316955379524247;0.40540540540540543;1;0.24768204574132607;0.2;0.0;0;1;0;0
4;0.5833333333333334;0.050329396306697555;0.10810810810810811;1;0.299831655837019;0.6;0.0;0;1;0;1
4;0.4166666666666667;0.0303466635104894;0.5986895986895987;1;0.12520822420869537;0.2;0.0;0;1;0;0
4;0.0;0.2479908761185012;0.16543816543816545;0;0.07316863468504102;0.2;0.0;0;1;0;1
4;0.16666666666666666;0.3510178854958766;0.3923013923013923;1;0.21526384001613527;0.2;0.0;0;0;1;0
4;0.08333333333333333;0.043423082719152156;0.1769041769041769;0;0.44890846586349487;0.2;1.0;0;1;0;0
2;0.25;0.10661531722720535;0.26044226044226043;1;0.23902672825273855;0.4;0.0;0;1;0;0
4;0.0;0.35381137411102703;0.2194922194922195;1;0.6270776828879807;0.4;0.0;0;0;1;1
2;0.0;0.07693942580110844;0.2571662571662572;1;0.7683221077516691;0.2;0.0;0;0;1;1
4;0.25;0.07029119140284583;0.26863226863226863;0;0.25177410732503874;0.0;0.0;0;0;1;1
4;0.3333333333333333;0.0833952671111612;0.266994266994267;1;0.2953717954268537;0.2;1.0;0;1;0;0
3;0.16666666666666666;0.0036837974709864954;0.49303849303849306;0;0.8295120238816069;0.0;1.0;0;1;0;1
4;0.08333333333333333;0.0396356399326919;0.1760851760851761;0;0.5634482516238687;0.4;0.0;0;1;0;0
4;0.16666666666666666;0.13352012810477157;0.3931203931203931;0;0.14373245492579256;0.4;0.0;0;0;1;0
0;0.08333333333333333;0.37858268202012224;0.5561015561015561;1;0.4961929965172568;0.2;0.0;0;0;1;0
4;0.25;0.09351239688381907;0.2727272727272727;1;0.2757022799995052;0.6;1.0;0;1;0;1
0;0.3333333333333333;0.023442204522656194;0.23914823914823916;1;0.4112019073386547;0.4;0.0;0;1;0;0
1;0.16666666666666666;0.06185558502303711;0.3185913185913186;1;0.3982302687340397;1.0;0.0;0;0;1;1
4;0.16666666666666666;0.07485599311846755;0.5495495495495496;1;0.13874951885940048;0.0;0.0;0;1;0;0
4;0.08333333333333333;0.018305105177081372;0.3882063882063882;0;0.24021422896132286;0.4;0.0;0;1;0;0
4;0.0;0.04437147942263758;0.26945126945126946;0;0.11175729059133759;0.2;0.0;0;1;0;0
4;0.25;0.06545616507559332;0.4357084357084357;1;0.4346278423171276;0.2;0.0;0;1;0;0
4;0.25;0.03371999599968093;0.1760851760851761;1;0.272794122723694;0.0;0.0;1;0;0;0
4;0.08333333333333333;0.04852978873508253;0.46846846846846846;1;0.274007826172061;0.0;0.0;0;1;0;0
2;0.16666666666666666;0.035903343026182484;0.42342342342342343;1;0.14944394192960317;0.2;0.0;0;1;0;0
4;0.08333333333333333;0.10550862038901555;0.3063063063063063;0;0.14562948031189274;0.4;0.0;0;1;0;1
4;0.3333333333333333;0.09608533427661946;0.2194922194922195;0;0.5783409385028245;0.4;0.0;0;1;0;0
4;0.16666666666666666;0.0891982280957246;0.2113022113022113;1;0.4064132398299237;0.2;0.0;0;1;0;0
4;0.5;0.011250756233950252;0.4438984438984439;1;0.540335852796013;0.0;0.0;0;1;0;1
4;0.4166666666666667;0.022495354926408473;0.5577395577395577;1;0.21915144134956543;0.6;0.0;0;1;0;1
3;0.08333333333333333;0.013000323041456725;0.25225225225225223;1;0.11343050856981444;0.4;0.0;0;1;0;0
2;0.16666666666666666;0.007204213649684164;0.43161343161343163;1;0.3582499322483524;0.0;0.0;0;0;1;0
1;0.4166666666666667;0.031470753178427416;0.014742014742014743;0;0.32218808641440855;0.0;0.0;0;1;0;1
1;0.5;0.023999662410063176;0.26126126126126126;1;0.24311867351601876;0.2;0.0;0;1;0;1
4;0.16666666666666666;0.14357334421326848;0.35135135135135137;1;0.020565235983085794;0.0;0.0;1;0;0;0
4;0.25;0.13237810048698276;0.20802620802620803;0;0.24049274381129188;0.4;0.0;0;1;0;0
3;0.3333333333333333;0.024945456303027393;0.2031122031122031;0;0.4943084718690102;0.2;0.0;0;0;1;1
4;0.3333333333333333;0.02006971948938775;0.24733824733824733;1;0.22211579270606388;0.2;0.0;0;1;0;0
3;0.25;0.01734734120128733;0.4045864045864046;1;0.3409664050973122;0.2;0.0;0;0;1;0
3;0.16666666666666666;0.04285026349058921;0.32596232596232594;0;0.17573387976822719;0.4;0.0;0;0;1;0
4;0.5;0.03869652031815829;0.0;1;0.1487983699067792;0.6;0.0;0;1;0;1
2;0.5;0.0031519497592394515;0.009009009009009009;1;0.579066622701741;0.2;0.0;0;0;1;1
4;0.3333333333333333;0.09328706116464303;0.2571662571662572;0;0.195051267614497;0.2;1.0;0;0;1;0
4;0.25;0.25396386706372986;0.43161343161343163;0;0.5862781928637232;0.6;0.0;0;1;0;1
4;0.16666666666666666;0.0860565180009798;0.0;1;0.3793817794319661;0.4;0.0;0;1;0;0
4;0.25;0.0072668501725579124;0.2751842751842752;0;0.06321021799934122;0.0;0.0;0;1;0;1
4;0.0;0.10175882697368734;0.2702702702702703;1;0.22586040322500311;0.0;1.0;0;0;1;1
3;0.08333333333333333;0.07375665674033116;0.583947583947584;1;0.19483088440674964;0.6;0.0;0;1;0;1
4;0.3333333333333333;0.26412256522465644;0.2932022932022932;0;0.5514822365500607;0.2;0.0;0;1;0;1
3;0.0;0.05014875546025761;0.41932841932841936;0;0.672944531733912;0.6;0.0;0;1;0;1
4;0.3333333333333333;0.15506536524547135;0.38001638001638;1;0.42101108956136996;0.2;0.0;0;1;0;1
4;0.4166666666666667;0.00429197809079695;0.007371007371007371;1;0.43699258138134744;0.2;0.0;0;1;0;0
3;0.3333333333333333;0.1421648452246657;0.4823914823914824;1;0.22655484154773065;0.8;1.0;0;1;0;1
4;0.25;0.00464969045285649;0.3923013923013923;0;0.43224804492481195;0.2;0.0;0;0;1;0
4;0.3333333333333333;0.04696153263933158;0.4398034398034398;1;0.6426584244667236;0.8;0.0;0;1;0;1
1;0.08333333333333333;0.3290773539423316;1.0;0;0.2753396848364219;0.4;0.0;0;1;0;0
2;0.4166666666666667;0.13508830618534107;0.015561015561015561;1;0.2697756724738953;0.4;0.0;0;1;0;1
4;0.3333333333333333;0.28817681457880423;0.6388206388206388;1;0.38389130602913674;0.0;1.0;0;1;0;0
4;0.08333333333333333;0.07613603166676564;0.3095823095823096;0;0.3932208632759115;0.0;1.0;0;1;0;0
4;0.3333333333333333;0.1036265138664472;0.4037674037674038;0;0.3461402663285044;0.4;1.0;0;1;0;0
4;0.25;0.08107649928939749;0.3488943488943489;1;0.24350566647804336;0.2;1.0;0;1;0;0
2;0.25;0.072448414068823;0.28746928746928746;0;0.10768266381689068;0.4;0.0;0;1;0;1
4;0.5;0.09598715601449742;0.26371826371826373;1;0.16200220209000976;0.2;1.0;0;1;0;1
4;0.16666666666666666;0.004345116169272592;0.4103194103194103;1;0.34587857109429865;0.4;0.0;0;1;0;0
2;0.4166666666666667;0.02278551049780943;0.10810810810810811;0;0.35753651230849115;0.4;0.0;1;0;0;1
4;0.8333333333333334;0.026811481435933707;0.4799344799344799;1;0.048016392741281104;0.2;0.0;0;1;0;1
3;0.25;0.05363267513617002;0.2882882882882883;1;0.15138196215328514;0.6;0.0;0;0;1;1
3;0.08333333333333333;0.06336868298433376;0.17117117117117117;1;0.2288023052488734;0.8;0.0;0;0;1;1
4;0.3333333333333333;0.14969516767774158;0.28255528255528256;1;0.17913642823449838;0.2;0.0;0;1;0;0
3;0.25;0.02006656660035589;0.5626535626535627;1;0.46554789839940675;0.2;0.0;0;0;1;0
2;0.25;0.09380892568848694;0.26863226863226863;1;0.2906440064793065;0.4;0.0;0;1;0;0
2;0.5833333333333334;0.03529693904802667;0.4152334152334152;1;0.3159211884866797;0.4;0.0;0;1;0;1
3;0.3333333333333333;0.08059427902809602;0.23669123669123668;0;0.4101974912387576;0.4;0.0;0;1;0;1
4;0.16666666666666666;0.10954501863755166;0.48075348075348073;1;0.6232433459686593;0.4;0.0;0;0;1;1
4;0.25;0.09710601866092364;0.4692874692874693;0;0.45355366577130896;0.6;0.0;0;1;0;1
4;0.4166666666666667;0.026919098614046504;0.6592956592956593;0;0.4875043011713283;0.0;1.0;0;0;1;0
0;0.25;0.137455787661537;0.3276003276003276;0;0.288758717489522;0.2;0.0;0;1;0;0
4;0.5833333333333334;0.11795209512487793;0.46601146601146604;0;0.020773973181431853;0.4;0.0;0;0;1;1
4;0.3333333333333333;0.2990499194571779;0.3726453726453726;1;0.07208891561211256;0.4;0.0;0;1;0;0
2;0.5;0.11181387385426675;0.5692055692055692;1;0.320515469288994;0.2;0.0;0;1;0;1
4;0.16666666666666666;0.14169891953686028;0.23914823914823916;1;0.2970293130126212;0.2;0.0;0;1;0;0
2;0.16666666666666666;0.18531900474928997;0.47911547911547914;1;0.14237255763591586;0.0;0.0;0;1;0;0
4;0.16666666666666666;0.01239843837026035;0.32514332514332517;0;0.43619410452144364;0.2;0.0;0;1;0;0
4;0.16666666666666666;0.13254193259384822;0.3464373464373464;0;0.1551567691605193;0.2;1.0;0;0;1;0
3;0.08333333333333333;0.042610014159166196;0.37182637182637185;1;0.3266205566187121;0.4;0.0;0;1;0;0
3;0.3333333333333333;0.1926951211220815;0.39803439803439805;1;0.3491689686704047;0.2;0.0;0;0;1;0
4;0.3333333333333333;0.07272973153503544;0.33742833742833744;0;0.6078717143701304;0.4;1.0;0;1;0;1
4;0.16666666666666666;0.09661818998648264;0.3914823914823915;1;0.3909599572190728;0.4;0.0;0;0;1;0
3;0.3333333333333333;0.03348438271520285;0.6150696150696151;1;0.044646777672490257;0.2;0.0;0;1;0;1
2;0.08333333333333333;0.11692114683850403;0.5184275184275184;1;0.2946686788016484;0.6;0.0;0;1;0;1
4;0.4166666666666667;0.003969493170260816;0.4987714987714988;1;0.15754736092436925;0.2;0.0;0;0;1;1
3;0.3333333333333333;0.15354696923672154;0.28173628173628174;0;0.20264058937135954;0.0;0.0;0;1;0;1
2;0.16666666666666666;0.01976772067506409;0.2113022113022113;0;0.6543126108447336;0.6;0.0;0;1;0;1
1;0.25;0.02866187961329053;0.5135135135135135;1;0.12976730724335242;0.6;0.0;0;1;0;1
4;0.0;3,18E+10;0.5004095004095004;1;0.4829847690246561;0.2;0.0;0;1;0;1
4;0.08333333333333333;0.04173083070155976;0.5978705978705978;1;0.6864308414936163;0.4;0.0;0;1;0;1
4;0.25;0.05461058763613613;0.257985257985258;0;0.5483882679221738;0.4;1.0;0;0;1;0
4;0.4166666666666667;0.029591287987126423;0.3194103194103194;0;0.22992099513092779;0.2;0.0;0;1;0;0
4;0.16666666666666666;0.029042222745910826;0.08845208845208845;1;0.4947338238875208;0.2;0.0;0;1;0;0
4;0.3333333333333333;0.24858495378209974;0.29238329238329236;1;0.42762646679073874;0.2;0.0;0;1;0;0
4;0.08333333333333333;0.043902940722000544;0.5200655200655201;1;0.45268783809021307;0.4;0.0;0;1;0;0
4;0.5;0.14248051787013802;0.2800982800982801;0;0.22182085049677353;0.2;0.0;0;1;0;1
2;0.25;0.030083606912646457;0.4619164619164619;1;0.3898586531124277;0.4;0.0;0;0;1;0
2;0.08333333333333333;0.1841554982905378;0.32514332514332517;0;0.6389030003514375;0.0;0.0;0;0;1;0
4;0.25;0.1259298750270834;0.4095004095004095;1;0.5835936255105186;0.2;1.0;0;1;0;0
4;0.4166666666666667;0.1569757538200312;0.16871416871416872;1;0.24654098569688504;0.0;0.0;0;0;1;1
0;0.16666666666666666;0.06435330279252757;0.371007371007371;1;0.6666837374244223;0.4;0.0;0;1;0;1
3;0.16666666666666666;0.23544347181228906;0.0;0;0.35614667909778785;0.2;0.0;0;0;1;1
4;0.3333333333333333;0.05205082253717905;0.32596232596232594;0;0.6384537702816095;0.6;0.0;0;1;0;1
2;0.16666666666666666;0.10213292072629575;0.08927108927108927;1;0.4532235534932606;0.2;1.0;0;1;0;0
4;0.08333333333333333;0.1136291398811507;0.5544635544635544;0;0.25586021668066045;0.2;0.0;0;1;0;0
2;0.3333333333333333;0.33838395883213623;0.48402948402948404;0;0.31380881157244916;0.2;0.0;0;1;0;1
4;0.08333333333333333;0.016005705292744123;0.4332514332514332;1;0.1007443506087396;0.2;0.0;0;1;0;0
3;0.5833333333333334;0.016144955130481958;0.6060606060606061;0;0.29492487795770034;0.4;0.0;0;1;0;1
3;0.0;0.06891533559498055;0.20147420147420148;1;0.39111659468306137;0.2;0.0;0;1;0;0
4;0.0;0.2780453752266656;0.642915642915643;1;0.01900803091499223;0.4;0.0;0;1;0;0
3;0.3333333333333333;0.0023698475194084048;0.5094185094185094;1;0.20749914170504416;0.4;0.0;0;1;0;0
4;0.25;0.03590814689230507;0.3177723177723178;0;0.2096543632334932;0.4;1.0;0;1;0;0
2;0.3333333333333333;0.03703783137223088;0.542997542997543;1;0.5068396930052256;0.6;1.0;0;1;0;1
4;0.16666666666666666;0.04040675187878696;0.17526617526617527;1;0.5713117101106188;0.0;0.0;0;1;0;0
4;0.08333333333333333;0.002713838511591022;0.22194922194922195;1;0.40142694127704287;0.4;0.0;0;1;0;1
3;0.25;0.19425215639081886;0.2571662571662572;1;0.052481485739602804;0.2;0.0;0;0;1;1
1;0.3333333333333333;0.0009262313161949358;0.2702702702702703;1;0.15910030486679128;0.4;0.0;0;0;1;1
4;0.4166666666666667;0.07220088365530257;0.18345618345618345;1;0.35889541593892843;0.0;0.0;0;1;0;0
4;0.25;0.0063850199137228765;0.556920556920557;1;0.1818172835025838;0.2;1.0;0;1;0;1
4;0.08333333333333333;0.1782564626066734;0.3144963144963145;1;0.03176367892022292;0.2;0.0;0;1;0;0
4;0.3333333333333333;0.152670452369459;0.4144144144144144;1;0.6675641247041145;0.4;1.0;0;0;1;1
3;0.3333333333333333;0.1421799383750663;0.2628992628992629;0;0.6923060574233293;0.6;0.0;0;1;0;1
3;0.08333333333333333;0.14822867620700148;0.05814905814905815;0;0.14533340816360113;0.2;0.0;0;1;0;0
4;0.3333333333333333;0.31341624715615024;0.4013104013104013;1;0.33877252675356484;0.2;0.0;0;1;0;0
4;0.3333333333333333;0.05993066872235097;0.043407043407043405;1;0.27593644611170226;0.2;1.0;0;1;0;1
2;0.08333333333333333;0.21995325007510086;0.34561834561834565;1;0.11025760972445985;0.4;0.0;0;1;0;0
4;0.25;0.022587330366304233;0.13267813267813267;0;0.5004168821099643;0.2;1.0;0;1;0;0
4;0.16666666666666666;0.06670628449341699;0.6822276822276823;1;0.17888883167164663;0.6;0.0;0;1;0;1
4;0.0;0.0009261910966659961;0.5061425061425061;1;0.2970418648230135;0.8;0.0;0;1;0;1
2;0.3333333333333333;0.037123902471406206;0.37428337428337427;1;0.18262330351680603;0.6;0.0;0;1;0;1
0;0.0;0.06811323887788251;0.5634725634725635;0;0.3642345310837752;0.4;0.0;0;1;0;0
2;0.16666666666666666;0.2669815704825245;0.21785421785421785;0;0.10226305876364992;0.4;0.0;0;1;0;1
4;0.4166666666666667;0.04234439081507145;0.44553644553644556;0;0.3372535640879316;0.4;0.0;0;0;1;0
4;0.3333333333333333;0.12410344984886548;0.389025389025389;0;0.3070836893083948;0.4;0.0;0;1;0;0
2;0.16666666666666666;0.19971843693576746;0.39967239967239965;0;0.38144020931015116;0.2;0.0;0;1;0;0
2;0.16666666666666666;0.043915699085569304;0.5651105651105651;0;0.21992942307212912;0.6;0.0;0;1;0;1
4;0.0;0.020559432861713075;0.47665847665847666;1;0.6475486507298794;0.4;0.0;0;1;0;0
2;0.5;0.09946073061733725;0.4037674037674038;1;0.16388503797497775;0.0;0.0;0;1;0;1
4;0.3333333333333333;0.037161765101822994;0.085995085995086;1;0.5417057408693178;0.2;0.0;0;1;0;0
1;0.25;0.11752363200600119;0.19901719901719903;1;0.28998317615137265;0.2;0.0;0;1;0;1
0;0.25;0.01602863718799157;0.3366093366093366;1;0.76778772214967;0.0;0.0;0;1;0;1
2;0.25;0.018222468294490157;0.37182637182637185;1;0.3093508433593656;0.2;0.0;0;1;0;0
4;0.3333333333333333;0.12530361399984388;0.17117117117117117;1;0.47276125393377383;0.2;0.0;0;1;0;0
4;0.3333333333333333;0.4041485992554568;0.7518427518427518;0;0.41060125343644555;0.0;0.0;0;1;0;0
3;0.16666666666666666;0.031480568033514525;0.6052416052416052;0;0.5536058085596416;0.0;1.0;0;1;0;0
4;0.5;0.1391769114209754;0.45536445536445536;0;0.33186929655278324;0.2;0.0;0;1;0;1
3;0.3333333333333333;0.08442393757854551;0.36855036855036855;1;0.4249058707856145;0.0;0.0;0;1;0;0
2;0.25;0.20654095137844716;0.32186732186732187;1;0.2927343901736573;0.6;0.0;0;1;0;1
4;0.5833333333333334;0.0547264666364095;0.20065520065520065;0;0.6426784507260015;0.8;0.0;0;1;0;1
4;0.25;0.39664162417192583;0.36936936936936937;1;0.20937841053432785;0.2;0.0;0;1;0;0
2;0.0;0.00949836780574576;0.3988533988533989;0;0.48020417874164584;0.4;0.0;0;0;1;0
4;0.08333333333333333;0.46463827557683923;0.15315315315315314;0;0.6107217024363275;0.6;0.0;0;0;1;1
4;0.4166666666666667;0.20826124150481545;0.41113841113841115;1;0.2785287569577429;0.4;0.0;0;1;0;0
4;0.08333333333333333;0.22394941576148977;0.3308763308763309;1;0.3637082075238367;0.2;0.0;0;1;0;0
3;0.3333333333333333;0.2055209573925188;0.044226044226044224;1;0.3434386594698438;0.2;0.0;0;1;0;1
3;0.16666666666666666;0.22018569272175123;0.2153972153972154;1;0.337142123000898;0.4;0.0;0;1;0;0
3;0.25;0.18777467966835773;0.2891072891072891;0;0.20993134575356912;0.2;0.0;0;0;1;0
4;0.0;0.2555969416878887;0.6658476658476659;0;0.15896511443533728;0.4;1.0;0;0;1;1
3;0.25;0.06865695074248232;0.447993447993448;1;0.6592479445208781;0.0;0.0;0;0;1;1
2;0.16666666666666666;0.311663915530587;0.1375921375921376;1;0.013133094262951048;0.2;0.0;0;1;0;0
3;0.25;0.05401445219382008;0.43652743652743653;1;0.6302455040510739;0.2;0.0;0;1;0;0
2;0.25;0.14500683285790947;0.10319410319410319;1;0.45865632493972913;0.4;0.0;0;0;1;0
4;0.08333333333333333;0.13780077259137974;0.533988533988534;0;0.9170806476778928;0.8;0.0;0;1;0;1
0;0.08333333333333333;0.19128703355781465;0.27927927927927926;1;0.4372516252395361;0.4;0.0;0;0;1;0
4;0.16666666666666666;0.14912571650605333;0.3415233415233415;0;0.1920884411366035;0.4;0.0;0;1;0;0
4;0.08333333333333333;0.0039383651849152455;0.5741195741195741;0;0.43862230542319436;0.0;0.0;0;1;0;1
3;0.25;0.14945376859328036;0.1457821457821458;0;0.17931406511713807;0.4;0.0;0;1;0;1
1;0.5;0.0025532984510690873;0.12776412776412777;1;0.2826710277650556;0.4;0.0;0;1;0;1
4;0.16666666666666666;0.08470717432167568;0.26126126126126126;0;0.4238886164692055;0.6;1.0;0;1;0;1
4;0.3333333333333333;0.2031085914648462;0.5266175266175266;1;0.24397076143378435;0.8;1.0;0;1;0;1
4;0.25;0.19681362134901362;0.10810810810810811;1;0.47267584282181224;0.4;0.0;0;1;0;1
4;0.3333333333333333;0.20475372490998997;0.0;0;0.2981337450513434;0.4;0.0;0;1;0;0
0;0.16666666666666666;0.10255625615853545;0.28255528255528256;0;0.43524492335825654;0.4;1.0;0;1;0;0
0;0.3333333333333333;0.022530030592022996;0.44717444717444715;1;0.1797452596967013;0.2;0.0;0;1;0;1
2;0.16666666666666666;0.07884480789068272;0.5536445536445537;1;0.34661481137199324;0.6;0.0;0;0;1;1
4;0.08333333333333333;0.08072257394350824;0.2809172809172809;1;0.19151263975539276;0.4;0.0;0;1;0;0
4;0.16666666666666666;0.04362497383121058;0.2891072891072891;0;0.2596811654773447;0.0;0.0;0;1;0;0
4;0.08333333333333333;0.06132998613813564;0.5454545454545454;1;0.3743720330753103;0.6;0.0;1;0;0;1
3;0.16666666666666666;0.22881913989810093;0.050778050778050775;1;0.23983329787635121;0.4;0.0;0;0;1;0
1;0.5;0.08111792901952011;0.2932022932022932;0;0.3316982055572412;0.6;0.0;0;1;0;1
2;0.25;0.13566677874325309;0.3882063882063882;1;0.2947817454621168;0.6;1.0;0;0;1;1
4;0.0;0.07612687476313271;0.42997542997543;0;0.3267439466413776;0.2;0.0;0;1;0;0
3;0.3333333333333333;0.10685296083458096;0.27354627354627353;1;0.24888906202171326;0.2;1.0;0;1;0;0
3;0.25;0.010740921259380247;0.361998361998362;1;0.25311868723133535;0.4;0.0;0;1;0;0
3;0.0;0.2980479559858018;0.0;1;0.5291314688817874;0.4;0.0;0;1;0;1
4;0.0;0.06364015937948077;0.24897624897624898;1;0.417299662562449;0.4;0.0;0;0;1;0
3;0.3333333333333333;0.153426832132195;0.4307944307944308;0;0.3201253230281096;0.2;1.0;0;0;1;1
3;0.3333333333333333;0.12231521534761372;0.19574119574119575;1;0.18135745366140257;0.4;0.0;1;0;0;1
1;0.25;0.17860411683699096;0.36609336609336607;1;0.518567196158572;0.0;0.0;0;0;1;1
4;0.0;0.0038799450485708007;0.42997542997543;0;0.17883955269349616;0.2;0.0;0;1;0;0
4;0.08333333333333333;0.3046689373437609;0.30057330057330056;0;0.06521821221634454;0.0;0.0;0;1;0;1
2;0.3333333333333333;0.19692576728450453;0.38493038493038495;1;0.11028748326461751;0.2;0.0;1;0;0;0
4;0.25;0.19958097708229508;0.19901719901719903;0;0.6082945981846548;0.2;0.0;0;0;1;1
1;0.75;0.06996730366263386;0.3226863226863227;1;0.398666353935005;0.2;1.0;0;0;1;1
4;0.0;0.1769817164159562;0.457002457002457;1;0.362905951893161;0.4;0.0;0;0;1;0
4;0.0;0.0951857963810524;0.3824733824733825;1;0.1841952336478629;0.0;0.0;0;1;0;0
3;0.4166666666666667;0.07783177138780036;0.26044226044226043;1;0.5946074838037141;0.2;0.0;0;0;1;0
1;0.25;0.1709209941915843;0.3931203931203931;1;0.325496144869566;0.0;0.0;0;0;1;1
4;0.16666666666666666;0.10989861812134538;0.47338247338247336;0;0.17979045191176854;0.2;0.0;1;0;0;0
3;0.16666666666666666;0.008865207630783297;0.021294021294021293;0;0.3604802706755888;0.4;0.0;0;1;0;1
4;0.25;0.041947312109787215;0.5462735462735463;1;0.6269280544451543;0.0;0.0;0;1;0;0
4;0.08333333333333333;0.10820539005303108;0.3013923013923014;1;0.28310723423311096;0.4;0.0;0;1;0;0
3;0.25;0.26044456503383884;0.4266994266994267;0;0.24625503820148778;0.2;0.0;0;1;0;0
4;0.4166666666666667;0.30069437005158256;0.5528255528255528;1;0.09642000546763552;0.6;0.0;0;1;0;1
4;0.16666666666666666;0.20308255880733198;0.13185913185913187;1;0.813738000841244;0.6;1.0;0;1;0;1
3;0.16666666666666666;0.03258170907076887;0.24078624078624078;1;0.2916425917249313;0.4;0.0;0;1;0;0
4;0.4166666666666667;0.07128391851981877;0.3095823095823096;1;0.40601962241513023;0.4;0.0;0;1;0;1
4;0.5;0.06313972141777655;0.2285012285012285;1;0.0852718722626855;0.4;0.0;0;1;0;1
4;0.3333333333333333;0.06418439119441287;0.6404586404586404;1;0.26741352587336253;0.4;1.0;0;1;0;0
4;0.0;0.005612497511469527;0.21621621621621623;1;0.3974279005242708;0.2;0.0;0;1;0;0
1;0.5;0.02115162586074846;0.26535626535626533;0;0.14317031590300058;0.6;0.0;0;1;0;1
4;0.08333333333333333;0.018441097031114812;0.38984438984438985;1;0.24841216992190507;0.4;0.0;0;1;0;0
4;0.5;0.10679400657305235;0.1597051597051597;1;0.4798399760195669;0.4;0.0;0;1;0;1
3;0.25;0.05897840525286331;0.2915642915642916;1;0.4852000986481567;0.0;0.0;0;1;0;0
4;0.0;0.04356241508155947;0.4086814086814087;1;0.4963417222265807;0.4;0.0;0;1;0;0
0;0.08333333333333333;0.06522393173607006;0.3022113022113022;0;0.4516918207556937;0.6;0.0;0;0;1;1
1;0.3333333333333333;0.04353377024338581;0.3415233415233415;1;0.3536776598188309;0.2;0.0;0;1;0;1
4;0.16666666666666666;0.15755497628050252;0.2702702702702703;0;0.2793953382717046;0.0;0.0;0;1;0;1
3;0.25;0.020267005297778987;0.10892710892710893;1;0.48409266048149957;0.6;0.0;0;0;1;1
2;0.5;0.0063585765362949975;0.4095004095004095;0;0.10770525733420686;0.2;0.0;0;1;0;1
4;0.4166666666666667;0.11696583151878653;0.6437346437346437;1;0.31613018709118784;0.4;0.0;1;0;0;0
4;0.25;0.02909553406824539;0.3595413595413595;0;0.4626089329352752;0.8;0.0;0;0;1;1
2;0.3333333333333333;0.11464843485239809;0.3939393939393939;1;0.6135389295206138;0.2;0.0;0;1;0;0
4;0.25;0.006642692173662667;0.4701064701064701;0;0.48641318994913135;0.0;0.0;0;1;0;0
0;0.08333333333333333;0.031510240488468906;0.14905814905814907;1;0.47611849071280615;0.4;0.0;0;1;0;0
3;0.16666666666666666;0.01852307530035021;0.6355446355446356;0;0.2400747200851279;0.0;1.0;0;1;0;0
3;0.25;0.038144002587695264;0.38984438984438985;0;0.6097996513543849;0.2;0.0;0;1;0;0
3;0.4166666666666667;0.04430057479257227;0.6240786240786241;1;0.42947704402408277;0.4;1.0;0;1;0;0
2;0.16666666666666666;0.0759913076560378;0.23669123669123668;0;0.40226924246269435;0.4;1.0;0;0;1;0
2;0.5833333333333334;0.08162938074612881;0.6543816543816544;1;0.5041737390759398;0.4;0.0;0;1;0;1
0;0.16666666666666666;0.11058772500678253;0.48402948402948404;0;0.3324894625945902;0.2;1.0;0;1;0;1
4;0.3333333333333333;0.044765229096846666;0.44717444717444715;1;0.2528124687175386;0.2;1.0;0;1;0;0
1;0.08333333333333333;0.08441933227719328;0.39475839475839475;1;0.5528845205671598;0.2;0.0;0;1;0;0
2;0.5;0.5136485661821859;0.31613431613431614;0;0.38531266178094903;0.4;0.0;0;1;0;1
4;0.08333333333333333;0.026248724084726616;0.5536445536445537;1;0.3196688988260034;0.4;1.0;0;1;0;1
4;0.3333333333333333;0.01836826537223578;0.38001638001638;0;0.7212119606564754;0.2;0.0;0;1;0;1
4;0.4166666666666667;0.2056344487528454;0.0343980343980344;1;0.08806144191948147;0.0;1.0;1;0;0;0
3;0.25;0.058707705516782664;0.17362817362817362;1;0.26002046436424864;0.0;0.0;0;1;0;1
3;0.0;0.20872996329459084;0.32596232596232594;0;0.4973138088383639;0.4;0.0;0;1;0;0
3;0.16666666666666666;0.06144398464290426;0.407043407043407;1;0.05559628893355914;0.0;0.0;0;1;0;0
4;0.25;0.002369819526723681;0.34725634725634724;1;0.46220519760635415;0.2;0.0;0;1;0;0
3;0.16666666666666666;0.052203899211192034;0.5561015561015561;1;0.34823260509804504;0.4;0.0;0;1;0;0
4;0.25;0.10473800172043195;0.036855036855036855;1;0.6316236812769871;0.4;0.0;0;0;1;0
4;0.0;0.06595659015845991;0.38001638001638;1;0.2722741986581659;0.4;1.0;0;0;1;0
4;0.08333333333333333;0.06835653564521071;0.05896805896805897;0;0.18870270139896428;0.6;0.0;0;1;0;1
3;0.3333333333333333;0.7105446101299188;0.48075348075348073;1;0.7546632960308568;0.2;0.0;0;1;0;1
2;0.16666666666666666;0.0873355384156842;0.3415233415233415;1;0.15854527130096893;0.0;0.0;0;1;0;0
4;0.16666666666666666;0.1327640114970473;0.4250614250614251;0;0.3060373782522288;0.0;0.0;0;1;0;0
4;0.3333333333333333;0.14195722649538137;0.2153972153972154;0;0.673101080054682;0.2;1.0;0;1;0;1
4;0.16666666666666666;0.0;0.5659295659295659;1;0.1465671774969958;0.4;0.0;0;1;0;0
3;0.08333333333333333;0.08938843829677563;0.5274365274365275;1;0.5444354553313507;0.4;0.0;0;1;0;1
3;0.4166666666666667;0.36693006103353265;0.4520884520884521;0;0.12945160482874132;0.2;0.0;0;1;0;0
4;0.5;0.15454652610421551;0.3357903357903358;1;0.49573287897639295;0.0;1.0;0;0;1;1
3;0.16666666666666666;0.04623582643175198;0.4512694512694513;1;0.5760168176313955;0.6;0.0;0;0;1;1
1;0.25;0.05038520584771127;0.24078624078624078;0;0.4166314292767352;0.2;0.0;0;1;0;1
3;0.5833333333333334;0.04019317742009075;0.49713349713349714;0;0.7118795474797986;0.0;1.0;0;1;0;1
3;0.3333333333333333;0.1106208877592724;0.6265356265356266;1;0.28247507780802317;0.4;0.0;0;0;1;1
4;0.0;0.011322246633087132;0.5323505323505323;0;0.15180460956666608;0.4;0.0;0;1;0;1
1;0.25;0.038038499789530625;0.2375102375102375;1;0.35490351306940077;0.4;0.0;0;0;1;1
4;0.25;0.07665845024620685;0.41605241605241605;0;0.2819343725475767;0.2;0.0;0;1;0;0
4;0.3333333333333333;0.08518178328194574;0.14496314496314497;1;0.3581990657055152;0.6;1.0;0;1;0;1
2;0.25;0.10396356498734498;0.45045045045045046;0;0.3702828819260546;0.0;0.0;0;1;0;0
4;0.08333333333333333;0.17747506338984478;0.4307944307944308;0;0.07433500592754141;0.0;0.0;0;0;1;0
4;0.25;0.01975981975158367;0.050778050778050775;1;0.3927178420775134;0.2;0.0;0;1;0;0
2;0.08333333333333333;0.028293819738570924;0.16625716625716624;0;0.08673842501919071;0.6;0.0;0;1;0;1
4;0.16666666666666666;0.22893770525382184;0.3104013104013104;0;0.09159345726989013;0.4;0.0;0;1;0;0
4;0.25;0.19785246759688077;0.3071253071253071;1;0.5483601084058748;0.6;0.0;0;0;1;1
4;0.16666666666666666;0.19170668172347746;0.1588861588861589;0;0.3979248335507862;0.4;0.0;0;0;1;0
4;0.5;0.025963859417275817;0.4201474201474201;1;0.18385595061690096;0.4;0.0;1;0;0;1
3;0.3333333333333333;0.006609002273261661;0.39803439803439805;0;0.06984282766548346;0.4;0.0;1;0;0;0
2;0.3333333333333333;0.08239165423338912;0.32514332514332517;1;0.3348956521200866;0.2;0.0;0;1;0;0
4;0.5;0.22697698526176108;0.2325962325962326;0;0.5175573037494585;0.0;0.0;0;1;0;1
4;0.4166666666666667;0.03010336228904571;0.5282555282555282;1;0.3560582421399196;0.6;1.0;0;1;0;1
4;0.3333333333333333;0.2609074705001422;0.6281736281736282;1;0.4148905139393139;0.6;0.0;0;1;0;1
4;0.75;0.016910568741828405;0.27764127764127766;1;0.28395709445935946;0.2;1.0;0;0;1;1
4;0.25;0.03931451663947531;0.25634725634725636;0;0.2771753418211728;0.4;0.0;0;0;1;0
4;0.16666666666666666;0.039344962953345095;0.43734643734643736;0;0.0016602000996548054;0.2;1.0;0;1;0;1
4;0.08333333333333333;0.01815761132678137;0.29811629811629814;1;0.3375828881806793;0.0;1.0;0;1;0;0
4;0.0;0.2293439717489113;0.33415233415233414;0;0.644350029760649;0.0;0.0;0;0;1;1
4;0.3333333333333333;0.059128245383082895;0.4774774774774775;1;0.22773554131778834;0.2;0.0;0;1;0;0
0;0.6666666666666666;0.02346717008340608;0.044226044226044224;1;0.2914873251371701;0.4;0.0;0;1;0;1
4;0.16666666666666666;0.0176533509965668;0.5724815724815725;1;0.20516291277972962;0.4;0.0;0;1;0;0
4;0.3333333333333333;0.060716288022915926;0.36855036855036855;1;0.3101455209916569;0.4;0.0;0;1;0;0
4;0.3333333333333333;0.0018709131679020118;0.2891072891072891;0;0.18493352801360818;0.4;0.0;0;1;0;0
4;0.16666666666666666;0.014287746780712417;0.34234234234234234;1;0.5465640703464018;0.8;0.0;0;1;0;1
0;0.5;0.0003426966911431399;0.35053235053235055;1;0.49043355263570304;0.0;0.0;0;1;0;1
4;0.08333333333333333;0.0026773937392556516;0.0728910728910729;0;0.45812122107890335;0.2;0.0;1;0;0;0
0;0.6666666666666666;0.6611019263796444;0.6011466011466011;1;0.36884668938129017;0.6;0.0;0;1;0;1
4;0.4166666666666667;0.06622568601497893;0.36363636363636365;1;0.13068356540772413;0.2;0.0;0;1;0;0
2;0.16666666666666666;0.14517424050339334;0.42915642915642915;1;0.3676000529713911;0.2;0.0;1;0;0;0
4;0.0;0.14857338982917592;0.5126945126945127;0;0.5408821032571187;0.2;0.0;0;1;0;0
2;0.6666666666666666;0.2362249541061204;0.1891891891891892;1;0.0503225229212434;0.4;0.0;0;1;0;1
3;0.5;0.012117698552015969;0.43407043407043405;1;0.08388596065580604;0.4;1.0;0;0;1;1
4;0.25;0.08291999373472991;0.31285831285831284;1;0.6631962667398281;0.2;1.0;0;1;0;1
4;0.0;0.04312377911149621;0.4954954954954955;0;0.5280068125564917;0.0;0.0;0;0;1;1
3;0.3333333333333333;0.08840363774878637;0.00819000819000819;0;0.31346486733557316;0.6;1.0;0;1;0;1
4;0.3333333333333333;0.04484307041163329;0.3407043407043407;1;0.5792760112710822;0.2;1.0;0;1;0;0
3;0.08333333333333333;0.02250902507583452;0.257985257985258;0;0.6803724479002017;0.6;0.0;0;1;0;1
3;0.3333333333333333;0.12424574464033787;0.4275184275184275;1;0.08032154426662205;0.2;0.0;0;1;0;0
4;0.3333333333333333;0.0042906692994382585;0.43407043407043405;1;0.48836161286212026;0.8;0.0;0;0;1;1
3;0.3333333333333333;0.2511134580161555;0.24078624078624078;1;0.7150722294670402;0.2;0.0;0;1;0;1
0;0.08333333333333333;0.017525711201903826;0.23996723996723995;0;0.35922726947972095;0.4;0.0;0;0;1;0
0;0.08333333333333333;0.10617812948210033;0.33824733824733827;1;0.013009942142160925;0.4;1.0;0;0;1;0
4;0.3333333333333333;0.15606703526126806;0.20966420966420968;1;0.5920557855327863;0.2;0.0;0;1;0;0
3;0.4166666666666667;0.008356006295559536;0.49467649467649466;1;0.6157627947412738;0.0;0.0;0;0;1;0
4;0.25;0.25986044129793606;0.2964782964782965;1;0.057737744242532904;0.0;0.0;0;1;0;0
4;0.0;0.04892498649527599;0.0;1;0.6987231435710207;0.2;0.0;0;1;0;1
3;0.16666666666666666;0.6365878849128294;0.29565929565929566;1;0.25732464827130286;0.0;0.0;0;0;1;0
4;0.25;0.007859565598743791;0.18673218673218672;0;0.20589395850230305;0.6;0.0;0;1;0;1
4;0.4166666666666667;0.14029506294851363;0.08927108927108927;0;0.17324142505606774;0.4;0.0;0;1;0;0
3;0.16666666666666666;0.019424967392281688;0.15397215397215397;1;0.047723449948437684;0.4;0.0;0;1;0;0
2;0.25;0.05726910979911162;0.37428337428337427;0;0.23177088445249402;0.4;0.0;0;1;0;1
4;0.75;0.06508543342039405;0.5741195741195741;0;0.3703972324601769;0.4;0.0;0;1;0;1
4;0.16666666666666666;0.05791593656682682;0.40786240786240785;1;0.384839608469931;0.0;0.0;0;1;0;0
3;0.08333333333333333;0.04575534812032039;0.2571662571662572;0;0.46102429325454986;0.4;0.0;0;1;0;0
2;0.75;0.162115527470029;0.43161343161343163;1;0.2720480347207357;0.2;0.0;0;1;0;1
0;0.5;0.190663207576474;0.28173628173628174;1;0.8305924265995522;0.0;0.0;0;1;0;1
4;0.25;0.04542680052946809;0.24324324324324326;0;0.45242745308859683;0.4;0.0;0;1;0;0
3;0.25;0.07325849076984366;0.1678951678951679;0;0.10326942176304474;0.2;0.0;0;1;0;0
3;0.3333333333333333;0.06087855478652383;0.06961506961506962;0;0.2290213866043423;0.2;0.0;0;0;1;0
4;0.25;0.10009472334266509;0.2932022932022932;0;0.21019831951075596;0.4;0.0;0;1;0;0
4;0.0;0.018048331694243976;0.3824733824733825;1;0.4920452421374852;0.0;0.0;0;1;0;1
2;0.4166666666666667;0.18221685376206717;0.3407043407043407;1;0.24909435534824034;0.2;0.0;0;1;0;0
3;0.25;0.1773586480205731;0.2882882882882883;0;0.5850137301116867;0.2;0.0;0;1;0;0
4;0.25;0.09924836755122056;0.20147420147420148;0;0.5711202048659818;0.0;0.0;0;1;0;0
1;0.08333333333333333;0.1524767225148537;0.4561834561834562;0;0.21258486626018483;0.0;0.0;1;0;0;0
2;0.08333333333333333;0.49683445541858934;0.14086814086814087;1;0.3321143214165296;0.2;0.0;0;0;1;0
4;0.08333333333333333;0.28450559220607036;0.48402948402948404;1;0.30057328305249387;0.0;0.0;0;0;1;0
4;0.4166666666666667;0.10511486783135855;0.19246519246519248;0;0.25170691148607877;0.4;0.0;0;0;1;1
1;0.0;0.07962167030787339;0.2334152334152334;1;0.4855152303829753;0.2;0.0;0;1;0;0
4;0.5;0.0850167201865956;0.1162981162981163;1;0.21713771778433832;0.6;0.0;0;1;0;1
4;0.16666666666666666;0.06986317341851496;0.27436527436527436;1;0.3558170212555109;0.4;0.0;0;0;1;0
4;0.08333333333333333;0.07273946421574379;0.5167895167895168;1;0.6113265039310367;0.8;0.0;0;1;0;1
2;0.25;0.1464590977276187;0.44144144144144143;1;0.4295363159856288;0.0;0.0;0;0;1;0
4;0.75;0.5388686463821365;0.5167895167895168;1;0.03497743579287567;0.2;0.0;0;0;1;1
4;0.16666666666666666;0.005090268213685143;0.44226044226044225;0;0.3246974027783398;0.2;0.0;1;0;0;0
4;0.25;0.029039000918897866;0.1760851760851761;0;0.10375986862565274;0.2;0.0;0;1;0;0
1;0.4166666666666667;0.026187897405825142;0.3022113022113022;1;0.40101763297144594;0.2;0.0;0;0;1;1
4;0.3333333333333333;0.19897662854841236;0.2285012285012285;0;0.5701142706929847;0.0;0.0;0;1;0;0
4;0.25;0.06048782408702373;0.5749385749385749;1;0.38515128736731763;0.4;0.0;0;1;0;0
3;0.16666666666666666;0.08279333807222551;0.16052416052416052;1;0.15150776862962576;0.2;0.0;0;1;0;0
4;0.25;0.07039384335509241;0.5028665028665029;1;0.15888263518593476;0.4;0.0;0;0;1;0
4;0.25;0.21378268414783616;0.5028665028665029;0;0.6312204261642855;0.0;0.0;0;0;1;0
2;0.3333333333333333;0.07699274695552107;0.6560196560196561;1;0.375669048279329;0.4;0.0;0;1;0;0
4;0.16666666666666666;0.12256445626542964;0.28992628992628994;1;0.5544808983557103;0.4;0.0;0;1;0;0
4;0.16666666666666666;0.002119734078605415;0.47338247338247336;0;0.48639425459990027;0.6;0.0;0;1;0;1
3;0.3333333333333333;0.11752437967879031;0.7305487305487306;1;0.25855671935208485;0.2;0.0;1;0;0;0
4;0.16666666666666666;0.030605731358691112;0.25552825552825553;1;0.5420803641621831;0.6;0.0;0;1;0;1
4;0.3333333333333333;0.22429195357919515;0.10483210483210484;1;0.34176615851097614;0.2;0.0;0;1;0;0
4;0.25;0.15487358960810166;0.04832104832104832;0;0.4016509783617993;0.2;0.0;0;1;0;1
4;0.0;0.012807747030724265;0.47338247338247336;0;0.2305049356978804;0.4;0.0;0;1;0;1
3;0.25;0.01208366506536557;0.04832104832104832;1;0.35934059570921817;0.4;0.0;0;1;0;1
4;0.5;0.03850930505895693;0.29565929565929566;0;0.4616980153540353;0.0;0.0;0;1;0;1
4;0.25;0.01488528059345437;0.4283374283374283;1;0.10368141805006005;0.4;0.0;0;0;1;0
4;0.16666666666666666;0.14995614025369844;0.38738738738738737;0;0.13413539929427412;0.4;0.0;0;0;1;0
3;0.5833333333333334;0.4815831876408328;0.4266994266994267;0;0.15579320125266768;0.2;0.0;0;1;0;1
3;0.25;0.11842517357568315;0.3931203931203931;1;0.3416966402870326;0.6;0.0;1;0;0;1
4;0.5833333333333334;0.031798730597915346;0.5659295659295659;1;0.25501134532815023;0.2;1.0;0;1;0;1
4;0.08333333333333333;0.09236444252379561;0.20065520065520065;0;0.2410751446787073;0.2;0.0;0;1;0;0
4;0.6666666666666666;0.1821963489484563;0.2457002457002457;0;0.2887595666029174;0.4;0.0;0;1;0;1
4;0.0;0.3644024742582458;0.23013923013923013;1;0.19849070082844403;0.2;1.0;0;1;0;1
3;0.16666666666666666;0.0004962124528531825;0.49303849303849306;1;0.16197110933954184;0.2;0.0;0;0;1;0
4;0.0;0.08245597747521834;0.5045045045045045;1;0.1021115457805863;0.4;0.0;0;1;0;0
0;0.25;0.06710234538095476;0.4307944307944308;1;0.36290039795754553;0.2;1.0;0;1;0;0
2;0.4166666666666667;0.05948925599447737;0.5503685503685504;1;0.4321123322594175;0.6;0.0;0;0;1;1
4;0.25;0.07791240036250133;0.1638001638001638;1;0.8860420988149904;0.6;0.0;0;1;0;1
4;0.4166666666666667;0.057420736499510856;0.6298116298116299;1;0.16851342458841967;0.2;0.0;0;0;1;1
3;0.3333333333333333;0.04684277423034171;0.6060606060606061;1;0.5191295516735691;0.2;0.0;0;0;1;0
0;0.0;0.013499555780118999;0.4774774774774775;1;0.43247504830598676;0.2;0.0;0;1;0;1
0;0.16666666666666666;0.07702073002723087;0.6486486486486487;1;0.34193522885714767;0.4;1.0;0;0;1;0
4;0.25;0.19138331419017227;0.08517608517608517;0;0.34081541196625936;0.4;0.0;0;1;0;0
4;0.16666666666666666;0.012240242964654171;0.2710892710892711;1;0.23430655065813982;0.4;0.0;0;1;0;0
3;0.25;0.14917196709573963;0.23587223587223588;0;0.3215074699296962;0.4;0.0;0;1;0;0
2;0.0;0.03460750694090579;0.475020475020475;0;0.13198634073768986;0.4;0.0;0;1;0;0
4;0.16666666666666666;0.053343571616343795;0.18427518427518427;1;0.2772238831853492;0.2;0.0;1;0;0;0
4;0.3333333333333333;0.49283712157832554;0.48075348075348073;0;0.11928381009137495;0.8;0.0;0;1;0;1
3;0.16666666666666666;0.1250595482494923;0.5814905814905815;0;0.6484469700743977;0.2;0.0;0;1;0;1
1;0.0;0.1412177391591111;0.47092547092547093;0;0.3296252175247046;0.0;0.0;0;0;1;0
4;0.3333333333333333;0.10255074550434988;0.40294840294840295;1;0.1609715405883909;0.4;1.0;0;1;0;0
3;0.3333333333333333;0.04322949548135096;0.19492219492219492;1;0.5955329827401182;0.4;0.0;0;1;0;0
1;0.08333333333333333;0.1250268227712817;0.21785421785421785;1;0.2240357185213844;0.0;0.0;0;1;0;0
4;0.16666666666666666;0.06793039015442771;0.561015561015561;1;0.4992326381380642;0.4;1.0;0;0;1;0
4;0.3333333333333333;0.19846298026250608;0.48402948402948404;1;0.368150322388834;0.4;0.0;0;1;0;0
4;0.3333333333333333;0.09411063019196206;0.35053235053235055;1;0.29588910661840134;0.4;0.0;0;1;0;0
3;0.08333333333333333;0.16405691053144522;0.2882882882882883;1;0.7710643747537851;0.4;0.0;0;1;0;1
4;0.16666666666666666;0.20991671290712918;0.02457002457002457;1;0.467872829406356;0.2;1.0;0;1;0;0
2;0.16666666666666666;0.19142574354863934;0.180999180999181;1;0.3341871733769311;1.0;1.0;0;0;1;1
4;0.16666666666666666;0.05716012424596281;0.6699426699426699;0;0.4498297427327331;0.2;0.0;0;1;0;0
1;0.16666666666666666;0.05112051218747595;0.1466011466011466;1;0.2431250142687584;0.2;0.0;0;1;0;0
2;0.16666666666666666;0.22614511729465608;0.38738738738738737;1;0.31786828277161144;0.0;0.0;0;1;0;1
4;0.25;0.01711394094849891;0.5217035217035217;1;0.24869859371518;0.4;1.0;0;0;1;1
2;0.3333333333333333;0.03639012293360618;0.15151515151515152;1;0.5771390311585188;0.2;0.0;0;0;1;0
1;0.3333333333333333;0.014281853263615803;0.38656838656838655;1;0.33402082086364543;0.6;0.0;0;1;0;1
1;0.16666666666666666;0.004715268204367995;0.5102375102375102;0;0.5802768598674918;0.2;0.0;0;1;0;0
4;0.08333333333333333;0.10638556834566729;0.35872235872235875;0;0.18017036083901566;0.4;1.0;0;1;0;0
4;0.6666666666666666;0.25700481650874113;0.8263718263718264;0;0.36918178634367815;0.4;0.0;0;1;0;1
4;0.0;0.015351110316857267;0.08353808353808354;1;0.45514993753175276;0.4;0.0;0;1;0;0
3;0.3333333333333333;0.17664631504766892;0.5298935298935299;1;0.6761361895213053;0.4;1.0;0;1;0;1
4;0.08333333333333333;0.053001818892349416;0.3284193284193284;1;0.1123281634002059;0.0;0.0;0;1;0;0
2;0.0;0.10704732257765552;0.4832104832104832;1;0.7561944128647972;0.6;0.0;0;0;1;1
4;0.16666666666666666;0.16047024395742213;0.42915642915642915;0;0.11544010280720397;0.0;0.0;0;1;0;0
4;0.16666666666666666;0.1376959640978633;0.23669123669123668;0;0.39120491204270985;0.0;0.0;0;0;1;0
3;0.16666666666666666;0.016286486329163474;0.3939393939393939;1;0.1996218059019884;0.4;0.0;0;1;0;0
4;0.25;0.013572238991326131;0.05241605241605242;1;0.13878519429913913;0.0;0.0;0;0;1;1
4;0.08333333333333333;0.2869522339469267;0.45536445536445536;1;0.8271966075401364;0.0;0.0;0;1;0;1
4;0.16666666666666666;0.00914416347232561;0.40540540540540543;1;0.49925775110299286;0.2;0.0;0;1;0;0
4;0.4166666666666667;0.027348035528107956;0.4610974610974611;0;0.4216085127090705;0.2;0.0;0;0;1;0
4;0.25;0.06411743783026336;0.5298935298935299;0;0.6201266147017832;0.6;0.0;0;1;0;1
1;0.16666666666666666;0.19135825014310776;0.4168714168714169;0;0.3418506890463236;0.6;0.0;0;1;0;1
4;0.5;0.10261653339120894;0.3808353808353808;1;0.513825237142471;0.2;0.0;0;1;0;1
3;0.25;0.09414337535687173;0.21212121212121213;1;0.29925910244424453;0.4;0.0;0;0;1;0
4;0.3333333333333333;0.1309487098558868;0.23996723996723995;0;0.4813724314735457;0.6;0.0;0;1;0;1
4;0.25;0.18021569426471518;0.5511875511875511;1;0.6343112983069908;0.4;0.0;0;0;1;0
4;0.0;0.029376918248704316;0.5921375921375921;0;0.4081090731074447;0.4;0.0;0;1;0;0
4;0.08333333333333333;0.002053693923156166;0.3177723177723178;0;0.2288671056356818;0.2;0.0;0;1;0;0
4;0.25;0.015067887415785694;0.36445536445536447;0;0.443598011790991;0.2;0.0;0;1;0;0
0;0.5833333333333334;0.020016426569386524;0.20884520884520885;1;0.048272314105447967;0.6;0.0;0;1;0;1
3;0.5833333333333334;0.0044752818828589285;0.5487305487305487;1;0.16027372130525164;0.2;0.0;0;1;0;1
4;0.16666666666666666;0.1530805106977366;0.46601146601146604;1;0.47800166533904376;0.0;0.0;0;1;0;0
4;0.08333333333333333;0.24050913299444326;0.6748566748566749;0;0.14322934341276175;0.0;0.0;0;1;0;0
4;0.08333333333333333;0.13791503132196575;0.21294021294021295;1;0.4374008567322887;0.4;1.0;0;1;0;0
4;0.08333333333333333;0.023187858055042018;0.29484029484029484;0;0.39146534557149926;0.0;0.0;0;1;0;0
1;0.4166666666666667;0.10369100672952393;0.39475839475839475;1;0.7311218934262549;0.0;0.0;0;0;1;1
3;0.16666666666666666;0.08173726208017905;0.46273546273546273;0;0.1878406021481037;0.6;0.0;0;0;1;1
4;0.4166666666666667;0.1907088753508396;0.32104832104832104;0;0.25374906100665623;0.6;0.0;0;0;1;1
4;0.08333333333333333;0.317317832967462;0.21375921375921375;1;0.4962635816428538;0.8;0.0;0;1;0;1
3;0.25;0.15107884041819275;0.5012285012285013;1;0.4719987683936373;0.2;1.0;0;0;1;0
4;0.25;0.0798809424848369;0.475020475020475;0;0.4592614516269482;0.6;0.0;0;1;0;1
4;0.25;0.07954127390482031;0.20638820638820637;1;0.2631391630901239;0.0;0.0;0;1;0;0
4;0.25;0.18342700074982687;0.579033579033579;0;0.29936331149990286;0.8;0.0;0;0;1;1
2;0.25;0.014472504003816724;0.5487305487305487;1;0.5560404990889597;0.0;0.0;0;0;1;0
3;0.16666666666666666;0.018448131126877612;0.3783783783783784;1;0.17396990035122492;0.2;0.0;0;1;0;0
4;0.5;0.04675752964815198;0.36936936936936937;1;0.2728397971559255;0.4;1.0;0;1;0;1
0;0.25;0.15291359524732534;0.44717444717444715;1;0.2133400002796347;0.4;0.0;0;1;0;0
4;0.08333333333333333;0.007524882663939017;0.2153972153972154;1;0.0049175891080345;0.2;0.0;0;1;0;0
4;0.08333333333333333;0.04689505512476719;0.361998361998362;1;0.24413332461829718;0.0;0.0;0;0;1;1
4;0.16666666666666666;0.042603519698892325;0.004095004095004095;1;0.3941133961914913;0.6;0.0;0;1;0;1
4;0.08333333333333333;0.07392563190814457;0.5004095004095004;0;0.13452723514276566;0.6;0.0;0;0;1;1
4;0.3333333333333333;0.06926027142658167;0.10073710073710074;1;0.15068017565603914;0.0;0.0;0;1;0;0
4;0.08333333333333333;0.13936856642283435;0.6027846027846028;1;0.41739972369202677;0.4;1.0;0;0;1;0
3;0.08333333333333333;0.10923129797632797;0.3022113022113022;0;0.23900566163703232;0.0;0.0;0;0;1;0
4;0.5833333333333334;0.2592584970862486;0.32186732186732187;1;0.3221300178642528;0.6;0.0;0;1;0;1
4;0.5;0.022100669434062584;0.2538902538902539;0;0.2190994702840577;0.0;0.0;0;1;0;1
4;0.4166666666666667;0.06288287643666689;0.3095823095823096;1;0.3756336362519706;0.2;0.0;0;0;1;0
4;0.0;0.05678638505815968;0.5888615888615889;1;0.21200233463214968;0.4;0.0;0;1;0;0
4;0.16666666666666666;0.013212169773995109;0.0;1;0.7031998658278802;0.0;0.0;0;1;0;1
3;0.16666666666666666;0.019971609580287583;0.5659295659295659;1;0.2589752315762874;0.6;0.0;0;1;0;1
4;0.3333333333333333;0.045597155460888;0.411957411957412;1;0.013145673836478862;0.2;1.0;0;1;0;1
0;0.08333333333333333;0.14761331629181967;0.1588861588861589;1;0.42183730212449205;0.6;0.0;0;0;1;1
4;0.16666666666666666;0.0180346104068552;0.18018018018018017;1;0.3221535516627674;0.2;0.0;0;1;0;1
0;0.08333333333333333;0.03423618287195486;0.6314496314496314;1;0.5231766467069003;0.0;1.0;0;0;1;0
3;0.25;0.12547447234510614;0.20147420147420148;1;0.13320476589687466;0.4;0.0;0;1;0;0
4;0.3333333333333333;0.10095679675002846;0.1678951678951679;1;0.12864491165541952;0.4;0.0;0;0;1;0
4;0.5;0.012198184695782011;0.542997542997543;1;0.31313855321126777;0.4;0.0;0;1;0;1
2;0.0;0.3200632494323817;0.411957411957412;0;0.10526541590607567;0.6;0.0;0;1;0;1
4;0.08333333333333333;0.01775578253478113;0.2031122031122031;0;0.42271730279738035;0.4;0.0;0;1;0;0
3;0.4166666666666667;0.006981862116637464;0.3923013923013923;1;0.09524055780245626;0.0;0.0;0;0;1;1
2;0.4166666666666667;0.040294879351077124;0.18837018837018837;1;0.44464062873247;0.0;0.0;0;1;0;0
0;0.0;0.0029151055631006896;0.5372645372645373;1;0.3814737316094807;0.2;1.0;0;0;1;1
3;0.08333333333333333;0.003402628037824;0.5307125307125307;1;0.19802458456978628;0.4;0.0;0;1;0;0
1;0.3333333333333333;0.09611955304412816;0.4438984438984439;1;0.46547533965382015;0.6;0.0;0;1;0;1
3;0.08333333333333333;0.24855353727231375;0.41605241605241605;1;0.1774049568573323;0.6;0.0;0;0;1;1
0;0.16666666666666666;0.05724150335258384;0.6453726453726454;0;0.4448603669311429;0.0;0.0;0;1;0;0
2;0.25;0.039957798644080327;0.35626535626535627;0;0.8662665694435919;0.4;0.0;0;1;0;1
4;0.25;0.27372909600438866;0.16298116298116297;0;0.5371649619938823;0.2;0.0;0;1;0;0
4;0.4166666666666667;0.006988275994338534;0.42997542997543;0;0.4502799231085825;0.6;0.0;0;1;0;1
4;0.0;0.07126927862224151;0.6986076986076986;0;0.3017361909563471;0.2;0.0;0;1;0;1
4;0.5833333333333334;0.03232681500568017;0.19082719082719082;0;0.2992613395265665;0.0;0.0;0;1;0;1
1;0.08333333333333333;0.05342773099842373;0.2972972972972973;1;0.7399703658062526;0.8;0.0;0;1;0;1
4;0.5;0.05878856178045745;0.4250614250614251;0;0.5210054174473836;0.2;1.0;0;0;1;1
4;0.25;0.08758243890508416;0.34807534807534807;0;0.4661708939635665;0.2;0.0;0;0;1;1
4;0.25;0.06710980920358921;0.19574119574119575;0;0.09395715705800317;0.4;1.0;0;1;0;1
3;0.0;0.49250821822872637;0.5405405405405406;0;0.3613247691681738;0.0;1.0;0;1;0;1
2;0.16666666666666666;0.002805854933233974;0.7371007371007371;1;0.6069636461723172;0.4;0.0;0;1;0;0
4;0.4166666666666667;0.15764174125011193;0.389025389025389;1;0.24984219110309774;0.2;1.0;0;0;1;0
3;0.5;0.0057543601413219845;0.20884520884520885;1;0.29603202528425143;0.2;0.0;0;1;0;1
4;0.4166666666666667;0.06268504496830947;0.10319410319410319;0;0.06273056270811517;0.2;0.0;0;1;0;0
4;0.5833333333333334;0.025016205837760458;0.3988533988533989;1;0.06896051618355745;0.6;0.0;1;0;0;1
4;0.25;0.323265889610503;0.5372645372645373;0;0.40603925300705873;0.2;0.0;0;1;0;0
4;0.08333333333333333;0.14256399822862828;0.4348894348894349;1;0.10880893323788178;0.4;0.0;0;0;1;1
4;0.08333333333333333;0.06908004656530406;0.35626535626535627;1;0.1504321491730714;0.0;0.0;0;1;0;0
4;0.4166666666666667;0.3383623625592738;0.26044226044226043;1;0.06997284171980553;0.4;0.0;0;1;0;1
4;0.3333333333333333;0.1420855839248718;0.17772317772317772;0;0.24774320166342784;0.0;0.0;0;0;1;0
3;0.3333333333333333;0.33766157753392345;0.49303849303849306;1;0.3344965134246997;0.4;0.0;0;1;0;1
3;0.5;0.1356031287919184;0.5061425061425061;1;0.3934882049899212;0.6;0.0;0;0;1;1
4;0.08333333333333333;0.008931588659666475;0.10319410319410319;1;0.46433555078994787;0.2;0.0;0;1;0;1
4;0.0;0.1065143397031111;0.6167076167076168;1;0.8220719760629153;0.2;0.0;0;0;1;1
4;0.08333333333333333;0.4371735018727537;0.45045045045045046;1;0.2950278171387446;0.4;1.0;0;1;0;1
2;0.4166666666666667;0.026749240321474996;0.5855855855855856;1;0.5414891024884998;0.4;0.0;0;1;0;0
4;0.6666666666666666;0.17504070040255293;0.13677313677313677;1;0.13410385338338732;0.4;0.0;0;1;0;1
4;0.25;0.022641876305997868;0.13267813267813267;1;0.4915199954511941;0.4;0.0;0;1;0;0
2;0.4166666666666667;0.06690369050912591;0.3325143325143325;1;0.5387621668692849;0.2;0.0;0;1;0;0
4;0.08333333333333333;0.009773583317469626;0.438984438984439;1;0.611567725526738;0.6;0.0;0;1;0;1
4;0.25;0.046262605533561534;0.6511056511056511;1;0.5141448252099234;0.6;0.0;0;1;0;1
4;0.16666666666666666;0.16651107133492687;0.4725634725634726;1;0.3515319269573312;0.0;0.0;0;1;0;0
3;0.0;0.00508487805167821;0.31695331695331697;1;0.2514727757493008;0.0;0.0;0;1;0;0
2;0.3333333333333333;0.04287426638503307;0.18837018837018837;1;0.7090446187341329;0.6;0.0;0;1;0;1
2;0.16666666666666666;0.11048377912767916;0.5585585585585585;0;0.14212676678070624;0.2;0.0;0;1;0;0
4;0.08333333333333333;0.33009274534659;0.19901719901719903;1;0.13972508249499505;0.4;1.0;1;0;0;0
2;0.16666666666666666;0.03125260302068437;0.6232596232596233;1;0.12127776910448348;0.4;0.0;0;1;0;1
4;0.3333333333333333;0.0210859339684266;0.3104013104013104;1;0.1716542833172379;0.4;0.0;0;1;0;0
3;0.0;0.02527074301623843;0.6175266175266175;1;0.28396976793346007;0.4;1.0;0;1;0;0
2;0.25;0.030000072166237686;0.46764946764946763;0;0.676053948025077;0.2;0.0;0;0;1;1
0;0.0;0.11308928768363949;0.33415233415233414;1;0.4295897902148491;0.4;0.0;0;1;0;0
2;0.0;0.7366271696832173;0.2719082719082719;1;0.16747028486081073;0.4;0.0;0;1;0;0
2;0.08333333333333333;0.08243285080329044;0.30057330057330056;1;0.39032450909423133;0.2;0.0;0;1;0;1
2;0.25;0.035165772471857315;0.4266994266994267;1;0.37829637205862104;0.2;0.0;0;1;0;0
4;0.4166666666666667;0.15283475787028042;0.36936936936936937;1;0.2490097634043414;0.4;0.0;0;0;1;0
4;0.16666666666666666;0.019098942227855277;0.2596232596232596;1;0.3441825648043581;0.4;0.0;0;1;0;1
2;0.08333333333333333;0.003321197936928322;0.32923832923832924;0;0.29658402416586654;0.4;1.0;0;1;0;1
0;0.4166666666666667;0.10335793852985024;0.36936936936936937;1;0.6126579511975268;0.2;0.0;0;0;1;0
2;0.08333333333333333;0.026200284051651423;0.00819000819000819;0;0.5917508575473077;0.0;0.0;0;1;0;0
4;0.3333333333333333;0.05662729499496138;0.43161343161343163;1;0.40603010621759156;0.0;0.0;0;0;1;1
1;0.5833333333333334;0.02917618265029372;0.19656019656019655;1;0.01980461758267388;0.0;1.0;0;1;0;1
3;0.16666666666666666;0.2782978193692897;0.1678951678951679;1;0.5068514288856295;0.0;1.0;0;0;1;1
4;0.25;0.045825172714175647;0.08026208026208026;0;0.3154234431608167;0.0;0.0;0;0;1;0
1;0.25;0.0662628961588236;0.06306306306306306;0;0.10326457913318224;0.6;0.0;0;1;0;1
2;0.4166666666666667;0.029713848006556423;0.13431613431613432;0;0.44943137213769824;0.0;1.0;0;0;1;0
3;0.25;0.00979635249242177;0.24078624078624078;1;0.25497548444238277;0.2;0.0;0;1;0;1
4;0.4166666666666667;0.07988505137072087;0.6764946764946765;0;0.3416204952539683;0.4;1.0;0;1;0;0
4;0.3333333333333333;0.22585292520376496;0.2702702702702703;1;0.36296147839961607;0.4;0.0;0;1;0;0
3;0.25;0.04815075464456667;0.3857493857493858;0;0.13369209079329616;0.4;0.0;0;1;0;0
3;0.5;0.16889434834480782;0.4226044226044226;0;0.6335832242200976;0.2;1.0;0;0;1;1
3;0.6666666666666666;0.0036196322609390735;0.3783783783783784;0;0.4021825308167015;0.2;1.0;0;1;0;1
3;0.4166666666666667;0.029810690325628414;0.343980343980344;1;0.50855426862282;0.0;0.0;1;0;0;0
2;0.25;0.015617181308636112;0.16052416052416052;1;0.130841004079289;0.4;0.0;0;1;0;0
4;0.16666666666666666;0.05730446923930569;0.5945945945945946;1;0.11393716101085416;0.4;0.0;0;1;0;0
0;0.25;0.24999951577995846;0.6527436527436528;1;0.25483287085502443;0.6;0.0;0;1;0;1
4;0.3333333333333333;0.051961896963296894;0.08108108108108109;1;0.3709825663719982;0.2;0.0;0;1;0;0
4;0.16666666666666666;0.10281205779733893;0.1891891891891892;1;0.5567519874784624;0.2;0.0;0;0;1;0
2;0.3333333333333333;0.25408467285035286;0.31122031122031124;0;0.20398770103950734;0.6;0.0;0;0;1;1
4;0.08333333333333333;0.049550522450201404;0.19901719901719903;0;0.3901361252335234;0.2;0.0;0;0;1;0
3;0.3333333333333333;0.0505927974162413;0.4398034398034398;0;0.1652675912858368;0.2;0.0;0;0;1;0
3;0.16666666666666666;0.010177809706916506;0.2375102375102375;1;0.1551603445854281;0.4;0.0;0;1;0;0
4;0.08333333333333333;0.04769995394223935;0.7117117117117117;1;0.21563825497965905;0.0;0.0;0;1;0;0
4;0.0;0.15248358372974732;0.552006552006552;1;0.581412469508479;0.2;1.0;0;1;0;0
0;0.25;0.2071037346029926;0.3914823914823915;0;0.1525211114701752;0.2;1.0;0;1;0;0
4;0.4166666666666667;0.1426683431359454;0.5249795249795249;1;0.39039138681780383;0.6;0.0;0;1;0;1
3;0.16666666666666666;0.0007037041547420954;0.538083538083538;1;0.3915942273459332;0.4;0.0;0;1;0;0
4;0.16666666666666666;0.013772535220770689;0.26453726453726456;1;0.5314174268895853;0.2;1.0;0;1;0;0
4;0.25;0.1460218808050656;0.22276822276822278;1;0.604248257015017;0.2;0.0;0;1;0;0
4;0.3333333333333333;0.3175068130095745;0.36936936936936937;0;0.4688230789480426;0.6;0.0;0;0;1;1
4;0.08333333333333333;0.13218593019215102;0.49795249795249796;1;0.4366513614703561;0.6;0.0;0;1;0;1
3;0.0;0.028450150438025245;0.37919737919737917;0;0.4320139243883948;0.0;0.0;0;1;0;1
4;0.08333333333333333;0.012592028268915879;0.09828009828009827;0;0.5563525604778493;0.2;0.0;0;1;0;0
4;0.6666666666666666;0.2331137387957097;0.22522522522522523;1;0.12999510848592116;0.2;0.0;0;0;1;1
3;0.25;0.01153384595259386;0.3447993447993448;0;0.33517845920596073;0.2;0.0;1;0;0;0
2;0.0;0.018149327058047143;0.343980343980344;0;0.14748327186033028;0.0;0.0;0;1;0;0
4;0.3333333333333333;0.10096746968100448;0.6797706797706797;1;0.324784394829412;0.2;0.0;0;1;0;0
3;0.16666666666666666;0.023376419867412502;0.1294021294021294;1;0.17639812678425243;0.4;1.0;0;0;1;0
4;0.08333333333333333;0.028664588458932;0.4398034398034398;1;0.4531921717764214;0.6;1.0;0;1;0;1
4;0.3333333333333333;0.01700471525498371;0.6003276003276004;1;0.3404708224347113;0.8;0.0;0;0;1;1
4;0.3333333333333333;0.3212977915330265;0.7289107289107289;0;0.3017111164400151;0.6;0.0;0;0;1;1
4;0.0;0.014778623677290395;0.29074529074529076;0;0.060617666745970133;0.4;1.0;0;1;0;1
4;0.16666666666666666;0.2979569442394084;0.43734643734643736;0;0.3678347550777892;0.0;0.0;0;1;0;0
2;0.5;0.04386073682798884;0.44963144963144963;1;0.1651537085949553;0.0;0.0;0;1;0;1
4;0.5833333333333334;0.1916996761560281;0.389025389025389;1;0.30443685728460357;0.0;0.0;0;1;0;1
4;0.25;0.3332521351848196;0.3407043407043407;0;0.3524702951304744;0.0;0.0;0;0;1;0
4;0.3333333333333333;0.0814253116391477;0.4283374283374283;1;0.3166503297357981;0.2;0.0;0;0;1;0
4;0.25;0.16354065679430418;0.0;1;0.2553392903805769;0.0;0.0;0;0;1;0
4;0.0;0.034341044530681646;0.46846846846846846;1;0.06920199126404426;0.2;1.0;0;1;0;0
4;0.5;0.053653457704306025;0.3775593775593776;1;0.19884672168908277;0.6;0.0;0;1;0;1
1;0.16666666666666666;0.08951922663697079;0.3202293202293202;0;0.6877463310441783;0.4;0.0;0;1;0;1
4;0.25;0.21136052401560337;0.6920556920556921;1;0.16068747300091776;0.4;0.0;0;1;0;0
4;0.16666666666666666;0.10780724893665636;0.24651924651924653;1;0.2635684051876243;0.2;0.0;0;1;0;0
3;0.25;0.0024169109031595888;0.29074529074529076;0;0.0732388401128516;0.8;0.0;0;1;0;1
4;0.4166666666666667;0.04037985473542851;0.683046683046683;1;0.38120807867357304;0.0;0.0;0;1;0;0
4;0.3333333333333333;0.22271787446637248;0.2203112203112203;1;0.18031590557511243;0.8;0.0;1;0;0;1
4;0.25;0.030500985990800814;0.26617526617526616;0;0.1554103714690697;0.2;0.0;0;1;0;0
3;0.25;0.05097458744362909;0.3325143325143325;1;0.21396073393909554;0.6;0.0;0;0;1;1
2;0.08333333333333333;0.05485922795243757;0.49467649467649466;1;0.3725788981876181;0.4;0.0;0;1;0;0
1;0.4166666666666667;0.018597909917742027;0.3906633906633907;0;0.08840220599173593;0.2;0.0;0;1;0;1
4;0.3333333333333333;0.047830347419842496;0.14496314496314497;1;0.18944684707975204;0.4;0.0;0;0;1;1
3;0.4166666666666667;0.18914840261603252;0.26945126945126946;0;0.5964886066428212;0.0;0.0;0;0;1;0
4;0.5833333333333334;0.2103477743279639;0.2571662571662572;1;0.15119126859370755;0.4;0.0;0;1;0;1
2;0.16666666666666666;0.09669295043191117;0.343980343980344;1;0.6995397759072555;0.0;1.0;0;1;0;1
4;0.5;0.1262748593911382;0.4266994266994267;1;0.24878357654975258;0.0;0.0;0;1;0;1
2;0.25;0.08502763106571176;0.4250614250614251;0;0.2951839820710277;0.2;0.0;0;1;0;0
2;0.3333333333333333;0.004968921874283519;0.06552006552006552;0;0.0484586520039073;0.0;0.0;0;0;1;1
4;0.16666666666666666;0.1326704695812496;0.5307125307125307;1;0.2575114918722437;0.4;0.0;0;1;0;0
3;0.25;0.630775506579224;0.39803439803439805;1;0.672582984271004;0.2;0.0;0;1;0;1
2;0.3333333333333333;0.028697721184755567;0.5831285831285832;1;0.1166111122361053;0.4;0.0;0;0;1;0
4;0.6666666666666666;0.4478725211623584;0.42915642915642915;0;0.6584489910804167;0.0;0.0;0;1;0;1
3;0.25;0.6794810765244874;0.5372645372645373;0;0.4295129190172312;0.0;0.0;0;1;0;0
4;0.4166666666666667;0.016908249202646327;0.4332514332514332;0;0.4553831908655653;0.8;1.0;0;1;0;1
3;0.25;0.28983951803738894;0.5773955773955773;0;0.0581259589489711;0.0;0.0;0;1;0;0
3;0.3333333333333333;0.12516964464900726;0.44226044226044225;0;0.14352230937194305;0.4;0.0;0;1;0;0
4;0.25;0.06981256068709214;0.3407043407043407;1;0.4911191450266689;0.4;0.0;0;1;0;0
0;0.3333333333333333;0.04695226870287957;0.7289107289107289;0;0.09594667615785266;0.4;1.0;0;1;0;0
4;0.16666666666666666;0.11049858932563106;0.502047502047502;1;0.209911749003327;0.4;0.0;0;0;1;0
3;0.08333333333333333;0.20579186413131245;0.45045045045045046;1;0.31753110825519665;0.2;0.0;0;0;1;0
4;0.16666666666666666;0.0037911458906112463;0.14742014742014742;0;0.7335273265463685;0.4;0.0;0;1;0;1
4;0.3333333333333333;0.0852404989723163;0.1457821457821458;1;0.2747930803164517;0.4;0.0;0;1;0;0
0;0.0;0.11682530073865817;0.4045864045864046;1;0.20006638251165382;0.2;0.0;0;1;0;0
3;0.08333333333333333;0.0028163715868528547;0.3808353808353808;0;0.3244708257099216;0.4;0.0;0;1;0;0
4;0.25;0.24459887326819277;0.25634725634725636;0;0.5210200664269746;0.2;0.0;0;0;1;0
3;0.3333333333333333;0.3373137788993752;0.38001638001638;1;0.19818926163147282;0.4;0.0;0;1;0;0
4;0.0;0.10541376547629525;0.6167076167076168;1;0.5999228871481154;0.4;0.0;0;1;0;0
2;0.08333333333333333;0.01377559402013679;0.47092547092547093;1;0.03709612982972493;0.4;0.0;0;1;0;0
4;0.25;0.29972026961905585;0.16953316953316952;1;0.09024562346742954;0.4;1.0;0;1;0;0
4;0.0;0.1818293871010928;0.33824733824733827;0;0.059555323002275416;0.4;0.0;0;1;0;0
4;0.4166666666666667;0.0031531660797515584;0.22522522522522523;1;0.499733014050126;0.4;0.0;0;0;1;0
4;0.16666666666666666;0.09623197710697723;0.2932022932022932;0;0.27807864110690694;0.2;0.0;0;0;1;0
4;0.5833333333333334;0.013465566454824789;0.2891072891072891;1;0.25335993357795583;0.0;1.0;0;0;1;1
1;0.25;0.01685017246721465;0.2784602784602785;0;0.8108806080381865;0.2;0.0;0;0;1;1
1;0.16666666666666666;0.023722140290017298;0.1506961506961507;0;0.2799804196327097;0.0;0.0;0;0;1;0
2;0.25;0.05606406245331218;0.3357903357903358;0;0.54482432224348;0.4;0.0;0;1;0;0
4;0.25;0.2325421317088094;0.26453726453726456;0;0.07838958723576758;0.4;0.0;0;1;0;1
4;0.25;0.0034429996402086356;0.0;1;0.33993040694734755;0.6;1.0;0;0;1;1
4;0.4166666666666667;0.12996199913217094;0.6928746928746928;1;0.523586540107249;0.4;0.0;0;1;0;0
2;0.3333333333333333;0.3715248224220243;0.5348075348075348;1;0.16418690854404838;0.2;0.0;0;1;0;0
4;0.16666666666666666;0.11398873117904787;0.29484029484029484;1;0.33037621394973427;0.6;0.0;0;1;0;1
4;0.16666666666666666;0.18804737043635159;0.3595413595413595;1;0.7600594219339978;0.6;0.0;0;1;0;1
4;0.3333333333333333;0.2581226107864463;0.16461916461916462;1;0.1427286612697278;0.4;0.0;0;1;0;0
4;0.4166666666666667;0.13952163469277404;0.6347256347256347;1;0.2506234430643593;0.4;0.0;0;1;0;0
4;0.25;0.1199152786594856;0.6674856674856675;0;0.2566406532337299;0.2;0.0;0;1;0;0
4;0.4166666666666667;0.0019477460862611425;0.3824733824733825;0;0.42148364074983236;0.2;0.0;0;0;1;0
4;0.4166666666666667;0.08134001787113583;0.5241605241605242;1;0.5945159596432842;0.2;0.0;0;1;0;1
4;0.16666666666666666;0.0704092400633606;0.3857493857493858;0;0.33096373522234324;0.4;0.0;0;0;1;0
4;0.25;0.08222619450068225;0.1375921375921376;1;0.4279313102870925;0.6;0.0;0;1;0;1
4;0.4166666666666667;0.06296116368398301;0.2891072891072891;0;0.15154596262399148;0.2;0.0;0;1;0;0
2;0.08333333333333333;0.26367952033461434;0.3783783783783784;1;0.14531614255179712;0.2;0.0;0;1;0;0
4;0.08333333333333333;0.2445512256928066;0.28255528255528256;1;0.49340064084455265;0.2;0.0;0;1;0;0
4;0.25;0.014877003049178068;0.32104832104832104;0;0.32784029368225004;0.6;0.0;0;1;0;1
4;0.16666666666666666;0.08462674832198407;0.3415233415233415;0;0.0655632691750849;0.0;0.0;0;0;1;0
4;0.3333333333333333;0.356866073837955;0.34316134316134317;0;0.12060916674959367;0.6;0.0;0;0;1;1
4;0.25;0.10151269678864779;0.3652743652743653;0;0.16713853022055622;0.4;0.0;0;0;1;1
4;0.3333333333333333;0.17994038911494048;0.18263718263718265;0;0.4210334156099994;0.2;0.0;0;1;0;0
4;0.3333333333333333;0.051934920565490816;0.23914823914823916;0;0.3642101438278975;0.2;0.0;0;1;0;0
4;0.3333333333333333;0.05262760529959161;0.1466011466011466;1;0.803407946614693;0.0;0.0;0;1;0;1
1;0.25;0.04377660112326677;0.5167895167895168;1;0.13986557972342548;0.4;0.0;0;1;0;1
3;0.4166666666666667;0.002388086960781991;0.011466011466011465;1;0.34303835674549915;0.4;0.0;0;1;0;1
3;0.3333333333333333;0.28792260501327793;0.5454545454545454;1;0.4230845906496045;0.4;0.0;0;1;0;1
3;0.16666666666666666;0.04780119902568298;0.583947583947584;1;0.525881387651602;0.0;0.0;0;1;0;0
4;0.25;0.050826777882006076;0.3071253071253071;1;0.5376646427768564;0.4;0.0;0;1;0;0
0;0.08333333333333333;0.15851223256814453;0.0;0;0.151927542483275;0.4;0.0;0;1;0;0
4;0.08333333333333333;0.08320669490876852;0.2972972972972973;0;0.39192670982121003;0.6;0.0;0;1;0;1
0;0.25;0.049943232335363894;0.3464373464373464;1;0.4333518064566327;0.4;0.0;0;1;0;0
3;0.08333333333333333;0.23925226505666292;0.19082719082719082;1;0.12872701300481446;0.2;0.0;0;0;1;0
4;0.5;0.19410734280111086;0.2719082719082719;1;0.09446478744889297;0.8;0.0;0;1;0;1
3;0.3333333333333333;0.4187039951395908;0.6076986076986077;1;0.44346454413030806;0.4;0.0;0;1;0;0
2;0.3333333333333333;0.11392306080267002;0.4651924651924652;1;0.17854273873385035;0.6;0.0;0;1;0;1
0;0.25;0.1302795250806485;0.20556920556920558;0;0.6934048108146151;0.6;0.0;0;1;0;1
3;0.4166666666666667;0.04358078307197415;0.095004095004095;1;0.3266707897174428;0.4;0.0;0;0;1;0
3;0.16666666666666666;0.011601725526856484;0.30303030303030304;1;0.2154759108041976;0.2;0.0;0;0;1;1
1;0.08333333333333333;0.012387542615801366;0.32186732186732187;1;0.5045671640416708;0.2;1.0;0;1;0;0
4;0.08333333333333333;0.11545821969041815;0.4381654381654382;1;0.12819877619863648;0.4;1.0;0;1;0;0
2;0.25;0.013306634635158897;0.26863226863226863;1;0.36098769469012626;0.2;0.0;1;0;0;0
4;0.25;0.26376177378482885;0.4406224406224406;1;0.4175319520609311;0.6;0.0;0;1;0;1
2;0.08333333333333333;0.1353374599848912;0.674037674037674;1;0.04713542586834105;0.2;1.0;0;0;1;0
3;0.5;0.028465021662480234;0.4905814905814906;1;0.35026706355353215;0.4;0.0;0;1;0;1
4;0.16666666666666666;0.03636046172022515;0.3488943488943489;0;0.05080121687553032;0.2;0.0;0;1;0;0
4;0.3333333333333333;0.1376553298925894;0.32678132678132676;1;0.5996006367138881;0.2;1.0;0;0;1;0
4;0.16666666666666666;0.19330781759225846;0.29811629811629814;1;0.24400237958194917;0.0;0.0;0;1;0;0
4;0.16666666666666666;0.2034411822772156;0.5503685503685504;0;0.1487807420891895;0.2;0.0;0;1;0;0
4;0.25;0.10216976142551841;0.2538902538902539;0;0.27766730429142594;0.2;0.0;0;1;0;0
3;0.5833333333333334;0.018700500573121087;0.36445536445536447;0;0.3376764220764958;0.2;0.0;0;1;0;1
2;0.08333333333333333;0.18972199049372554;0.3652743652743653;0;0.30043933468249634;0.2;1.0;0;0;1;1
4;0.16666666666666666;0.17445378207935308;0.27436527436527436;1;0.42922949258460424;0.2;0.0;0;1;0;0
3;0.5;0.2006543954979364;0.13185913185913187;0;0.37940081215407906;0.2;0.0;0;1;0;1
3;0.25;0.019021262496514302;0.4095004095004095;0;0.07690431104954347;0.4;0.0;0;0;1;0
4;0.3333333333333333;0.12823789628779864;0.3464373464373464;0;0.4525671739260613;0.0;0.0;0;1;0;1
4;0.16666666666666666;0.35876675049350054;0.438984438984439;0;0.19470367049654794;0.2;0.0;0;1;0;0
3;0.25;0.03284299857980838;0.26945126945126946;0;0.2314652531559551;0.4;0.0;0;0;1;1
4;0.16666666666666666;0.14027724135231495;0.556920556920557;1;0.507900490204646;0.4;0.0;1;0;0;0
4;0.25;0.033270955672260426;0.21294021294021295;0;0.2771622705103069;0.4;0.0;0;1;0;0
4;0.25;0.04075047542913637;0.6371826371826372;1;0.5918175592643895;0.4;0.0;0;1;0;0
3;0.0;0.07382408862882191;0.07043407043407043;1;0.7597750730663977;0.0;0.0;0;0;1;1
4;0.16666666666666666;0.2506554788731256;0.4275184275184275;0;0.3837201672848309;0.2;0.0;0;0;1;0
4;0.3333333333333333;0.00431761901163346;0.4348894348894349;1;0.23458711151826764;0.6;1.0;0;0;1;1
4;0.16666666666666666;0.5084142506348471;0.22604422604422605;1;0.37046106719943206;0.4;1.0;0;1;0;1
4;0.25;0.16446678632398526;0.4258804258804259;1;0.5466921550131132;0.2;1.0;0;1;0;0
4;0.4166666666666667;0.04954919228050243;0.5659295659295659;1;0.5501986435700384;0.2;0.0;0;1;0;1
2;0.08333333333333333;0.048576950670302384;0.0;1;0.32620075574363355;0.4;0.0;0;0;1;0
4;0.0;0.07333084746001596;0.438984438984439;1;0.6479566749101956;0.6;0.0;0;0;1;1
2;0.5;0.23173112429057152;0.0;1;0.6662262245308448;0.4;0.0;0;1;0;1
3;0.16666666666666666;0.0019421487115901523;0.1981981981981982;0;0.25337797382730426;0.0;0.0;0;1;0;0
0;0.25;0.08834631205062253;0.6232596232596233;1;0.21932257277947917;0.6;0.0;0;1;0;1
3;0.3333333333333333;0.006352884140640796;0.26126126126126126;0;0.3490003879174691;0.2;0.0;1;0;0;0
2;0.16666666666666666;0.01359927758732696;0.16461916461916462;1;0.47279241033240976;0.6;0.0;0;1;0;1
4;0.08333333333333333;0.13048409702741487;0.32432432432432434;0;0.12691993708229837;0.4;0.0;0;1;0;0
3;0.4166666666666667;0.029636208946175694;0.6953316953316954;1;0.3443008319730363;0.2;0.0;0;1;0;0
4;0.4166666666666667;0.0046576087832623314;0.056511056511056514;1;0.35860434792810614;0.0;0.0;0;1;0;0
4;0.3333333333333333;0.01989298629113694;0.18427518427518427;1;0.17688395329391848;0.2;0.0;0;1;0;0
4;0.16666666666666666;0.025966995451058583;0.601965601965602;1;0.7476167661340221;0.0;0.0;0;0;1;1
3;0.16666666666666666;0.16335194251474083;0.6609336609336609;0;0.7525569758893654;0.4;0.0;0;0;1;1
4;0.0;0.10904218626979646;0.33988533988533987;0;0.179937367913335;0.0;0.0;0;1;0;0
2;0.25;0.1477483662506227;0.15397215397215397;0;0.3026396231405872;0.6;0.0;0;1;0;1
4;0.3333333333333333;0.051308519223745644;0.7002457002457002;0;0.16200222538749756;0.2;0.0;0;0;1;0
4;0.6666666666666666;0.013289211421367932;0.6175266175266175;1;0.43123977574175054;0.2;0.0;0;1;0;1
4;0.08333333333333333;0.18199099399814386;0.46764946764946763;0;0.26246939231520205;0.6;0.0;0;1;0;1
4;0.16666666666666666;0.01676476535846707;0.22358722358722358;0;0.6160823602319988;0.4;1.0;0;0;1;1
2;0.4166666666666667;0.053602540777085234;0.3488943488943489;1;0.3511897946843067;0.2;0.0;0;0;1;0
3;0.4166666666666667;0.033776700703807;0.33005733005733007;0;0.3152616238524793;0.2;0.0;0;0;1;1
3;0.25;0.03906728351683318;0.41113841113841115;1;0.16566626259217798;0.4;1.0;0;1;0;1
3;0.5833333333333334;0.10240133397688182;0.5945945945945946;1;0.14451090378431114;0.2;0.0;0;1;0;1
3;0.3333333333333333;0.01990828059479039;0.5004095004095004;0;0.6010561067440524;0.2;1.0;0;1;0;0
4;0.5;0.06561856181604041;0.18018018018018017;1;0.367076179406946;0.2;0.0;0;1;0;1
3;0.3333333333333333;0.11320219881886333;0.5823095823095823;1;0.5251402847718097;0.0;1.0;0;0;1;0
2;0.4166666666666667;0.22601402046243693;0.40786240786240785;0;0.07641563064004245;0.2;0.0;0;1;0;0
1;0.3333333333333333;0.051556912461625075;0.4692874692874693;1;0.5323490588674685;0.4;0.0;0;0;1;1
3;0.08333333333333333;0.04262823051385883;0.597051597051597;1;0.24540108506921812;0.4;0.0;0;1;0;0
4;0.0;0.050960339087514066;0.17444717444717445;1;0.07208068061736828;0.2;0.0;0;1;0;0
4;0.3333333333333333;0.07723260076949905;0.35053235053235055;0;0.051512982093350396;0.2;0.0;1;0;0;0
4;0.0;0.041717864603431715;0.26945126945126946;0;0.45933939407800295;0.0;0.0;0;1;0;0
4;0.0;0.032007156609193156;0.09991809991809991;1;0.39227365737151415;0.0;1.0;0;1;0;0
4;0.0;0.05228047157210553;0.4135954135954136;1;0.2435824065946636;0.2;0.0;0;1;0;0
1;0.25;0.16731089376772912;0.7682227682227682;1;0.13620878558414704;0.2;0.0;0;1;0;1
4;0.08333333333333333;0.0323584469467743;0.054873054873054876;1;0.23578985685628256;0.6;0.0;0;1;0;1
4;0.0;0.2071039167658486;0.35135135135135137;1;0.3607334251459432;0.4;0.0;0;1;0;0
4;0.16666666666666666;0.03727418953912529;0.4619164619164619;1;0.07943328078632916;0.6;0.0;0;1;0;1
4;0.5833333333333334;0.10274287120740538;0.37674037674037675;0;0.2865321010534333;0.2;0.0;0;0;1;1
2;0.3333333333333333;0.3937769107754371;0.33824733824733827;1;0.6788039374977984;0.0;0.0;0;1;0;1
4;0.25;0.3373205651382155;0.14414414414414414;0;0.2892832726987022;0.4;0.0;0;1;0;0
3;0.08333333333333333;0.06338400430139632;0.39475839475839475;1;0.42882432262208064;0.4;0.0;0;1;0;0
4;0.16666666666666666;0.007708381303708007;0.2325962325962326;0;0.46253075144123046;0.4;0.0;0;1;0;0
4;0.3333333333333333;0.2590969490835649;0.0;0;0.5339485592739099;0.4;0.0;0;1;0;0
4;0.3333333333333333;0.015032045851213864;0.552006552006552;0;0.7529034317565777;0.2;0.0;0;1;0;1
2;0.0;0.2860107761081775;0.5135135135135135;0;0.05560784763029691;0.2;0.0;0;1;0;0
4;0.25;0.146705852108119;0.3652743652743653;1;0.26359123809433616;0.0;1.0;0;0;1;0
4;0.0;0.30277006375560994;0.3939393939393939;1;0.4241208172441956;0.0;0.0;0;0;1;0
2;0.5;0.12174535993761773;0.5323505323505323;0;0.6491894551102189;0.2;0.0;0;0;1;1
4;0.25;0.5919961304699795;0.3931203931203931;1;0.457575456224349;0.2;0.0;0;1;0;0
4;0.0;0.06994397022757448;0.5045045045045045;1;0.5454264416031742;0.4;1.0;0;1;0;0
4;0.0;0.044427682693822974;0.30794430794430794;0;0.08766095180600117;0.4;1.0;0;0;1;0
0;0.5;0.055535247292565884;0.5716625716625716;0;0.3022267874722059;0.4;0.0;0;1;0;1
3;0.0;0.04791198678724506;0.4095004095004095;0;0.5091842484832456;0.6;0.0;0;0;1;1
3;0.25;0.056916604687904784;0.3882063882063882;1;0.20239880494261356;0.4;0.0;0;1;0;1
4;0.6666666666666666;0.2407777001535917;0.14823914823914824;0;0.25440638588668424;0.2;0.0;0;1;0;1
3;0.16666666666666666;0.09969695571401622;0.4037674037674038;1;0.11887087804601117;0.2;0.0;0;0;1;0
2;0.3333333333333333;0.14385754469428697;0.2203112203112203;0;0.6400389073458429;0.0;0.0;0;0;1;0
3;0.16666666666666666;0.03770564204161371;0.25225225225225223;1;0.15355413815282515;0.4;0.0;0;0;1;0
4;0.0;0.5109057289778278;0.22276822276822278;1;0.7454906540529476;0.4;1.0;0;0;1;1
4;0.3333333333333333;0.03659582686709554;0.18181818181818182;1;0.10856322143268683;0.2;0.0;0;1;0;0
3;0.25;0.019201235731305718;0.7043407043407044;0;0.3170479870922629;0.6;0.0;0;1;0;1
4;0.5;0.16749400378438867;0.5749385749385749;0;0.3002390795536662;0.2;0.0;0;0;1;1
4;0.16666666666666666;0.20319569622589187;0.6715806715806716;1;0.19091601139192868;0.2;0.0;0;1;0;0
3;0.25;0.05562392215760014;0.15642915642915642;1;0.12590301842596915;0.2;0.0;0;1;0;0
2;0.5833333333333334;0.08659228221032157;0.36855036855036855;0;0.4683543984291901;0.0;0.0;0;1;0;1
3;0.16666666666666666;0.059419963418267746;0.14496314496314497;0;0.27587100226505584;0.8;0.0;0;1;0;1
2;0.3333333333333333;0.03865476626251932;0.24242424242424243;0;0.5051212982070663;0.2;0.0;0;1;0;1
3;0.6666666666666666;0.18671099492673646;0.20638820638820637;1;0.1321980798785385;0.6;0.0;0;1;0;1
0;0.25;0.15735674859190055;0.5593775593775594;1;0.48400765120813566;0.4;0.0;0;0;1;0
4;0.5;0.07383717901390816;0.2915642915642916;1;0.28824399027436115;0.6;0.0;0;0;1;1
4;0.25;0.06757885591848006;0.5315315315315315;1;0.33733645201779827;0.4;0.0;0;1;0;1
4;0.3333333333333333;0.022033775258178755;0.45536445536445536;1;0.13378823741631535;0.4;0.0;0;1;0;0
4;0.3333333333333333;0.11276728567376566;0.7338247338247338;0;0.32669679417445063;0.6;0.0;0;1;0;1
4;0.0;0.2861979668164053;0.11466011466011466;1;0.08907234869557848;0.4;0.0;0;1;0;0
4;0.3333333333333333;0.1411114584814238;0.5626535626535627;1;0.227186366882345;0.2;0.0;0;1;0;1
4;0.25;0.07845930928324407;0.5446355446355446;1;0.07258546521488786;0.4;1.0;0;1;0;0
4;0.25;0.004317236743992757;0.19737919737919737;1;0.3072857325451982;0.2;0.0;0;1;0;0
3;0.4166666666666667;0.2962696826892248;0.5217035217035217;0;0.3922385382044006;0.2;0.0;0;1;0;0
3;0.16666666666666666;0.04090279930129345;0.411957411957412;0;0.1748773730391475;0.6;1.0;0;1;0;1
4;0.16666666666666666;0.03960917449737986;0.3194103194103194;1;0.41191318858677434;0.6;1.0;0;1;0;1
4;0.5;0.07048688699936842;0.22194922194922195;1;0.42678310663907865;0.2;0.0;0;1;0;1
4;0.16666666666666666;0.06231322288458659;0.23914823914823916;1;0.47240589742443034;0.6;0.0;0;1;0;1
4;0.25;0.3648214876194537;0.6920556920556921;0;0.507857770350664;0.2;0.0;0;1;0;0
0;0.08333333333333333;0.019995568978269432;0.3570843570843571;1;0.6600171560073288;0.2;0.0;0;0;1;1
2;0.3333333333333333;0.12993020646959985;0.48484848484848486;1;0.13695955419114236;0.0;0.0;0;1;0;1
2;0.4166666666666667;0.012492933686772211;0.22686322686322685;0;0.43511649212323944;0.2;0.0;0;0;1;0
4;0.08333333333333333;0.03600381151291379;0.22932022932022933;1;0.4932647275528405;0.4;0.0;0;1;0;0
4;0.3333333333333333;0.14242246717765827;0.533988533988534;1;0.50997046811961;0.2;1.0;0;0;1;1
2;0.16666666666666666;0.18128085344955655;0.13595413595413594;1;0.26221407764950677;0.2;0.0;0;1;0;0
4;0.25;0.07034610119306417;0.2882882882882883;1;0.39226183143913856;0.2;1.0;0;0;1;0
2;0.4166666666666667;0.1732330915180633;0.361998361998362;0;0.28538175123031945;0.6;0.0;0;1;0;1
2;0.0;0.3042826758606323;0.3751023751023751;1;0.6615194874910268;0.2;0.0;0;0;1;1
4;0.16666666666666666;0.3054211424718448;0.3276003276003276;1;0.11258385082974769;0.4;0.0;0;1;0;0
1;0.25;0.0465816902123359;0.4217854217854218;1;0.7713098014249511;0.0;0.0;0;1;0;1
2;0.4166666666666667;0.04156331789879695;0.4701064701064701;1;0.44595986501118473;0.6;0.0;0;0;1;1
4;0.25;0.14416086035284523;0.47665847665847666;0;0.37460042780020164;0.2;0.0;0;1;0;0
3;0.16666666666666666;0.11805068996900336;0.19492219492219492;1;0.5019410546926079;0.2;1.0;0;0;1;0
4;0.3333333333333333;0.05534341942731763;0.3104013104013104;0;0.183037981018517;0.6;0.0;0;1;0;1
4;0.16666666666666666;0.028820266838765728;0.552006552006552;1;0.13433251024016246;0.0;1.0;0;1;0;0
4;0.25;0.10713272215425881;0.5028665028665029;1;0.4123827793332854;0.2;0.0;0;0;1;1
3;0.0;0.06252258302415019;0.13185913185913187;1;0.2347057287197998;0.2;0.0;0;1;0;0
3;0.3333333333333333;0.01569639842109334;0.4144144144144144;0;0.09106488705444307;0.6;0.0;0;1;0;1
4;0.16666666666666666;0.1133748980861302;0.03276003276003276;1;0.36184531115511964;0.2;0.0;0;0;1;0
4;0.08333333333333333;0.13303406508476726;0.36445536445536447;1;0.2622695924217902;0.2;0.0;0;0;1;0
4;0.25;0.0503258257051944;0.6674856674856675;1;0.6042971953753183;0.6;0.0;0;0;1;1
3;0.25;0.198377933625481;0.20147420147420148;0;0.2860507624415069;0.6;0.0;0;1;0;1
1;0.25;0.00844553020402566;0.2203112203112203;1;0.25887793422100847;0.0;0.0;0;1;0;1
3;0.0;0.07614857065896503;0.48157248157248156;0;0.1454032850959041;0.4;0.0;0;1;0;0
2;0.08333333333333333;0.34833026617977514;0.10401310401310401;1;0.05298821473495194;0.4;0.0;0;1;0;0
2;0.5833333333333334;0.023440459170274538;0.25307125307125306;1;0.23058446483212142;0.4;0.0;0;0;1;1
1;0.08333333333333333;0.02097486774468141;0.45454545454545453;0;0.30502044476925944;0.2;0.0;0;1;0;0
4;0.6666666666666666;0.052886566145854436;0.25307125307125306;0;0.3337901902686056;0.0;0.0;0;1;0;1
3;0.08333333333333333;0.0346558278950795;0.3177723177723178;1;0.6255816024369371;0.8;0.0;0;1;0;1
0;0.0;0.027795040719128597;0.4782964782964783;1;0.2382993184654416;0.4;0.0;0;0;1;0
2;0.0;0.33290884829940764;0.4258804258804259;0;0.08774648950590734;0.4;0.0;0;0;1;0
4;0.08333333333333333;0.04698403265161833;0.4004914004914005;0;0.30690909932339505;0.0;0.0;0;1;0;0
4;0.4166666666666667;0.0067960025871406015;0.3013923013923014;0;0.6003363046262414;0.4;0.0;0;1;0;0
4;0.08333333333333333;0.2558903032559142;0.4176904176904177;1;0.27442949208098616;0.6;1.0;0;0;1;1
4;0.3333333333333333;0.06609590831220483;0.3366093366093366;1;0.5975715755715855;0.2;0.0;0;1;0;1
4;0.0;0.14809241232417533;0.43161343161343163;0;0.52441042665006;0.2;0.0;0;1;0;0
3;0.25;0.05087237112351657;0.2751842751842752;1;0.08974055811151666;0.2;1.0;0;1;0;0
4;0.25;0.30435471184156604;0.32678132678132676;0;0.3986503680570925;0.4;0.0;0;1;0;0
2;0.4166666666666667;0.03769423593957304;0.19492219492219492;1;0.1773128433877604;0.0;0.0;0;1;0;0
4;0.25;0.12087581875201639;0.35053235053235055;1;0.30069747516266987;0.0;0.0;0;0;1;0
4;0.16666666666666666;0.19345024431650779;0.22358722358722358;0;0.41340558022278456;0.4;0.0;0;1;0;0
4;0.16666666666666666;0.030164070321412752;0.17444717444717445;0;0.14656578595627748;0.2;0.0;0;1;0;0
4;0.0;0.1798520199043198;0.3988533988533989;1;0.09238347339042723;0.4;0.0;0;0;1;0
2;0.3333333333333333;0.17479205642434534;0.3914823914823915;1;0.5705062785145321;0.4;0.0;0;0;1;0
3;0.25;0.3705025637624491;0.48484848484848486;1;0.6780198852785201;0.2;0.0;0;1;0;1
4;0.0;0.28494281721189896;0.2858312858312858;1;0.4064474048900156;0.4;0.0;0;1;0;0
4;0.0;0.05467599521428008;0.42342342342342343;0;0.13804704196049114;0.6;0.0;0;1;0;1
3;0.6666666666666666;0.09928385052539823;0.44717444717444715;0;0.13947403518785653;0.4;0.0;0;1;0;1
3;0.3333333333333333;0.2885800339379397;0.42915642915642915;1;0.778220014302613;0.6;1.0;0;1;0;1
4;0.0;0.0004183956061141532;0.22113022113022113;0;0.5581304237779601;0.8;0.0;0;1;0;1
4;0.16666666666666666;0.10976420672255957;0.3808353808353808;1;0.36060036583646443;0.2;0.0;0;1;0;0
3;0.0;0.026916647041066888;0.41605241605241605;1;0.059995521188703785;0.2;0.0;0;1;0;1
3;0.5;0.14928888736775467;0.3579033579033579;0;0.24185506077970795;0.4;0.0;0;1;0;1
4;0.16666666666666666;0.17706138563510482;0.014742014742014743;1;0.32041576086715345;0.2;1.0;0;1;0;0
4;0.3333333333333333;0.13880664746660645;0.3832923832923833;1;0.3028522283075914;0.4;0.0;0;1;0;0
1;0.25;0.6164797908739484;0.719082719082719;0;0.22482402330220808;0.2;0.0;0;1;0;1
4;0.4166666666666667;0.0725323633707423;0.2972972972972973;0;0.4778370120818645;0.4;0.0;0;1;0;1
2;0.4166666666666667;0.0916195253751713;0.2375102375102375;1;0.20421572086296713;0.2;0.0;0;1;0;0
4;0.25;0.05844888072139357;0.4176904176904177;1;0.40494122286457634;0.2;0.0;0;1;0;0
2;0.16666666666666666;0.40594611723031687;0.40786240786240785;1;0.6970617202659132;0.4;0.0;0;1;0;1
3;0.16666666666666666;0.28486274950219226;0.552006552006552;1;0.20687030134549667;0.2;1.0;0;1;0;0
4;0.3333333333333333;0.4800766415560669;0.1506961506961507;1;0.3318691124909032;0.2;0.0;0;0;1;0
0;0.16666666666666666;0.46641623864368187;0.47665847665847666;0;0.369306426867379;0.4;0.0;1;0;0;1
2;0.16666666666666666;0.25118927324742113;0.4537264537264537;1;0.3791956673130095;0.4;0.0;0;1;0;1
4;0.16666666666666666;0.29722285829970835;0.3333333333333333;1;0.24049177616979348;0.2;0.0;0;0;1;0
3;0.0;0.01413911040608411;0.411957411957412;1;0.5277770758854903;0.4;0.0;0;1;0;0
4;0.08333333333333333;0.021136815632071267;0.5249795249795249;1;0.3580227442803927;0.2;0.0;0;1;0;0
4;0.5;0.24076362222363457;0.4995904995904996;1;0.10361202153449445;0.4;0.0;1;0;0;1
4;0.25;0.14430567851128998;0.16953316953316952;0;0.4695511443736371;0.4;0.0;0;1;0;1
4;0.0;0.23129428686630563;0.4914004914004914;1;0.5242578734688895;0.2;1.0;0;1;0;1
4;0.08333333333333333;0.16347357179354405;0.3464373464373464;1;0.5085071613446954;0.6;0.0;0;1;0;1
4;0.25;0.016658248749728495;0.36855036855036855;0;0.5303336479322551;0.4;0.0;0;1;0;0
4;0.3333333333333333;0.2762846222237858;0.36855036855036855;0;0.398846340320309;0.2;0.0;0;1;0;0
4;0.0;0.16405327429942979;0.3316953316953317;0;0.12999644413295314;0.2;0.0;0;1;0;0
4;0.3333333333333333;0.09404554985617697;0.552006552006552;1;0.1780301658897193;0.2;0.0;0;1;0;0
2;0.25;0.08450027804127729;0.34316134316134317;1;0.3170942224870144;0.0;0.0;0;1;0;0
3;0.25;0.09482405878277615;0.17362817362817362;1;0.14797421723978108;0.4;0.0;0;1;0;0
2;0.5;0.05500556106109507;0.29238329238329236;1;0.40863316646685643;0.0;0.0;1;0;0;1
4;0.0;0.18081390050744947;0.3857493857493858;1;0.06733634683584423;0.6;0.0;0;0;1;1
3;0.4166666666666667;0.2666480149052878;0.5577395577395577;1;0.053245473036870626;0.4;0.0;0;1;0;1
4;0.16666666666666666;0.03237337435460068;0.45536445536445536;0;0.5624481298837001;0.0;0.0;0;1;0;0
3;0.16666666666666666;0.004246506036886505;0.21703521703521703;0;0.29249737404265574;0.4;1.0;0;0;1;0
0;0.08333333333333333;0.025166943938367808;0.7641277641277642;1;0.32802418222888197;0.6;0.0;0;1;0;1
4;0.6666666666666666;0.15749481125906054;0.39967239967239965;1;0.5294411215359957;0.2;0.0;0;1;0;1
3;0.5;0.2255801564172897;0.5659295659295659;1;0.3590898315261756;0.2;0.0;0;1;0;1
4;0.4166666666666667;0.04761723057689094;0.3316953316953317;0;0.9070306249671323;0.6;1.0;0;0;1;1
4;0.25;0.018326409226173533;0.4438984438984439;1;0.7820133684809754;0.2;0.0;0;1;0;1
1;0.16666666666666666;0.21753552829735565;0.49385749385749383;1;0.15774014147001306;0.2;0.0;0;1;0;1
4;0.08333333333333333;0.026814500023183925;0.5561015561015561;0;0.5258003647843918;0.6;0.0;0;1;0;1
2;0.25;0.030741036725422673;0.5298935298935299;0;0.1297590380796626;0.0;0.0;0;1;0;1
2;0.25;0.010744059201336534;0.4995904995904996;1;0.1954925774425603;0.6;0.0;0;1;0;1
3;0.3333333333333333;0.26825765847165073;0.3046683046683047;0;0.43642223562311855;0.6;0.0;0;1;0;1
4;0.25;0.043947690850882126;0.2628992628992629;0;0.3012927603300905;0.0;0.0;0;1;0;0
2;0.16666666666666666;0.020909970206766666;0.41113841113841115;1;0.28467050262525906;0.4;0.0;0;1;0;0
4;0.5833333333333334;0.34167960585903795;0.5094185094185094;0;0.10931954945132515;0.2;0.0;0;1;0;1
2;0.16666666666666666;0.045411098767153525;0.3202293202293202;1;0.3730741754792272;0.4;0.0;0;0;1;1
4;0.16666666666666666;0.15306632647142976;0.5315315315315315;1;0.04920735008182412;0.4;0.0;0;0;1;0
3;0.4166666666666667;0.029068991860857537;0.5945945945945946;0;0.3610342137326739;0.4;0.0;0;1;0;0
4;0.3333333333333333;0.14431598852748734;0.20638820638820637;1;0.5788428306837251;0.4;1.0;0;1;0;0
4;0.3333333333333333;0.029324700192184385;0.2194922194922195;0;0.20608646050873644;0.4;0.0;0;1;0;0
4;0.3333333333333333;0.11291051564304039;0.3333333333333333;1;0.5315864058120162;0.4;0.0;0;1;0;1
3;0.08333333333333333;0.06461691413571115;0.407043407043407;1;0.33285127721570074;0.4;0.0;0;0;1;0
0;0.3333333333333333;0.17829722901578757;0.2710892710892711;0;0.3171348738696297;0.2;0.0;0;1;0;0
0;0.16666666666666666;0.14572853889743712;0.5782145782145782;1;0.45493413138539807;0.2;0.0;0;1;0;0
3;0.3333333333333333;0.3048993913058144;0.4258804258804259;0;0.4098996754422319;0.4;0.0;0;0;1;0
4;0.5;0.05251569101496529;0.3628173628173628;0;0.3479530422167344;0.2;0.0;0;0;1;1
4;0.16666666666666666;0.15612606518989564;0.12121212121212122;1;0.2994519350509213;0.2;0.0;0;1;0;1
3;0.25;0.3858871098256997;0.14086814086814087;0;0.41523622177052133;0.4;0.0;0;1;0;1
4;0.5;0.045543229713248756;0.40294840294840295;1;0.5189044105221504;0.8;1.0;0;1;0;1
4;0.25;0.03803910000991304;0.007371007371007371;0;0.333580051328885;0.4;1.0;0;0;1;0
4;0.3333333333333333;0.16299909986825256;0.5225225225225225;0;0.2709844915335021;0.4;0.0;0;0;1;1
4;0.08333333333333333;0.06554780549835602;0.3308763308763309;1;0.2238947240561901;0.4;0.0;0;1;0;0
4;0.08333333333333333;0.05651890963833131;0.8877968877968878;0;0.2393607265037009;0.4;0.0;0;1;0;1
3;0.0;0.08769866678209509;0.7346437346437347;1;0.23243639087382717;0.2;0.0;0;1;0;0
4;0.5833333333333334;0.3049772276520781;0.32678132678132676;0;0.13777451238355945;0.0;0.0;0;1;0;1
4;0.25;0.009674734193966418;0.33906633906633904;1;0.5117875661592188;0.4;0.0;0;1;0;0
4;0.3333333333333333;0.06966962225129263;0.5200655200655201;0;0.293829924411458;0.2;0.0;0;1;0;0
2;0.16666666666666666;0.012914495012970886;0.6355446355446356;0;0.5424730909659558;0.0;0.0;0;1;0;0
2;0.4166666666666667;0.23922227764575577;0.08845208845208845;0;0.359027324447404;0.2;1.0;0;0;1;0
2;0.25;0.016286136954186507;0.06388206388206388;0;0.16250604931805102;0.2;0.0;0;1;0;0
4;0.0;0.010387892503733176;0.2547092547092547;0;0.5215689419372878;0.2;0.0;0;1;0;0
0;0.25;0.3690527860358778;0.4520884520884521;0;0.67498643113665;0.0;0.0;0;1;0;1
2;0.16666666666666666;0.09212732561081045;0.4381654381654382;1;0.45283638865820053;0.2;1.0;0;0;1;0
4;0.16666666666666666;0.19443516294097823;0.5315315315315315;0;0.1465742362372937;0.0;0.0;0;1;0;0
4;0.5;0.07062558013553459;0.16052416052416052;1;0.4936381441156547;0.4;0.0;0;0;1;1
4;0.16666666666666666;0.0635827292405878;0.0;1;0.5071038644171976;0.4;0.0;0;1;0;0
4;0.16666666666666666;0.2698642646902902;0.49713349713349714;1;0.17229956257548143;0.4;0.0;0;0;1;0
4;0.3333333333333333;0.5109264544472781;0.22113022113022113;1;0.2644329153864431;0.4;1.0;0;0;1;1
4;0.5833333333333334;0.10716188456442811;0.02620802620802621;1;0.2756312809149929;0.0;0.0;0;1;0;1
4;0.3333333333333333;0.2784698782495364;0.3808353808353808;1;0.6773736656852806;0.4;0.0;0;0;1;1
4;0.0;0.2208764698645124;0.4864864864864865;0;0.2802295131476657;0.4;0.0;0;1;0;0
4;0.5833333333333334;0.08730691718089233;0.3366093366093366;1;0.18311786676559152;0.2;1.0;0;1;0;1
4;0.5;0.31503692481470225;0.28173628173628174;1;0.08608282275371436;0.4;0.0;0;1;0;1
3;0.25;0.026166559442540944;0.3308763308763309;1;0.1959818888214553;0.4;0.0;0;1;0;1
4;0.25;0.24043217807934483;0.29565929565929566;1;0.37570615435331034;0.2;0.0;0;0;1;0
4;0.08333333333333333;0.04111398251488289;0.13595413595413594;0;0.13837041418505056;0.8;1.0;0;0;1;1
2;0.5;0.0033787262766154843;0.23996723996723995;0;0.2645822407433713;0.0;0.0;0;1;0;1
4;0.08333333333333333;0.17204700280806054;0.44226044226044225;1;0.7657893521023307;0.0;0.0;0;1;0;1
3;0.4166666666666667;0.2958470292579676;0.4095004095004095;1;0.8318720684454105;0.2;0.0;0;1;0;1
4;0.16666666666666666;0.027118050686108886;0.3841113841113841;1;0.4292304446894476;0.4;1.0;0;1;0;0
2;0.16666666666666666;0.08491123962200461;0.19328419328419327;0;0.20243918190920918;0.6;1.0;0;1;0;1
4;0.4166666666666667;0.15388932281774997;0.32678132678132676;0;0.44876592225637174;0.6;0.0;0;0;1;1
3;0.25;0.04476047887855105;0.0;0;0.39874496330351217;0.6;1.0;0;1;0;1
4;0.0;0.01761083635580401;0.3857493857493858;1;0.16554870502318492;0.6;0.0;0;1;0;1
4;0.4166666666666667;0.05533993874609619;0.5904995904995906;1;0.2266943828810592;0.6;0.0;0;0;1;1
4;0.3333333333333333;0.06778733062825769;0.11547911547911548;1;0.5634342095493665;0.4;0.0;0;1;0;0
4;0.6666666666666666;0.15077025748840936;0.26044226044226043;1;0.7269438374375176;0.4;1.0;0;1;0;1
2;0.4166666666666667;0.024576138277703233;0.4103194103194103;0;0.3977100992053524;0.0;0.0;0;1;0;0
4;0.16666666666666666;0.18775036308803678;0.5618345618345618;1;0.09309479835288981;0.0;0.0;0;1;0;1
0;0.0;0.07754107061922655;0.2833742833742834;0;0.5689619000485565;0.6;0.0;1;0;0;1
0;0.25;0.2605482487877436;0.24324324324324326;1;0.10359446290347264;0.2;0.0;0;1;0;0
4;0.16666666666666666;0.09275161274685767;0.0343980343980344;0;0.6635841302867581;0.2;0.0;0;1;0;1
4;0.5;0.06581565697375777;0.37346437346437344;1;0.5249527121228575;0.2;0.0;0;1;0;1
2;0.25;0.03753708391203127;0.6912366912366913;0;0.19192169747593493;0.2;0.0;0;1;0;0
4;0.16666666666666666;0.012428078945443085;0.4021294021294021;0;0.38632519340848326;0.4;0.0;0;0;1;0
4;0.16666666666666666;0.051641139166274296;0.35298935298935297;0;0.050358978628051804;0.6;1.0;0;0;1;1
2;0.16666666666666666;0.05932414783369631;0.4095004095004095;1;0.4324883651554309;0.2;0.0;0;0;1;0
4;0.8333333333333334;0.09339434810361574;0.3546273546273546;1;0.7327717612166386;0.4;0.0;0;1;0;1
4;0.4166666666666667;0.21857632729435328;0.22358722358722358;1;0.1351656743371528;0.4;0.0;0;1;0;0
2;0.3333333333333333;0.0692807070385494;0.4914004914004914;1;0.6468714516543821;0.2;0.0;0;1;0;0
4;0.08333333333333333;0.04191078088113593;0.3939393939393939;1;0.4018804587094459;0.2;0.0;0;1;0;1
0;0.16666666666666666;0.2297649559528588;0.3595413595413595;1;0.9011817652931905;0.4;0.0;0;1;0;1
3;0.25;0.14724291836512057;0.19656019656019655;1;0.32566882022580734;0.4;0.0;0;1;0;1
3;0.3333333333333333;0.04073975744208454;0.5700245700245701;1;0.422283092956943;0.2;0.0;0;0;1;1
1;0.4166666666666667;0.020254150780017313;0.4651924651924652;0;0.07792977834390226;0.2;0.0;0;1;0;1
4;0.4166666666666667;0.038199560877527114;0.26617526617526616;1;0.5778135927815751;0.2;0.0;0;1;0;0
4;0.3333333333333333;0.014615027833307924;0.5208845208845209;0;0.4264288876746147;0.4;0.0;0;1;0;0
3;0.08333333333333333;0.26000063519486916;0.2751842751842752;0;0.21506134511110542;0.6;0.0;0;1;0;1
4;0.16666666666666666;0.10519448344634186;0.2285012285012285;0;0.753941554718528;0.2;0.0;0;1;0;1
4;0.0;0.22152182771818543;0.2325962325962326;1;0.35480145254768664;0.4;0.0;0;1;0;0
3;0.16666666666666666;0.19095477197758673;0.06633906633906633;1;0.16214027877580783;0.4;0.0;0;1;0;0
4;0.16666666666666666;0.01843785739734635;0.43407043407043405;1;0.2715848819833543;0.6;1.0;0;1;0;1
4;0.3333333333333333;0.06504323494195745;0.056511056511056514;1;0.1974205742731765;0.4;0.0;0;0;1;0
4;0.16666666666666666;0.3980245929512138;0.15561015561015562;1;0.14622895235517733;0.0;0.0;0;1;0;0
3;0.3333333333333333;0.02956145684016323;0.01638001638001638;1;0.16582836532684295;0.0;0.0;0;1;0;1
4;0.25;0.005665709358231092;0.34234234234234234;1;0.5136871208168011;0.4;0.0;0;1;0;0
4;0.16666666666666666;0.047181619021549145;0.3316953316953317;0;0.6131903812480598;0.4;0.0;0;1;0;0
4;0.0;0.07951796214640479;0.30303030303030304;1;0.3462149259102549;0.6;0.0;0;0;1;1
4;0.08333333333333333;0.006328250465936181;0.18591318591318592;1;0.04339852573444384;0.4;0.0;0;1;0;1
4;0.3333333333333333;0.061828509019671504;0.16461916461916462;1;0.10494867365471337;0.4;0.0;0;1;0;0
2;0.16666666666666666;0.032447515971173284;0.43243243243243246;1;0.07272396258016248;0.4;0.0;0;0;1;0
3;0.25;0.02645735247120102;0.26617526617526616;1;0.510213935364485;0.4;0.0;0;1;0;0
0;0.25;0.03402265081522789;0.4086814086814087;0;0.2571339976490043;0.6;0.0;0;1;0;1
4;0.08333333333333333;0.012323098475739296;0.2113022113022113;0;0.25933399205755503;0.2;0.0;0;1;0;0
4;0.25;0.008803424901715309;0.38656838656838655;1;0.7439762181437771;0.2;0.0;0;1;0;1
2;0.25;0.1007339720531935;0.5700245700245701;0;0.37153718521912704;0.2;0.0;0;0;1;0
1;0.0;0.3285319319033823;0.45290745290745293;1;0.22899621059784855;0.0;0.0;0;1;0;0
2;0.0;0.1816771186680199;0.2891072891072891;1;0.08590775663128829;0.4;0.0;0;1;0;0
4;0.16666666666666666;0.19967277378780177;0.3988533988533989;0;0.27014106125449616;0.4;0.0;0;1;0;0
1;0.16666666666666666;0.14773055181275874;0.31695331695331697;0;0.4571048525395295;0.2;0.0;0;1;0;0
4;0.0;0.3474377452973041;0.3579033579033579;1;0.2229709413557048;0.4;0.0;0;1;0;0
4;0.08333333333333333;0.33448934512051903;0.30303030303030304;0;0.5967604539801693;0.2;0.0;0;1;0;0
3;0.3333333333333333;0.16754845867610507;0.33005733005733007;1;0.46000540203404056;0.4;1.0;0;1;0;0
4;0.25;0.13997059106636978;0.3914823914823915;0;0.33949274600898516;0.6;0.0;0;1;0;1
4;0.0;0.04045909848219423;0.1941031941031941;1;0.2960295893153117;0.4;1.0;0;0;1;0
2;0.16666666666666666;0.010566862352358656;0.19000819000819;1;0.12228776240729845;0.8;0.0;0;1;0;1
2;0.16666666666666666;0.010775380015287725;0.1294021294021294;1;0.34134737818975286;0.4;0.0;0;1;0;0
2;0.3333333333333333;0.1482270443052357;0.09418509418509419;0;0.14371664842682502;0.2;0.0;0;1;0;0
4;0.3333333333333333;0.003133196227407472;0.15724815724815724;1;0.2055087719730857;0.4;0.0;0;0;1;0
4;0.3333333333333333;0.18853369453847862;0.3824733824733825;1;0.9128332254259099;0.0;1.0;0;0;1;1
2;0.08333333333333333;0.05071932549398369;0.21048321048321048;1;0.49089846646750235;0.6;0.0;0;0;1;1
2;0.25;0.023662986441897856;0.4406224406224406;1;0.8050595726082656;0.4;0.0;0;1;0;1
0;0.6666666666666666;0.05818488251784295;0.361998361998362;0;0.27678727553212856;0.2;0.0;0;0;1;1
3;0.08333333333333333;0.13511358617110616;0.0343980343980344;1;0.6118073760184103;0.6;0.0;0;1;0;1
4;0.08333333333333333;0.03572918171321484;0.46355446355446356;0;0.20266442674774698;0.0;0.0;0;1;0;0
4;0.16666666666666666;0.021148978721471524;0.48976248976248976;1;0.7265363839138813;0.4;0.0;0;1;0;1
4;0.08333333333333333;0.14891396340515625;0.1941031941031941;1;0.7301864190530792;0.4;0.0;0;0;1;1
4;0.25;0.23648001292790166;0.4258804258804259;1;0.5338312636812634;0.4;0.0;0;0;1;0
3;0.5833333333333334;0.09793363986103794;0.21621621621621623;0;0.13245699686092585;0.0;0.0;0;0;1;1
4;0.25;0.08249459636910378;0.3726453726453726;1;0.7024088305590047;0.2;0.0;0;0;1;1
4;0.08333333333333333;0.15637105998048945;0.14987714987714987;0;0.41510691603116684;0.6;0.0;0;1;0;1
4;0.08333333333333333;0.1467124793247765;0.06306306306306306;1;0.14397822601441349;0.2;0.0;0;1;0;0
4;0.16666666666666666;0.0006312411294239496;0.294021294021294;0;0.27404268316694375;0.2;1.0;0;1;0;0
4;0.4166666666666667;0.03676763410924128;0.3366093366093366;1;0.3251467971159978;0.8;0.0;0;0;1;1
4;0.25;0.2990658063604216;0.2915642915642916;1;0.8002030887112608;0.4;0.0;0;1;0;1
2;0.16666666666666666;0.3586499180842308;0.16298116298116297;1;0.4225749774531436;0.4;0.0;0;0;1;0
4;0.08333333333333333;0.07936821006652652;0.2915642915642916;0;0.19005071393101408;0.4;0.0;0;1;0;0
1;0.0;0.09130152483006185;0.4004914004914005;1;0.1300649616875494;0.2;0.0;0;1;0;0
0;0.0;3,53E+09;0.3497133497133497;0;0.12293473518497781;0.4;0.0;0;1;0;0
3;0.25;0.12408017355696604;0.38656838656838655;1;0.42468768837000154;0.0;1.0;0;1;0;0
2;0.16666666666666666;0.026502255231456648;0.24651924651924653;1;0.5046695446395141;0.2;0.0;0;0;1;0
4;0.5;0.015159038165815025;0.5487305487305487;1;0.5801818664689938;0.2;1.0;0;1;0;1
2;0.5833333333333334;0.04036378144684149;0.1638001638001638;1;0.08121189598309199;0.0;0.0;0;1;0;1
4;0.16666666666666666;0.12157934421305196;0.43652743652743653;1;0.622556284755543;0.2;0.0;0;1;0;0
2;0.3333333333333333;0.06371915115992333;0.5503685503685504;0;0.04272036172905219;0.4;1.0;0;1;0;0
4;0.3333333333333333;0.04770143005757013;0.4357084357084357;0;0.16805960958614086;0.2;0.0;0;1;0;0
3;0.0;0.1443086287882347;0.3235053235053235;0;0.2847684256613304;0.0;0.0;0;1;0;0
2;0.16666666666666666;0.18691571927810097;0.2702702702702703;0;0.5164689722159277;0.4;0.0;0;0;1;0
4;0.25;0.226259826881508;0.5266175266175266;0;0.4282522691907653;0.2;0.0;0;1;0;0
4;0.25;0.06539367996357172;0.12366912366912367;1;0.6651559081958115;1.0;0.0;0;1;0;1
4;0.0;0.14071011364990751;0.19737919737919737;0;0.7226379041417897;0.6;0.0;0;1;0;1
2;0.16666666666666666;0.24078865043173459;0.2915642915642916;0;0.06998864376265888;0.2;1.0;0;1;0;0
1;0.3333333333333333;0.2665122255611841;0.5593775593775594;0;0.05876319722323686;0.2;0.0;0;1;0;1
3;0.08333333333333333;0.07531548874077304;0.41850941850941853;1;0.4218021969601617;0.0;0.0;0;1;0;0
4;0.16666666666666666;0.048778076360436885;0.1981981981981982;1;0.14664077303651898;0.0;0.0;0;1;0;0
4;0.25;0.2563401476117454;0.30548730548730546;1;0.13415587349708263;0.4;0.0;0;1;0;0
4;0.16666666666666666;0.033648908200333616;0.25634725634725636;1;0.44765355147919506;0.2;0.0;0;1;0;0
4;0.25;0.1772680888382131;0.24078624078624078;1;0.6586944873002736;0.2;0.0;0;0;1;1
2;0.4166666666666667;0.2662054545101924;0.5167895167895168;0;0.5183818758851828;0.4;0.0;0;0;1;1
2;0.16666666666666666;0.14969545054458447;0.13185913185913187;1;0.5609633152148921;0.2;0.0;0;1;0;1
2;0.3333333333333333;0.1266636389721105;0.61998361998362;1;0.34089507543347647;0.2;0.0;0;1;0;0
4;0.3333333333333333;0.0057170646580049;0.49221949221949224;0;0.05307889803560308;0.0;0.0;0;1;0;0
4;0.08333333333333333;0.025243131024975173;0.5356265356265356;1;0.2994198181286226;0.2;0.0;0;1;0;0
4;0.16666666666666666;0.12213770921563347;0.2809172809172809;1;0.3707658780998013;0.0;0.0;0;0;1;0
4;0.25;0.1710626343186776;0.3325143325143325;1;0.11395722028253251;0.2;0.0;0;0;1;0
3;0.3333333333333333;0.007217281452589621;0.12203112203112203;1;0.5987110208002208;0.4;1.0;0;1;0;1
0;0.16666666666666666;0.0020716223185983664;0.2710892710892711;1;0.5985070473133871;0.2;0.0;0;1;0;0
3;0.25;0.04146189819742798;0.43734643734643736;1;0.4086788945822869;0.2;0.0;0;1;0;0
0;0.3333333333333333;0.11514898058376773;0.5692055692055692;1;0.0418917379210215;0.4;1.0;0;1;0;1
2;0.5833333333333334;0.0797677894456886;0.17526617526617527;1;0.20489813284663283;0.4;0.0;0;0;1;1
4;0.08333333333333333;0.0008644859195505774;0.2964782964782965;0;0.7081092463387044;0.2;0.0;0;1;0;1
4;0.0;0.01822474044322075;0.3316953316953317;1;0.40447464537468;0.0;0.0;0;1;0;0
4;0.16666666666666666;0.15516357888269777;0.12776412776412777;1;0.2079901818947183;0.2;0.0;0;1;0;0
4;0.3333333333333333;0.039245660880304824;0.4537264537264537;1;0.5439469930559823;0.2;0.0;0;1;0;0
4;0.3333333333333333;0.013799240389379302;0.23832923832923833;1;0.5309903455007717;0.0;0.0;0;1;0;0
4;0.08333333333333333;0.0057388984962377515;0.32432432432432434;1;0.3738027558901994;0.6;0.0;0;1;0;1
4;0.3333333333333333;0.2113464205493974;0.28255528255528256;0;0.451001856055906;0.2;1.0;0;1;0;1
2;0.5;0.0709219658676795;0.22768222768222768;0;0.35060826865825134;0.0;0.0;0;0;1;1
4;0.3333333333333333;0.07787673595890245;0.35544635544635544;0;0.4435981168042865;0.6;0.0;0;0;1;1
4;0.16666666666666666;0.006974044882464378;0.32104832104832104;0;0.3991092772053132;0.2;0.0;0;1;0;0
4;0.5;0.07454230939197849;0.29565929565929566;1;0.6281222101068548;0.4;0.0;0;0;1;1
3;0.08333333333333333;0.11540565383995445;0.2375102375102375;1;0.30376725291540435;0.2;0.0;0;1;0;0
2;0.16666666666666666;0.0145085590357705;0.4086814086814087;1;0.3016311701701853;0.4;0.0;0;0;1;0
4;0.08333333333333333;0.25896789493982647;0.6273546273546273;1;0.2009119970530432;0.2;0.0;0;0;1;0
4;0.16666666666666666;0.17010967398810758;0.37919737919737917;1;0.21216434885838878;0.2;0.0;0;1;0;1
4;0.3333333333333333;0.18006200718590634;0.5200655200655201;0;0.6848588822090965;0.2;0.0;0;0;1;1
3;0.08333333333333333;0.0854972772986534;0.1285831285831286;0;0.019160786138016386;0.2;0.0;0;1;0;0
4;0.08333333333333333;0.04514374430073873;0.3824733824733825;1;0.0964635290068814;0.4;1.0;0;1;0;0
4;0.08333333333333333;0.11374670772825816;0.1769041769041769;0;0.12821210927401033;0.4;0.0;0;1;0;0
4;0.3333333333333333;0.028344789219096136;0.11466011466011466;0;0.41545609244424186;0.2;0.0;0;0;1;0
4;0.3333333333333333;0.016309786963484504;0.23587223587223588;0;0.5962889159244561;0.4;0.0;0;0;1;0
4;0.08333333333333333;0.08592966294785688;0.552006552006552;1;0.14332742704999543;0.0;0.0;0;1;0;0
4;0.5;0.07239752542821722;0.5126945126945127;1;0.5173147971542547;0.0;0.0;0;1;0;1
3;0.5;0.018050475308613884;0.3963963963963964;1;0.4173707320126323;0.0;0.0;0;1;0;1
4;0.16666666666666666;0.08403544700612092;0.10565110565110565;0;0.4744596191031892;0.2;0.0;1;0;0;0
3;0.4166666666666667;0.08790841627284984;0.32432432432432434;1;0.29426239258684794;0.2;0.0;0;1;0;0
4;0.25;0.22824446372031373;0.4062244062244062;0;0.32073656909873144;0.2;1.0;0;0;1;0
2;0.25;0.15835623527252302;0.3857493857493858;1;0.3430836242594489;0.2;0.0;0;1;0;0
4;0.6666666666666666;0.02722936801770385;0.054873054873054876;1;0.4030107598711281;0.4;0.0;0;1;0;1
3;0.5;0.18946043752901195;0.21048321048321048;1;0.27672442275535847;0.4;0.0;0;1;0;1
2;0.3333333333333333;0.3864981466070071;0.3464373464373464;0;0.14216411205841958;0.2;0.0;1;0;0;0
0;0.16666666666666666;0.1402346259168954;0.44471744471744473;0;0.39884710095752296;0.6;0.0;0;1;0;1
0;0.4166666666666667;0.17200290551307645;0.0;0;0.3502430539511148;0.4;0.0;0;0;1;1
0;0.25;0.03440463239968413;0.33005733005733007;0;0.4822423120144052;0.6;1.0;0;1;0;1
2;0.0;0.5358167649606798;0.38001638001638;1;0.4089380150482753;0.2;0.0;0;1;0;0
2;0.16666666666666666;0.021523402209300196;0.4954954954954955;1;0.4506319351438527;0.2;0.0;0;0;1;0
4;0.0;0.1545631614172254;0.4701064701064701;1;0.06075535882535182;0.4;1.0;0;0;1;0
4;0.08333333333333333;0.05588560681586216;0.4520884520884521;1;0.27271212836768594;0.2;0.0;0;0;1;1
4;0.3333333333333333;0.04904462367425756;0.22604422604422605;1;0.344703590333856;0.2;0.0;0;1;0;0
4;0.6666666666666666;0.03728239032911666;0.044226044226044224;1;0.476968873009569;0.0;1.0;0;1;0;1
2;0.25;0.06465627629933259;0.29238329238329236;0;0.4845249094188226;0.2;0.0;0;1;0;0
1;0.25;0.17404391336611055;0.5208845208845209;1;0.1366016868561197;0.4;0.0;0;1;0;0
4;0.25;0.3147894977782219;0.5847665847665847;1;0.6405324799229366;0.4;1.0;1;0;0;0
4;0.3333333333333333;0.05982146208907511;0.47338247338247336;0;0.5855028384966089;0.6;0.0;0;1;0;1
4;0.25;0.11727404556664754;0.4266994266994267;1;0.2393148278848176;0.2;1.0;0;1;0;0
4;0.4166666666666667;0.1726425705652152;0.41850941850941853;0;0.3482537754812298;0.2;0.0;0;1;0;0
3;0.25;0.011621026808552995;0.26535626535626533;1;0.45139326170498734;0.4;0.0;0;1;0;0
4;0.16666666666666666;0.3596088071739892;0.33497133497133497;1;0.3088508390615729;0.4;0.0;0;1;0;0
1;0.5;0.026388952053081064;0.6298116298116299;1;0.05943650816627881;0.6;1.0;0;1;0;1
3;0.3333333333333333;0.2743198216410895;0.2022932022932023;1;0.1174830293474448;0.2;0.0;0;1;0;0
1;0.08333333333333333;0.4797944652550288;0.6208026208026208;1;0.15843125935941274;0.4;0.0;0;1;0;0
4;0.25;0.01170367246597078;0.30384930384930386;1;0.7653472344049709;0.2;0.0;1;0;0;1
3;0.16666666666666666;0.24834222618074794;0.5741195741195741;1;0.6375971231602259;0.6;1.0;0;1;0;1
1;0.08333333333333333;0.11388823895124374;0.12612612612612611;1;0.1307800251425441;0.2;0.0;0;1;0;0
4;0.4166666666666667;0.18945720742058333;0.45290745290745293;0;0.14480705953199144;0.4;0.0;1;0;0;0
4;0.16666666666666666;0.012784109399338241;0.23587223587223588;1;0.40742433966070024;0.2;0.0;0;0;1;0
3;0.08333333333333333;0.19991642537036125;0.12448812448812449;0;0.2766225717594357;0.2;0.0;1;0;0;0
2;0.16666666666666666;0.1093720148087318;0.3923013923013923;1;0.4489339008832197;0.2;0.0;1;0;0;1
2;0.3333333333333333;0.07944356879105155;0.5217035217035217;1;0.225710345176254;0.4;0.0;0;1;0;0
3;0.3333333333333333;0.09128702391156676;0.21867321867321868;1;0.1406829634659725;0.0;0.0;0;1;0;0
1;0.5;0.1517442929711946;0.11138411138411139;0;0.1202807569089046;0.6;0.0;0;1;0;1
3;0.16666666666666666;0.039241704145031864;0.3415233415233415;1;0.369737466257601;0.2;0.0;0;1;0;1
4;0.0;0.3196139070382498;0.34234234234234234;0;0.5416126625661326;1.0;0.0;0;0;1;1
3;0.16666666666666666;0.04083724931330189;0.44635544635544633;1;0.37781332040671495;0.4;0.0;0;1;0;0
4;0.0;0.2331715340111696;0.5118755118755118;0;0.21676239459227725;0.2;0.0;0;0;1;0
4;0.3333333333333333;0.0012862986025343947;0.34725634725634724;1;0.21854913631873552;0.2;0.0;0;0;1;1
4;0.25;0.2761704758259098;0.6609336609336609;0;0.3527556563992051;0.4;0.0;0;1;0;0
3;0.3333333333333333;0.2121945019866628;0.3931203931203931;1;0.08867408667171939;0.0;1.0;0;0;1;0
2;0.5;0.014683966596230797;0.29975429975429974;0;0.6030474008188763;0.4;0.0;0;1;0;1
4;0.3333333333333333;0.1485066212007111;0.09254709254709255;1;0.49166346793577287;0.4;0.0;0;1;0;0
2;0.6666666666666666;0.05206907118982625;0.31367731367731366;1;0.44760600609285756;0.2;0.0;0;0;1;1
1;0.16666666666666666;0.07264366484852637;0.3013923013923014;0;0.348730706035854;0.4;0.0;0;1;0;0
3;0.08333333333333333;0.00783702315944279;0.5143325143325144;0;0.22376911366753138;0.6;1.0;0;0;1;1
3;0.16666666666666666;0.026521745788089177;0.43243243243243246;1;0.5380298296491078;0.6;0.0;0;1;0;1
4;0.5;0.34168227796251927;0.1638001638001638;0;0.11338210529103143;0.6;0.0;0;1;0;1
4;0.0;0.060148302099619765;0.38493038493038495;1;0.2547704821713649;0.2;1.0;0;0;1;0
3;0.5833333333333334;0.002865148132072928;0.4668304668304668;0;0.44698082665580013;0.4;0.0;0;1;0;1
4;0.25;0.0804621187122205;0.6068796068796068;0;0.08737722690726811;0.2;1.0;0;1;0;0
4;0.0;0.582958391892485;0.502047502047502;1;0.7202335120632117;0.6;0.0;0;1;0;1
3;0.3333333333333333;0.04495993342549226;0.48157248157248156;1;0.3039649320058824;0.0;0.0;0;0;1;0
1;0.25;0.01686923825398196;0.3669123669123669;1;0.8009543645339257;0.2;0.0;0;1;0;1
3;0.08333333333333333;0.11471058425795236;0.4201474201474201;1;0.43253739258843477;0.2;0.0;0;0;1;0
2;0.5;0.28071745634206924;0.561015561015561;0;0.3522627553345293;0.2;0.0;0;1;0;1
4;0.4166666666666667;0.21802059760102419;0.13841113841113842;1;0.4250560502532372;0.4;0.0;0;1;0;0
4;0.16666666666666666;0.1189851982032121;0.29975429975429974;1;0.4712219631872783;0.2;0.0;0;0;1;0
4;0.25;0.02257576495473125;0.23013923013923013;1;0.015602219308940145;0.6;0.0;0;1;0;1
3;0.25;0.1706305747395986;0.41850941850941853;0;0.18645294867377468;0.4;0.0;0;1;0;0
4;0.6666666666666666;0.1927411719933958;0.5585585585585585;0;0.3950140399599912;0.4;0.0;0;0;1;1
4;0.25;0.2106829607508711;0.2588042588042588;0;0.34479801724720904;0.2;0.0;0;0;1;0
3;0.16666666666666666;0.057501962383756634;0.0;1;0.5893101267506258;0.2;0.0;0;1;0;0
4;0.0;0.058423754065355354;0.2891072891072891;1;0.3381799640666237;0.6;1.0;0;1;0;1
4;0.16666666666666666;0.01869063819580151;0.5061425061425061;1;0.4190678759431141;0.2;0.0;0;0;1;1
4;0.25;0.16476478628389124;0.44471744471744473;1;0.44137838353898;0.4;0.0;0;0;1;0
3;0.25;0.1486349728437401;0.4266994266994267;1;0.3105979466921249;0.2;0.0;0;0;1;0
3;0.08333333333333333;0.011622700949904896;0.31122031122031124;1;0.325119320693846;0.4;0.0;0;1;0;0
2;0.16666666666666666;0.002193599155625172;0.14742014742014742;1;0.12312831742401412;0.2;0.0;1;0;0;0
4;0.16666666666666666;0.3371523534557947;0.44144144144144143;0;0.632712619729278;0.8;1.0;0;1;0;1
2;0.0;0.0018686507517931856;0.2203112203112203;1;0.17906665182499418;0.2;0.0;0;1;0;1
3;0.25;0.11013761995457313;0.7141687141687142;1;0.6279886451574404;0.2;1.0;0;1;0;1
3;0.0;0.06718931747713168;0.45045045045045046;0;0.4434310474745956;0.0;0.0;0;1;0;1
4;0.5833333333333334;0.16710285921569495;0.26126126126126126;1;0.42763201918835825;0.6;0.0;0;1;0;1
4;0.08333333333333333;0.010146788725140316;0.25634725634725636;0;0.21282308923333387;0.4;0.0;0;1;0;0
1;0.3333333333333333;0.1275406507155907;0.3415233415233415;1;0.09239357828894618;0.2;1.0;0;1;0;1
2;0.0;0.10611983716693442;0.3177723177723178;1;0.7392054526095015;0.2;0.0;0;1;0;1
2;0.25;0.21371646066193153;0.5397215397215397;1;0.09079823358887402;0.2;0.0;0;1;0;0
0;0.25;0.0812604992822613;0.38738738738738737;1;0.36611462193809596;0.2;0.0;0;1;0;0
1;0.25;0.14491484223763929;0.23669123669123668;0;0.576135863145897;0.2;0.0;0;1;0;1
4;0.16666666666666666;0.06396611301558008;0.6666666666666666;1;0.3578728218996959;0.4;1.0;0;1;0;0
4;0.16666666666666666;0.45989013053553557;0.36445536445536447;0;0.054509987945810606;0.6;0.0;0;1;0;1
3;0.3333333333333333;0.09112992935926546;0.4823914823914824;0;0.31813574192639915;0.2;0.0;0;1;0;0
2;0.5;0.1557661417362899;0.2571662571662572;0;0.15388817491250675;0.2;0.0;1;0;0;1
3;0.5;0.010783619528904633;0.41605241605241605;1;0.24627031514638834;0.0;0.0;0;0;1;1
3;0.3333333333333333;0.06906114943653184;0.40786240786240785;1;0.2686978076857233;0.2;0.0;0;0;1;0
4;0.4166666666666667;0.007341697061352236;0.0475020475020475;0;0.17046263980408033;0.2;1.0;0;1;0;0
4;0.08333333333333333;0.014370680728638712;0.6871416871416871;1;0.8796829432119416;0.2;0.0;0;1;0;1
4;0.0;0.07842886412186963;0.5683865683865684;0;0.3339548881674927;0.0;0.0;0;1;0;0
4;0.3333333333333333;0.04825775887412116;0.2915642915642916;1;0.30041850296921463;0.0;0.0;0;0;1;0
4;0.16666666666666666;0.06845537352789276;0.1760851760851761;1;0.3021087237106461;0.2;1.0;0;1;0;0
4;0.4166666666666667;0.07620032325533964;0.4135954135954136;1;0.12572896609584222;0.4;0.0;0;1;0;0
4;0.0;0.01929720775164005;0.371007371007371;1;0.5485229825290707;0.2;0.0;0;1;0;0
4;0.3333333333333333;0.050606094623490264;0.4152334152334152;1;0.17579774267413725;0.4;0.0;0;1;0;0
4;0.16666666666666666;0.21917045972397853;0.3882063882063882;0;0.32345513620511657;0.4;0.0;1;0;0;0
3;0.25;0.21603315955392732;0.4398034398034398;1;0.4494831734105233;0.4;0.0;0;0;1;0
4;0.3333333333333333;0.07498638852572755;0.5937755937755937;1;0.5759693997231917;0.0;1.0;0;0;1;0
4;0.16666666666666666;0.15380029702532402;0.44963144963144963;0;0.5949700186533811;0.4;0.0;0;1;0;0
3;0.16666666666666666;0.1557722557597792;0.1850941850941851;1;0.34208454181618425;0.2;0.0;0;0;1;0
2;0.16666666666666666;0.004949620376965075;0.5798525798525799;0;0.40930372170677515;0.6;0.0;0;1;0;1
4;0.3333333333333333;0.10495526470710065;0.6257166257166257;1;0.2006113334823256;0.6;0.0;0;0;1;1
4;0.3333333333333333;0.18155552247768567;0.8730548730548731;1;0.09310545394915928;0.2;0.0;0;1;0;0
4;0.08333333333333333;0.10021915927481205;0.17280917280917282;1;0.30487084808291615;0.4;0.0;0;1;0;0
3;0.25;0.08670896529871538;0.3963963963963964;1;0.6954214306715963;0.2;1.0;0;1;0;1
2;0.3333333333333333;0.08422797268930754;0.015561015561015561;1;0.5137412803224319;0.2;0.0;0;1;0;0
4;0.8333333333333334;0.07883826472476307;0.44717444717444715;0;0.20773352381991533;0.8;0.0;0;0;1;1
0;0.25;0.1675510014327697;0.266994266994267;1;0.18263308107908427;0.2;0.0;1;0;0;0
4;0.25;0.11436115695723063;0.6715806715806716;1;0.28395394722810713;0.4;0.0;0;1;0;0
4;0.25;0.026936410032407865;0.23013923013923013;1;0.4116018156731951;0.4;1.0;0;1;0;0
1;0.25;0.06313144290157456;0.08026208026208026;1;0.3505317044494334;0.6;0.0;0;1;0;1
2;0.0;0.08361481172945798;0.27927927927927926;1;0.42886204023412905;0.0;0.0;0;0;1;0
4;0.6666666666666666;0.06033970209225128;0.03276003276003276;1;0.16228102332787345;0.6;0.0;0;1;0;1
3;0.0;0.030112793288976376;0.4799344799344799;1;0.5110121276437096;0.4;0.0;0;1;0;0
4;0.5;0.014755171026079253;0.018018018018018018;0;0.4771776077814647;0.8;0.0;0;1;0;1
4;0.08333333333333333;0.01381482192306901;0.36117936117936117;1;0.3584602203071397;0.4;0.0;0;1;0;1
0;0.3333333333333333;0.03902823015971857;0.01638001638001638;1;0.3599562898419627;0.4;0.0;0;0;1;0
3;0.08333333333333333;0.05726213234135639;0.30384930384930386;1;0.4928258785226289;0.2;0.0;0;1;0;0
3;0.16666666666666666;0.12771736374428505;0.6257166257166257;1;0.36406501805219477;0.2;0.0;0;1;0;0
2;0.25;0.46660600857328;0.41605241605241605;1;0.4333899619706099;0.4;0.0;0;0;1;0
3;0.16666666666666666;0.2532291613296949;0.2153972153972154;1;0.9098311363671637;0.2;0.0;0;1;0;1
4;0.25;0.1869023950601236;0.35135135135135137;0;0.269956373862404;0.6;0.0;0;1;0;1
4;0.3333333333333333;0.18692526504675278;0.3595413595413595;1;0.2372156233403913;0.4;0.0;0;1;0;0
1;0.08333333333333333;0.10079441490000776;0.43407043407043405;0;0.41237973335150824;0.2;1.0;0;1;0;0
2;0.25;0.03235024077789179;0.13267813267813267;1;0.5997413371560963;0.6;1.0;0;1;0;1
1;0.5833333333333334;0.07097973020953509;0.4537264537264537;1;0.49410714742147754;0.2;1.0;1;0;0;1
4;0.25;0.0170430472397087;0.0;1;0.4702095637036996;0.4;0.0;0;0;1;0
4;0.3333333333333333;0.09291693201563839;0.2538902538902539;0;0.4645439188206938;0.4;0.0;0;0;1;0
3;0.25;0.0025195777422342956;0.27682227682227684;1;0.08297100441207932;0.2;0.0;0;0;1;0
3;0.16666666666666666;0.023303370919603526;0.46027846027846026;1;0.06903393654854643;0.2;0.0;0;1;0;0
4;0.3333333333333333;0.13854935558196468;0.36036036036036034;1;0.37154656789202234;0.0;0.0;0;1;0;0
4;0.3333333333333333;0.036003007570905125;0.12612612612612611;1;0.1791577179109021;0.6;0.0;0;1;0;1
4;0.16666666666666666;0.060533544862916955;0.19574119574119575;1;0.35150242420073613;0.0;0.0;0;0;1;1
4;0.16666666666666666;0.19844851220270715;0.389025389025389;0;0.06660127876617528;0.2;0.0;0;1;0;0
0;0.5;0.005002163794574515;0.343980343980344;1;0.5595746295972898;0.4;0.0;0;1;0;1
4;0.16666666666666666;0.002489210370273302;0.2620802620802621;1;0.3787013543144625;0.2;0.0;0;1;0;0
4;0.4166666666666667;0.028865549628989386;0.27764127764127766;1;0.38638230860643474;0.4;0.0;0;1;0;1
4;0.08333333333333333;0.12826808375693993;0.47092547092547093;1;0.37363438429111356;0.4;0.0;0;1;0;0
4;0.25;0.029899826679713557;0.2719082719082719;1;0.2527919975201576;0.4;0.0;0;0;1;0
4;0.16666666666666666;0.2216734486472086;0.34234234234234234;1;0.4141601538598816;0.4;0.0;0;1;0;0
4;0.08333333333333333;0.04817934245595397;0.7117117117117117;0;0.4387135427409287;0.2;0.0;0;0;1;1
4;0.3333333333333333;0.03702616350242487;0.12366912366912367;1;0.1684909583511847;0.6;1.0;0;1;0;1
4;0.16666666666666666;0.02943356327495016;0.05323505323505324;1;0.10943164076349206;0.4;0.0;0;0;1;0
3;0.0;0.09486888765677536;0.48484848484848486;0;0.5366359891827178;0.2;0.0;0;0;1;0
4;0.16666666666666666;0.21580083940208566;0.2457002457002457;0;0.3100843208801294;0.2;1.0;0;0;1;0
4;0.16666666666666666;0.05789859945374757;0.3046683046683047;0;0.52936738148749;0.4;0.0;0;1;0;0
3;0.08333333333333333;0.03231410966575349;0.2285012285012285;1;0.03599437174136253;0.0;0.0;0;1;0;0
4;0.3333333333333333;0.06070709022597054;0.3144963144963145;1;0.31845720002366146;0.4;0.0;0;1;0;0
3;0.0;0.2615942097863525;0.6183456183456183;0;0.34493255589984795;0.4;0.0;0;1;0;0
4;0.3333333333333333;0.04524664373321884;0.4881244881244881;0;0.29926831276040716;0.2;0.0;0;1;0;0
4;0.16666666666666666;0.1185838167911707;0.49795249795249796;1;0.24614210957083482;0.2;0.0;0;0;1;1
4;0.16666666666666666;0.044447273748319985;0.12448812448812449;1;0.2462072344986242;0.4;1.0;0;1;0;0
3;0.3333333333333333;0.12490426300502691;0.1678951678951679;0;0.24747019528487457;0.0;0.0;0;1;0;0
4;0.08333333333333333;0.23678765157027212;0.0;1;0.3737677334772002;0.4;0.0;0;1;0;0
4;0.4166666666666667;0.10148348404517743;0.2244062244062244;0;0.3867312703358782;0.0;0.0;0;0;1;0
4;0.25;0.3277058918011544;0.5135135135135135;1;0.253952831255382;0.6;0.0;1;0;0;1
4;0.4166666666666667;0.10230650397239792;0.44144144144144143;0;0.035723764208687725;0.6;0.0;0;1;0;1
1;0.08333333333333333;0.40983117570875843;0.3202293202293202;0;0.3799250681714428;0.4;0.0;0;1;0;0
4;0.4166666666666667;0.1430623109513892;0.35298935298935297;1;0.10365295234856263;0.4;0.0;0;0;1;0
4;0.25;0.11763131851020778;0.24406224406224405;1;0.22281469798319922;0.2;1.0;0;1;0;0
4;0.8333333333333334;0.19698225806360004;0.38984438984438985;1;0.3014088708292792;0.6;0.0;0;1;0;1
3;0.5833333333333334;0.0011716181451546775;0.4823914823914824;1;0.14240855514194534;0.2;0.0;0;0;1;1
2;0.25;0.03302080573614919;0.09172809172809172;1;0.09705686964304831;0.4;0.0;1;0;0;0
4;0.16666666666666666;0.027019807027037837;0.40540540540540543;0;0.30456064329223076;0.4;0.0;0;1;0;0
4;0.16666666666666666;0.013009195406247426;0.5094185094185094;0;0.11694031149945833;0.4;0.0;0;1;0;0
4;0.25;0.30894042915312026;0.2882882882882883;1;0.25948163392440116;0.2;0.0;0;1;0;0
4;0.08333333333333333;0.015554014152814374;0.47174447174447176;1;0.678909033430862;0.2;0.0;0;1;0;1
2;0.16666666666666666;0.03386095763009766;0.8173628173628174;1;0.4947337623488201;0.4;0.0;0;1;0;1
4;0.16666666666666666;0.04535142911967509;0.33988533988533987;0;0.19835345220821002;0.4;1.0;0;1;0;0
1;0.16666666666666666;0.10895436203839107;0.42096642096642095;0;0.41717375650563737;0.4;1.0;0;1;0;0
2;0.0;0.16223734429676273;0.23587223587223588;0;0.3086052076370451;0.4;0.0;0;1;0;0
4;0.5;0.10319204231658279;0.38656838656838655;1;0.3664207918938027;0.4;0.0;0;1;0;1
4;0.5;0.1537153099335221;0.43243243243243246;0;0.5295913022835804;0.4;0.0;0;1;0;1
4;0.3333333333333333;0.05716327654350064;0.3882063882063882;1;0.4125930389486051;0.6;0.0;0;1;0;1
4;0.25;0.6082847736691855;0.19000819000819;1;0.29044152705279236;0.2;1.0;0;1;0;1
1;0.0;0.02067522718161009;0.3906633906633907;1;0.40015487481476436;0.2;0.0;0;1;0;0
4;0.16666666666666666;0.05672419408277034;0.5962325962325963;1;0.1452146666674058;0.6;0.0;0;1;0;1
0;0.16666666666666666;0.19852940332753738;0.42997542997543;0;0.4083302989292071;0.2;0.0;0;0;1;1
3;0.25;0.031460459326799466;0.5143325143325144;1;0.2621895035042614;0.0;0.0;0;1;0;0
4;0.16666666666666666;0.15455554332800098;0.3177723177723178;1;0.09400147600885514;0.0;0.0;1;0;0;0
3;0.16666666666666666;0.050334293759239604;0.47911547911547914;1;0.5207693843996797;0.0;1.0;0;1;0;0
4;0.16666666666666666;0.021685872283172633;0.4021294021294021;1;0.28082517789031675;0.2;1.0;0;1;0;0
3;0.25;0.05738985849061233;0.20065520065520065;1;0.024855670226487714;0.2;0.0;0;1;0;0
4;0.5833333333333334;0.17085196808580932;0.4086814086814087;0;0.1841833482857124;0.4;1.0;0;1;0;1
2;0.3333333333333333;0.013141563090787161;0.1941031941031941;1;0.4374757173354834;0.2;1.0;0;0;1;0
2;0.4166666666666667;0.08069720018772532;0.25307125307125306;1;0.14724812803704318;0.2;0.0;0;0;1;0
4;0.5833333333333334;0.15039772577479799;0.38738738738738737;1;0.6609520965426303;0.4;0.0;1;0;0;1
4;0.08333333333333333;0.15488158680344652;0.40540540540540543;1;0.4879296788525371;0.8;0.0;0;1;0;1
4;0.3333333333333333;0.05485412229276461;0.16216216216216217;1;0.2295942053085696;0.2;1.0;0;1;0;0
3;0.3333333333333333;0.0698264389419233;0.5290745290745291;0;0.4313412933074389;0.0;0.0;0;1;0;0
4;0.0;0.21615347675980426;0.45045045045045046;0;0.5518132624697658;0.4;0.0;0;1;0;0
4;0.25;0.02593041054190517;0.2416052416052416;1;0.6224548763560301;0.2;0.0;0;1;0;0
4;0.5;0.5457253350475644;0.10483210483210484;1;0.5045427766308852;0.2;0.0;0;0;1;1
2;0.3333333333333333;0.06039454295687472;0.3333333333333333;1;0.31369352407631834;0.2;0.0;0;0;1;0
3;0.16666666666666666;0.03578149072036546;0.2833742833742834;0;0.24229954602566206;0.4;0.0;0;1;0;0
2;0.3333333333333333;0.0002200573416645945;0.3751023751023751;1;0.17711717869348434;0.2;1.0;0;1;0;0
2;0.08333333333333333;0.014791075442816578;0.2972972972972973;0;0.3218933320231878;0.8;0.0;0;1;0;1
4;0.08333333333333333;0.15711505607068085;0.027846027846027847;1;0.25686753068395035;0.0;0.0;0;1;0;0
2;0.3333333333333333;0.11649709388794457;0.2932022932022932;1;0.39148611557978313;0.0;0.0;0;1;0;0
3;0.25;0.03142297532375069;0.3063063063063063;0;0.4017901744046724;0.6;0.0;0;0;1;1
4;0.25;0.29115468919247844;0.46027846027846026;1;0.304818121643776;0.2;1.0;0;1;0;0
0;0.25;0.20087792172274824;0.24242424242424243;1;0.3522735270716572;0.2;0.0;0;1;0;0
4;0.0;0.03483684911405419;0.6314496314496314;0;0.7298972403147164;0.0;0.0;0;1;0;1
4;0.6666666666666666;0.044505115290380384;0.043407043407043405;1;0.3270166947932701;0.2;0.0;0;1;0;1
4;0.08333333333333333;0.022658467664232986;0.5716625716625716;1;0.6329563115414145;0.4;0.0;0;0;1;0
3;0.3333333333333333;0.11440055145580774;0.3202293202293202;1;0.6841236010201882;0.0;0.0;0;1;0;1
4;0.3333333333333333;0.1343159399455812;0.49713349713349714;1;0.1975446256189954;0.4;0.0;1;0;0;1
4;0.08333333333333333;0.05600743336744399;0.36936936936936937;1;0.07136682393971255;0.4;0.0;0;1;0;0
2;0.08333333333333333;0.1486063848229177;0.542997542997543;1;0.5065893074161526;0.4;0.0;0;0;1;1
4;0.16666666666666666;0.531294348737664;0.2932022932022932;1;0.5834160333463584;0.2;1.0;0;1;0;1
4;0.3333333333333333;0.10525792977507578;0.1769041769041769;0;0.6947840598108713;0.2;0.0;0;1;0;1
3;0.8333333333333334;0.11651391232090974;0.5896805896805897;0;0.2633597996308197;0.6;0.0;0;0;1;1
4;0.4166666666666667;0.05202060286946878;0.33824733824733827;0;0.722702429865638;0.0;0.0;0;0;1;1
3;0.16666666666666666;0.0011146525144737037;0.3931203931203931;0;0.4098400267420523;0.4;0.0;0;0;1;1
4;0.25;0.3423451573261379;0.5585585585585585;1;0.572952063662051;0.2;0.0;0;1;0;0
4;0.16666666666666666;0.16459747835996105;0.18755118755118755;1;0.5541757068724795;0.4;0.0;1;0;0;0
4;0.25;0.13226155979274126;0.45454545454545453;0;0.2517479244809729;0.2;0.0;1;0;0;0
4;0.0;0.0032978435161385667;0.26044226044226043;1;0.5194903760204114;0.2;0.0;0;1;0;1
4;0.16666666666666666;0.1582648194123221;0.33497133497133497;0;0.26563583189504886;0.2;0.0;0;0;1;0
4;0.16666666666666666;0.12331677930661795;0.36855036855036855;0;0.2962060641710728;0.2;0.0;0;1;0;0
4;0.08333333333333333;0.09355404714079148;0.11056511056511056;1;0.4088861332533203;0.4;0.0;0;1;0;0
3;0.16666666666666666;0.10865028044420591;0.22932022932022933;0;0.16100436061193316;0.4;0.0;0;1;0;1
3;0.3333333333333333;0.2787119703869833;0.5782145782145782;1;0.7324700925646487;0.4;1.0;1;0;0;1
4;0.08333333333333333;0.0006773815781499913;0.502047502047502;0;0.30937890928961664;0.6;0.0;0;1;0;1
4;0.16666666666666666;0.018929941559001497;0.3464373464373464;1;0.24418169300532191;0.4;0.0;0;1;0;1
4;0.5;0.2504471689987607;0.3963963963963964;1;0.5352519172678647;0.4;1.0;0;1;0;1
4;0.25;0.0008478079450088671;0.30876330876330876;1;0.2705731837415974;0.2;0.0;0;1;0;0
3;0.3333333333333333;0.26025414619847187;0.579033579033579;0;0.11605181047038253;0.2;0.0;0;1;0;0
3;0.08333333333333333;0.0032773504181168324;0.3235053235053235;1;0.09170347300572904;0.4;0.0;0;1;0;0
4;0.08333333333333333;0.16806896639576627;0.39475839475839475;0;0.5615516465889183;0.0;0.0;0;0;1;0
1;0.4166666666666667;0.24646579885611883;0.5446355446355446;1;0.21856956950478554;0.4;0.0;1;0;0;1
1;0.16666666666666666;0.10542408696136554;0.22932022932022933;1;0.7821783884784892;0.2;0.0;0;0;1;1
2;0.5;0.11405313734057759;0.6117936117936118;0;0.43580500367797337;0.4;0.0;0;0;1;1
3;0.08333333333333333;0.005703770909042186;0.10565110565110565;1;0.555098322785723;0.0;0.0;0;1;0;0
4;0.3333333333333333;0.026284243292465887;0.6232596232596233;1;0.277316055718626;0.4;1.0;0;1;0;0
4;0.08333333333333333;0.25554672678819207;0.29565929565929566;1;0.4530807570185541;0.2;0.0;0;1;0;0
0;0.5;0.19305258273464235;0.31695331695331697;1;0.2335831892048683;0.2;0.0;0;1;0;1
4;0.25;0.006761639357646945;0.04668304668304668;1;0.6563600549635182;0.0;0.0;0;0;1;1
2;0.25;0.18647757106142576;0.28255528255528256;1;0.6245509265151273;0.2;0.0;0;1;0;1
4;0.25;0.06121127268450491;0.18673218673218672;1;0.11152479943519436;0.6;0.0;0;0;1;1
4;0.4166666666666667;0.09146165806215054;0.2571662571662572;1;0.4493517779568363;0.0;0.0;0;1;0;0
4;0.4166666666666667;0.012697692334027687;0.33415233415233414;0;0.6368026791230579;0.0;0.0;0;0;1;0
3;0.4166666666666667;0.0565174802388771;0.5135135135135135;0;0.3218387999652366;0.4;0.0;0;1;0;0
3;0.5833333333333334;0.06343863425701946;0.3906633906633907;0;0.5610798273116557;0.2;0.0;0;1;0;1
4;0.3333333333333333;0.12311598824414184;0.407043407043407;0;0.018213928424570345;0.0;0.0;0;0;1;0
4;0.3333333333333333;0.11916303281054794;0.1769041769041769;1;0.4425218076113965;0.2;0.0;0;1;0;0
4;0.4166666666666667;0.08850031579093794;0.21212121212121213;1;0.17012784641104658;0.0;1.0;0;0;1;0
4;0.16666666666666666;0.0034855629813756316;0.6511056511056511;0;0.09819422554811721;0.0;0.0;0;1;0;0
4;0.4166666666666667;0.019529301688613384;0.23587223587223588;1;0.44998888595834896;0.8;0.0;0;1;0;1
3;0.25;0.019365951759577886;0.6281736281736282;1;0.5559751839928613;0.2;1.0;0;0;1;1
3;0.25;0.24325763969978412;0.31695331695331697;1;0.7655752565506747;0.2;0.0;0;1;0;1
4;0.3333333333333333;0.2580516772897724;0.3570843570843571;1;0.45794454774227433;0.2;0.0;0;0;1;0
4;0.25;0.18268354508100576;0.5323505323505323;1;0.61300003237967;0.2;0.0;0;1;0;0
3;0.3333333333333333;0.021318893834207406;0.5651105651105651;1;0.26932130983755337;0.4;0.0;0;1;0;0
3;0.16666666666666666;0.20394236889641906;0.33824733824733827;1;0.7312270901822;0.4;0.0;0;1;0;1
3;0.16666666666666666;0.02304685991332533;0.2932022932022932;1;0.08288599910072642;0.4;0.0;0;1;0;0
4;0.3333333333333333;0.0899291864064675;0.34725634725634724;0;0.4763095750744618;0.2;0.0;0;1;0;0
3;0.16666666666666666;0.14722548911093591;0.411957411957412;1;0.30941115178082657;0.4;0.0;0;1;0;0
2;0.25;0.0058207058411938115;0.5028665028665029;0;0.6765895160391212;0.2;0.0;0;1;0;1
4;0.3333333333333333;0.10130915409712071;0.3570843570843571;1;0.5756848522034541;0.2;0.0;0;1;0;1
2;0.25;0.03210836190115062;0.45782145782145783;0;0.20083135554821233;0.2;0.0;0;1;0;1
2;0.16666666666666666;0.07657909432120229;0.6248976248976249;1;0.14958050628722358;0.2;0.0;0;1;0;0
3;0.16666666666666666;0.053822743492353095;0.41932841932841936;1;0.6383794325452573;0.4;0.0;0;1;0;0
4;0.3333333333333333;0.12902350002563848;0.40786240786240785;1;0.43516337024971624;0.2;0.0;0;1;0;0
4;0.08333333333333333;0.0746751920501208;0.10810810810810811;1;0.08707211343809214;0.8;0.0;0;1;0;1
0;0.3333333333333333;0.03987615373506537;0.0;1;0.20896332381953567;0.2;1.0;0;1;0;0
4;0.0;0.2683005031154558;0.4201474201474201;1;0.4567283814936711;0.4;0.0;0;1;0;0
4;0.16666666666666666;0.35548426524184223;0.3415233415233415;0;0.3006228115760739;0.2;0.0;1;0;0;0
3;0.16666666666666666;0.18007468126410994;0.2727272727272727;1;0.17103993380845275;0.2;0.0;0;0;1;0
2;0.25;0.09665139630574543;0.3963963963963964;0;0.09567176718223698;0.2;0.0;0;1;0;0
1;0.25;0.24000343392440987;0.3464373464373464;1;0.20487608662134293;0.2;0.0;0;1;0;1
4;0.25;0.1023500996627416;0.5413595413595413;0;0.617480703267374;0.6;1.0;0;0;1;1
2;0.25;0.017860464383221527;0.371007371007371;1;0.5064882365018951;0.2;0.0;0;1;0;1
4;0.3333333333333333;0.0018866509367631416;0.23423423423423423;1;0.5829769071943739;0.2;0.0;0;0;1;0
4;0.4166666666666667;0.14394545939933004;0.5192465192465192;0;0.29951721281640953;0.4;0.0;0;0;1;0
3;0.3333333333333333;0.1552914324168846;0.32104832104832104;0;0.5783935384407038;0.0;0.0;0;1;0;0
2;0.5833333333333334;0.28937473255272156;0.4430794430794431;0;0.15967141509552593;0.4;0.0;0;1;0;1
4;0.08333333333333333;0.19338222811848638;0.2784602784602785;1;0.2959813998607998;0.2;0.0;0;0;1;0
3;0.08333333333333333;0.11347784421177877;0.25061425061425063;1;0.5721910092461143;0.2;0.0;1;0;0;0
4;0.0;0.023418511100206724;0.3701883701883702;0;0.24671116426353135;0.4;0.0;0;1;0;0
4;0.08333333333333333;0.10024088727599362;0.35872235872235875;0;0.4953199053260358;0.0;0.0;0;1;0;0
1;0.16666666666666666;0.063394270010516;0.4348894348894349;1;0.35794339837055883;0.4;0.0;0;1;0;0
0;0.16666666666666666;0.02931691146871422;0.31285831285831284;1;0.07773164258520172;0.0;1.0;0;1;0;0
4;0.08333333333333333;0.17852483529892563;0.055692055692055695;0;0.3020185838944979;0.2;1.0;0;0;1;1
4;0.5833333333333334;0.017955382265916406;0.2858312858312858;1;0.1916560737487287;0.6;0.0;0;0;1;1
2;0.4166666666666667;0.11066028251829427;0.4864864864864865;0;0.2201346271070655;0.4;0.0;0;1;0;0
4;0.0;0.10491601316524693;0.30794430794430794;1;0.594400964092719;0.4;0.0;0;0;1;0
4;0.25;0.040192649629411374;0.31613431613431614;1;0.2630356169687606;0.2;0.0;0;1;0;0
1;0.08333333333333333;0.06232749548244203;0.5184275184275184;0;0.10669012092820575;0.2;0.0;0;1;0;0
4;0.5;0.01372150555684224;0.23996723996723995;0;0.4148972581858679;0.6;0.0;0;1;0;1
4;0.3333333333333333;0.002808335805490846;0.10401310401310401;1;0.03015304578004165;0.2;1.0;0;1;0;0
3;0.16666666666666666;0.0013885359752500949;0.33005733005733007;0;0.3817067116090938;0.4;0.0;0;1;0;0
3;0.08333333333333333;0.021243836889955143;0.27764127764127766;0;0.638053463899963;0.6;0.0;0;1;0;1
4;0.16666666666666666;0.2243792942600788;0.1981981981981982;0;0.5760977242558494;0.4;0.0;0;0;1;0
4;0.25;0.08220361005956654;0.3276003276003276;0;0.3971168089136141;0.2;0.0;0;0;1;0
0;0.16666666666666666;0.013790070854083673;0.43734643734643736;0;0.3508254845347556;0.4;0.0;0;1;0;1
4;0.16666666666666666;0.26242156211903533;0.35544635544635544;0;0.2409517419830842;0.2;0.0;0;1;0;1
3;0.4166666666666667;0.0935495684301855;0.407043407043407;0;0.37394134594210493;0.0;0.0;0;1;0;0
2;0.25;0.0030772881381981626;0.6535626535626535;1;0.1716991070135687;0.0;0.0;1;0;0;0
4;0.4166666666666667;0.15999427313863893;0.30057330057330056;1;0.025900110961870334;0.2;0.0;0;1;0;0
4;0.16666666666666666;0.07129517608662436;0.4021294021294021;1;0.241931332768801;0.6;0.0;0;1;0;1
0;0.5;0.08461968966263413;0.27354627354627353;0;0.245632366514177;0.2;0.0;0;1;0;1
4;0.25;0.10562516599663238;0.21785421785421785;1;0.19656456765657482;0.0;0.0;0;1;0;0
4;0.4166666666666667;0.010969646571220622;0.26126126126126126;0;0.01944471317871157;0.0;0.0;0;1;0;0
4;0.0;0.3283390064349181;0.2784602784602785;1;0.4263493745763012;0.4;0.0;0;0;1;0
2;0.3333333333333333;0.0327429657246542;0.4152334152334152;0;0.29275588852534185;0.6;0.0;0;0;1;1
4;0.4166666666666667;0.10812872265075842;0.7411957411957412;0;0.673319082846033;0.2;0.0;0;1;0;1
4;0.75;0.21522287820480265;0.23914823914823916;0;0.7266398085892147;0.4;0.0;0;1;0;1
2;0.25;0.04480942418899247;0.2882882882882883;0;0.4225518553898902;0.6;0.0;0;1;0;1
4;0.6666666666666666;0.10982478135652365;0.3464373464373464;1;0.32412944428226137;0.0;0.0;0;0;1;1
4;0.16666666666666666;0.5004946726984966;0.4217854217854218;1;0.3319295635604089;0.0;1.0;0;1;0;1
4;0.5;0.21236059986541542;0.39967239967239965;0;0.2696425048048243;0.2;0.0;0;1;0;1
2;0.08333333333333333;0.16804219303322768;0.5667485667485668;1;0.3560437384821498;0.2;0.0;0;1;0;1
4;0.3333333333333333;0.06430634758599588;0.0;1;0.3574200802203972;0.2;0.0;0;1;0;0
4;0.16666666666666666;0.06670730572589627;0.0;1;0.37902371889594383;0.4;0.0;0;1;0;0
2;0.25;0.07388286171383279;0.2751842751842752;0;0.22307741270450157;0.6;0.0;0;1;0;1
2;0.5;0.13039987093292124;0.5364455364455365;0;0.1530761254685882;0.6;0.0;0;1;0;1
2;0.16666666666666666;0.017274688683141148;0.09991809991809991;0;0.18960620858330277;0.0;1.0;0;1;0;0
2;0.5833333333333334;0.21951461037073752;0.0;1;0.4289067860765269;0.4;0.0;0;1;0;1
4;0.16666666666666666;0.0019604707725489026;0.45045045045045046;1;0.18007949528288603;0.2;0.0;0;1;0;0
4;0.0;0.02066193008958964;0.3963963963963964;0;0.09322156619473176;0.4;0.0;0;1;0;0
1;0.25;0.07308000603829747;0.17772317772317772;1;0.3741749274668388;0.4;0.0;0;1;0;1
2;0.25;0.032254575276822524;0.19492219492219492;1;0.2773160296423744;0.2;0.0;0;1;0;0
4;0.16666666666666666;0.050562289068974337;0.1981981981981982;1;0.566016220998597;0.6;0.0;0;0;1;1
4;0.25;0.04492032612718627;0.3751023751023751;0;0.17704244002329303;0.2;1.0;0;1;0;0
4;0.25;0.03478979276476916;0.2538902538902539;0;0.5933661637052517;0.2;0.0;0;1;0;0
2;0.25;0.05316982471736012;0.43734643734643736;1;0.1250135305454338;0.4;0.0;0;1;0;0
4;0.08333333333333333;0.07823819660064887;0.0;1;0.11622261213693841;0.2;0.0;0;1;0;0
3;0.08333333333333333;0.07191468750073521;0.21621621621621623;0;0.365717083731193;0.4;0.0;0;1;0;0
4;0.16666666666666666;0.18584708080403578;0.171990171990172;0;0.5866934506668496;0.2;0.0;0;0;1;0
3;0.0;0.04091899670877572;0.3144963144963145;0;0.39554749610543516;0.0;0.0;0;1;0;0
4;0.16666666666666666;0.03677785662997215;0.26863226863226863;1;0.3565727350262729;0.2;0.0;0;1;0;0
4;0.25;0.07804952398457105;0.4873054873054873;1;0.37377923905080673;0.0;0.0;0;0;1;0
3;0.3333333333333333;0.005396051136039832;0.05241605241605242;0;0.6100492297738959;0.2;0.0;0;0;1;0
4;0.25;0.013123415131478723;0.36445536445536447;1;0.31149311972305593;0.2;0.0;1;0;0;0
3;0.4166666666666667;0.18073965408066012;0.447993447993448;1;0.38533126835803555;0.0;0.0;0;0;1;0
1;0.08333333333333333;0.07566395359921037;0.6609336609336609;0;0.7257957549522001;0.2;0.0;0;0;1;1
0;0.08333333333333333;0.007591459479182643;0.27764127764127766;1;0.31289221572469433;0.2;0.0;0;1;0;1
2;0.16666666666666666;0.0645214147637465;0.4095004095004095;1;0.26861234353980773;0.4;1.0;0;1;0;0
4;0.3333333333333333;0.056447253039093946;0.06142506142506143;0;0.6040094927987151;0.6;0.0;0;1;0;1
4;0.16666666666666666;0.031368067992494274;0.0;0;0.5572352747226644;0.2;0.0;0;0;1;0
1;0.5;0.05171198851938828;0.49467649467649466;0;0.37429714020359645;0.6;0.0;0;0;1;1
4;0.3333333333333333;0.02315113684816836;0.35544635544635544;1;0.36807603253409316;0.2;0.0;0;1;0;0
4;0.16666666666666666;0.06626008424077698;0.5495495495495496;1;0.34183570136874875;0.4;0.0;0;1;0;0
2;0.5;0.05836150050289681;0.13185913185913187;0;0.4937403558558202;0.0;0.0;0;0;1;1
4;0.3333333333333333;0.10398983535968152;0.44144144144144143;1;0.7708413648217626;0.2;0.0;0;0;1;1
0;0.08333333333333333;0.31694335964491244;0.6625716625716626;1;0.10731185947596324;0.4;0.0;0;1;0;0
4;0.4166666666666667;0.022755258891668576;0.4250614250614251;0;0.4514912269786456;0.2;0.0;1;0;0;0
4;0.25;0.060050935729549636;0.4021294021294021;1;0.013281340735056987;0.0;1.0;0;1;0;0
3;0.4166666666666667;0.09184170978926598;0.3579033579033579;0;0.48900501012790226;0.6;1.0;0;1;0;1
3;0.08333333333333333;0.08803679399553022;0.0990990990990991;1;0.2781349751326188;0.0;0.0;0;1;0;1
3;0.4166666666666667;0.12040630979474627;0.579033579033579;0;0.8518787746244729;0.2;0.0;0;1;0;1
4;0.25;0.034632470138296546;0.25634725634725636;1;0.1529605762116305;0.6;0.0;0;1;0;1
2;0.25;0.11193524997486791;0.438984438984439;1;0.5227324527745415;0.0;0.0;0;0;1;0
4;0.08333333333333333;0.024921909202713474;0.10073710073710074;0;0.5117647647646162;0.6;0.0;0;0;1;1
4;0.3333333333333333;0.01484608092372055;0.1638001638001638;1;0.5169830301126765;0.6;0.0;0;0;1;1
3;0.3333333333333333;0.1981732557286377;0.5921375921375921;1;0.5767309405045913;0.4;0.0;0;1;0;0
4;0.25;0.07135959174032745;0.29975429975429974;1;0.2642610324517671;0.2;0.0;0;1;0;0
3;0.5;0.056264887832975716;0.5945945945945946;1;0.4607595128565138;0.2;0.0;0;1;0;1
4;0.16666666666666666;0.2934828535792412;0.343980343980344;1;0.2714721302047402;0.0;1.0;0;1;0;0
2;0.3333333333333333;0.1375723671862509;0.054873054873054876;0;0.7033679999564266;0.6;0.0;0;1;0;1
4;0.4166666666666667;0.12571834771159743;0.5028665028665029;1;0.13811886043764052;0.4;0.0;0;1;0;0
4;0.5;0.023963511451957048;0.26044226044226043;0;0.5661143598472534;0.2;0.0;0;1;0;1
4;0.08333333333333333;0.026054220670233892;0.47092547092547093;1;0.7366939577440222;0.4;0.0;0;0;1;1
3;0.0;0.07335670136705927;0.36117936117936117;1;0.39546542920887995;0.4;0.0;0;1;0;0
4;0.25;0.11747615097605754;0.10401310401310401;1;0.174909145002486;0.0;1.0;1;0;0;0
3;0.16666666666666666;0.05589539928802305;0.3832923832923833;1;0.43573556098977256;0.2;0.0;0;1;0;1
3;0.25;0.007311682104282236;0.7166257166257166;1;0.5757757612080869;0.0;0.0;1;0;0;1
4;0.25;0.12777045801173176;0.43734643734643736;1;0.14935528255063188;0.4;0.0;0;1;0;0
4;0.3333333333333333;0.16528706809426857;0.34725634725634724;0;0.13625349550596957;0.2;0.0;0;1;0;0
2;0.0;0.32125038988521815;0.5331695331695332;1;0.5476749268848017;0.8;0.0;0;1;0;1
4;0.4166666666666667;0.058406585502223364;0.3914823914823915;0;0.12606661730418617;0.2;0.0;0;0;1;0
3;0.16666666666666666;0.033140502681018584;0.3906633906633907;0;0.06186652597947078;0.4;0.0;0;1;0;0
3;0.0;0.2893477618964298;0.17772317772317772;0;0.12157839754719074;0.2;0.0;0;1;0;0
3;0.16666666666666666;0.13965476463214246;0.39475839475839475;0;0.30774192038609527;0.2;0.0;0;0;1;0
4;0.0;0.007288027879901748;0.5266175266175266;0;0.609227461169354;0.2;1.0;0;1;0;0
2;0.4166666666666667;0.09646216002748026;0.2194922194922195;1;0.2998233342724589;0.0;0.0;0;1;0;0
4;0.16666666666666666;0.0031506955824146836;0.5896805896805897;1;0.7061990940911158;0.6;0.0;0;1;0;1
2;0.25;0.02851065557861531;0.3415233415233415;1;0.3074560084185135;0.4;0.0;0;1;0;0
3;0.5833333333333334;0.008119268326597064;0.2113022113022113;1;0.3435059859989213;0.2;0.0;0;1;0;1
2;0.3333333333333333;0.025441442977399684;0.5200655200655201;0;0.07930022640340816;0.2;0.0;0;1;0;0
1;0.4166666666666667;0.07483483559798627;0.3095823095823096;0;0.269603076767261;0.2;0.0;0;1;0;1
4;0.16666666666666666;0.039436690928154536;0.48075348075348073;1;0.28296427031291677;0.4;0.0;0;1;0;0
4;0.16666666666666666;0.01018141976486192;0.30876330876330876;0;0.44315644775890844;0.6;1.0;0;0;1;1
4;0.08333333333333333;0.0731328310449772;0.34725634725634724;1;0.6888951287364893;0.4;0.0;0;1;0;1
4;0.16666666666666666;0.13708692281072046;0.43734643734643736;1;0.29450325225431134;0.6;0.0;0;1;0;1
4;0.25;0.006004372891245291;0.4045864045864046;1;0.39352274254693587;0.4;0.0;0;1;0;0
4;0.0;0.23809671448381906;0.029484029484029485;1;0.5135873104095294;0.2;0.0;0;1;0;1
4;0.4166666666666667;0.11772157239439142;0.17280917280917282;1;0.2660116878343672;0.2;0.0;0;1;0;0
0;0.25;0.0814678426137632;0.5085995085995086;0;0.311144535744148;0.4;0.0;0;1;0;0
4;0.08333333333333333;0.05608771886520501;0.33497133497133497;1;0.5628012954850693;0.0;0.0;0;1;0;1
4;0.3333333333333333;0.05553080276754929;0.2710892710892711;1;0.2792467986968141;0.2;0.0;0;0;1;0
0;0.5;0.04541752239564331;0.13431613431613432;1;0.40603719909908426;0.8;0.0;0;1;0;1
4;0.16666666666666666;0.013615459023994948;0.18018018018018017;1;0.38839596886300104;0.4;0.0;0;1;0;0
4;0.0;0.009116455205366058;0.025389025389025387;1;0.741489228233196;0.2;1.0;0;1;0;1
3;0.0;0.04102925238544201;0.33988533988533987;0;0.324845720008307;0.0;0.0;0;1;0;0
1;0.08333333333333333;0.12230282184296579;0.2588042588042588;1;0.47485155911483373;0.6;0.0;0;0;1;1
3;0.08333333333333333;0.03778709154483144;0.1981981981981982;1;0.36508832225211396;0.2;0.0;0;1;0;0
3;0.5;0.1860499248961007;0.34561834561834565;1;0.289816057723588;0.2;0.0;0;1;0;1
4;0.0;0.05317239026991359;0.41605241605241605;1;0.6560821612604371;0.4;0.0;0;1;0;1
4;0.25;0.11091775656032375;0.6994266994266994;1;0.8569416818998016;0.4;0.0;0;1;0;1
2;0.16666666666666666;0.06285006388573003;0.10892710892710893;1;0.43695622837241155;0.4;1.0;0;1;0;0
2;0.3333333333333333;0.07657245084114687;0.5462735462735463;0;0.6044249785860872;0.2;0.0;0;1;0;1
4;0.0;0.031963893760751594;0.515970515970516;0;0.049347644197334624;0.4;0.0;0;1;0;0
4;0.3333333333333333;0.08018504688908197;0.22932022932022933;1;0.27816257390400984;0.4;0.0;0;1;0;0
2;0.08333333333333333;0.012978539211851266;0.38984438984438985;0;0.15436914368628363;0.0;0.0;0;1;0;0
4;0.08333333333333333;0.05434142827340629;0.28173628173628174;1;0.1698485084094832;0.2;0.0;0;1;0;0
3;0.16666666666666666;0.06610698331220784;0.38738738738738737;1;0.08091845618391999;0.4;0.0;0;1;0;0
4;0.25;0.13538529826971998;0.6036036036036037;1;0.729271194232967;0.4;0.0;0;1;0;1
4;0.16666666666666666;0.05680967741081699;0.4561834561834562;1;0.1238081007330802;0.4;0.0;1;0;0;0
4;0.25;0.12176005671600731;0.4398034398034398;1;0.24212821590845074;0.4;0.0;0;1;0;0
4;0.4166666666666667;0.021283401719797323;0.2858312858312858;1;0.0978743784870426;0.4;1.0;1;0;0;0
3;0.25;0.0027733018756942096;0.11384111384111384;1;0.17089838600793666;0.2;0.0;0;1;0;0
4;0.3333333333333333;0.07838653627336231;0.3226863226863227;0;0.45127749955129076;0.6;0.0;0;0;1;1
2;0.3333333333333333;0.0713872661222843;0.5544635544635544;1;0.49176212842760475;0.4;0.0;0;1;0;1
4;0.5;0.12320495025828408;0.10647010647010648;1;0.26689641179226187;0.4;0.0;0;1;0;1
4;0.3333333333333333;0.0417908894508712;0.18345618345618345;1;0.12940942696977556;0.2;0.0;0;0;1;0
4;0.25;0.0033041287753035457;0.3775593775593776;1;0.08064166436827777;0.0;1.0;0;0;1;0
0;0.25;0.14299755124550798;0.19574119574119575;0;0.34798778374548855;0.0;0.0;0;1;0;0
3;0.4166666666666667;0.31714991426276284;0.22686322686322685;0;0.506091141748067;0.2;0.0;0;1;0;0
4;0.25;0.05570990708238118;0.28746928746928746;1;0.4933913105588695;0.6;0.0;0;1;0;1
4;0.16666666666666666;0.10502293454945594;0.13267813267813267;0;0.6015915978208503;0.0;0.0;0;0;1;0
3;0.4166666666666667;0.08747231561919627;0.19737919737919737;0;0.19749934905296987;0.2;1.0;0;1;0;0
4;0.5;0.09280685505954171;0.47174447174447176;0;0.45677325994180806;0.0;0.0;0;1;0;1
1;0.3333333333333333;0.22471700791502122;0.14250614250614252;0;0.1599162937060405;0.6;0.0;0;0;1;1
2;0.5;0.14825898396728604;0.095004095004095;0;0.4707720217858498;0.2;0.0;0;0;1;1
2;0.16666666666666666;0.1633540770367075;0.25307125307125306;0;0.17417497302006754;0.2;0.0;0;1;0;0
3;0.16666666666666666;0.010428739926969362;0.47665847665847666;1;0.6464518860784547;0.0;0.0;0;1;0;0
3;0.3333333333333333;0.017583334123559655;0.32432432432432434;1;0.12876800566898777;0.2;0.0;1;0;0;1
4;0.16666666666666666;0.12105346063197368;0.2809172809172809;1;0.5750548801317896;0.2;0.0;0;1;0;0
4;0.5;0.08644351791258968;0.36363636363636365;0;0.1977081357269687;0.0;0.0;0;0;1;1
4;0.25;0.1655465757556897;0.07043407043407043;1;0.39951203330198565;0.2;0.0;0;1;0;0
4;0.25;0.010800570241821973;0.43734643734643736;1;0.6236850206085148;0.4;1.0;0;1;0;0
4;0.25;0.09293143758512061;0.41932841932841936;0;0.41090450511201193;0.6;0.0;0;1;0;1
4;0.3333333333333333;0.07399744163142746;0.28992628992628994;1;0.06609275489408871;0.4;0.0;0;1;0;0
4;0.08333333333333333;0.21455001948290922;0.5217035217035217;1;0.3738325381877571;0.6;0.0;0;0;1;1
2;0.08333333333333333;0.022985871670092643;0.171990171990172;0;0.4536467844387798;0.2;0.0;0;1;0;1
4;0.3333333333333333;0.04764244858589424;0.5413595413595413;1;0.29179117366479285;0.2;0.0;0;1;0;0
2;0.3333333333333333;0.01807523544291845;0.38165438165438165;1;0.09294054292247672;0.2;0.0;0;1;0;1
4;0.08333333333333333;0.06680122079866417;0.3013923013923014;1;0.23035682328237708;0.4;0.0;0;1;0;0
1;0.16666666666666666;0.23715769203650017;0.3538083538083538;0;0.48635335616243563;0.4;0.0;0;1;0;1
3;0.5;0.12340086791190788;0.33906633906633904;0;0.18161173009959725;0.2;0.0;0;1;0;1
3;0.25;0.1516707728465055;0.556920556920557;0;0.22669995810085236;0.4;0.0;0;1;0;0
3;0.08333333333333333;0.010832909892885207;0.18018018018018017;0;0.47028043649190643;0.2;0.0;0;0;1;0
4;0.16666666666666666;0.06686078748966712;0.23177723177723178;1;0.5807220251375246;0.2;0.0;0;0;1;0
3;0.5;0.2029160357139809;0.5266175266175266;0;0.13756452381183049;0.4;0.0;0;1;0;1
3;0.16666666666666666;0.20209780574848968;0.2588042588042588;1;0.7178614938647119;0.2;0.0;0;1;0;1
2;0.5833333333333334;0.492236351660467;0.5045045045045045;1;0.31707843590730345;0.4;0.0;0;1;0;1
0;0.16666666666666666;0.08300642916705019;0.6347256347256347;0;0.23754532005503584;0.2;0.0;0;1;0;0
3;0.25;0.00016117933558237003;0.29074529074529076;1;0.5394757453518755;0.2;1.0;0;0;1;0
0;0.4166666666666667;0.2550924373519194;0.46846846846846846;0;0.0479571302058191;0.2;1.0;0;1;0;0
4;0.0;0.3479797891298527;0.1678951678951679;0;0.6304237982947101;0.4;0.0;0;1;0;0
4;0.16666666666666666;0.2922931615756733;0.4799344799344799;0;0.3394760304080912;0.4;1.0;0;1;0;0
4;0.08333333333333333;0.1643858303815972;0.389025389025389;1;0.45548358415123824;0.4;0.0;0;1;0;0
2;0.4166666666666667;0.026428687118104973;0.43407043407043405;1;0.21982145945945206;0.2;0.0;0;1;0;0
3;0.08333333333333333;0.01659018650838527;0.25061425061425063;0;0.6217652916876878;0.4;0.0;0;1;0;0
4;0.4166666666666667;0.13422237589259675;0.08435708435708436;0;0.5162511983517747;0.2;1.0;0;1;0;0
3;0.3333333333333333;0.01676685844599895;0.438984438984439;1;0.5214959902418966;0.4;1.0;0;0;1;0
3;0.08333333333333333;0.3408920765469182;0.018837018837018837;1;0.3128225699033142;0.6;0.0;0;0;1;1
1;0.0;0.06560930150871164;0.3046683046683047;0;0.640660855812058;0.4;1.0;0;0;1;0
4;0.08333333333333333;0.0034131058245707967;0.5110565110565111;0;0.3926212663546306;0.4;0.0;0;0;1;0
0;0.16666666666666666;0.018091233883971627;0.3882063882063882;1;0.5564197719587621;0.2;0.0;0;1;0;0
4;0.4166666666666667;0.038113868320552;0.6756756756756757;1;0.22597277235586777;0.4;0.0;0;0;1;0
3;0.08333333333333333;0.13529465223991066;0.5249795249795249;1;0.1002520313039002;0.4;0.0;0;1;0;1
2;0.3333333333333333;0.14866296479726485;0.2497952497952498;1;0.06307976338052762;0.0;0.0;0;1;0;0
0;0.3333333333333333;0.02658555075391268;0.36117936117936117;1;0.731468465643789;0.2;0.0;0;0;1;1
4;0.25;0.11628308561434013;0.3488943488943489;1;0.5720179503593762;0.2;0.0;0;1;0;0
2;0.08333333333333333;0.003529384666710035;0.09746109746109746;1;0.4461620810666538;0.2;0.0;1;0;0;0
4;0.0;0.01200690793476561;0.2022932022932023;0;0.18422025741323916;0.4;0.0;0;1;0;0
3;0.16666666666666666;0.08513238395248633;0.26453726453726456;0;0.2444681401469682;0.2;0.0;0;0;1;0
4;0.3333333333333333;0.13532054778375052;0.02293202293202293;0;0.3252183788581467;0.0;0.0;0;1;0;1
2;0.08333333333333333;0.2733907533285253;0.36445536445536447;1;0.5048649847098986;0.8;0.0;0;1;0;1
1;0.4166666666666667;0.06399963453056921;0.31613431613431614;1;0.4832640874346699;0.0;0.0;0;1;0;1
2;0.25;0.0141481990804323;0.08271908271908272;1;0.2772606975000499;0.2;0.0;0;0;1;0
4;0.25;0.29420427847000546;0.4226044226044226;1;0.31256441493884046;0.4;0.0;0;1;0;0
4;0.5833333333333334;0.06393735564901096;0.4742014742014742;1;0.673749631580286;0.4;0.0;0;1;0;1
4;0.25;0.07649417700329421;0.3939393939393939;0;0.17745905898536873;0.2;0.0;0;1;0;0
3;0.5833333333333334;0.21435312206981927;0.30384930384930386;1;0.0955633227526462;0.2;0.0;0;1;0;1
2;0.5;0.09799671868306924;0.4537264537264537;1;0.6624424961496834;0.4;0.0;0;1;0;1
3;0.25;0.03984748310796712;0.46846846846846846;1;0.24950838149297366;0.6;0.0;0;1;0;1
3;0.25;0.08652166804648151;0.407043407043407;1;0.6111285058764458;0.2;0.0;0;0;1;1
0;0.25;0.10902348871636024;0.22194922194922195;1;0.4421250179805516;0.0;0.0;0;1;0;0
4;0.16666666666666666;0.24532577850358386;0.4021294021294021;1;0.2505482391973461;0.2;1.0;0;1;0;0
4;0.4166666666666667;0.029712611374100646;0.5528255528255528;0;0.4157652012934562;0.4;0.0;0;1;0;0
4;0.08333333333333333;0.09112183924175768;0.2588042588042588;0;0.33209438438175304;0.8;0.0;0;1;0;1
1;0.16666666666666666;0.28165775945847255;0.7002457002457002;1;0.22061336571426582;0.4;0.0;0;1;0;0
0;0.25;0.0051087419226739745;0.2702702702702703;0;0.2722806379041738;0.2;1.0;0;0;1;0
4;0.4166666666666667;0.024006064156531653;0.361998361998362;1;0.09711258725080565;0.0;0.0;0;1;0;0
4;0.25;0.047233482940136205;0.24651924651924653;0;0.2791963417843112;0.2;1.0;0;1;0;0
2;0.16666666666666666;0.12618096805880277;0.3931203931203931;1;0.3509818932818489;0.0;0.0;0;1;0;0
4;0.0;0.20512898123180118;0.07125307125307126;0;0.49225241211436394;0.2;0.0;0;1;0;0
4;0.16666666666666666;0.02464377963359074;0.266994266994267;1;0.37201247900159734;0.2;0.0;0;1;0;0
2;0.25;0.03145222880845242;0.17772317772317772;1;0.6081737522770714;0.2;0.0;0;1;0;1
3;0.25;0.1927811356186839;0.37919737919737917;1;0.07232804479594865;0.0;0.0;0;0;1;0
4;0.08333333333333333;0.017796874328844994;0.5192465192465192;1;0.34831824690134966;0.2;0.0;0;1;0;0
4;0.3333333333333333;0.03361072048659519;0.46273546273546273;0;0.5642812283670584;0.8;1.0;0;1;0;1
4;0.4166666666666667;0.14673206454782248;0.0;1;0.25374650511642727;0.2;0.0;0;1;0;0
3;0.25;0.02014909720797299;0.6912366912366913;1;0.1763235714665659;0.2;0.0;0;1;0;0
4;0.25;0.19581164001873794;0.40540540540540543;0;0.20322429838645184;0.0;0.0;1;0;0;1
4;0.16666666666666666;0.0749644621376128;0.22932022932022933;1;0.2679752082289271;0.4;0.0;0;1;0;0
1;0.16666666666666666;0.06596007730096398;0.3824733824733825;1;0.23014553699346818;0.4;0.0;1;0;0;0
3;0.08333333333333333;0.016099918270166335;0.3857493857493858;0;0.3137812141084236;0.2;0.0;0;1;0;0
4;0.16666666666666666;0.1265934968403824;0.24733824733824733;1;0.2936861174952351;0.6;0.0;0;1;0;1
0;0.25;0.23961961866284967;0.389025389025389;1;0.241147604170778;0.0;0.0;0;1;0;0
4;0.16666666666666666;0.1310040035339653;0.2571662571662572;1;0.4434416412371896;0.6;0.0;0;1;0;1
3;0.3333333333333333;0.04233348329953405;0.29074529074529076;1;0.3707678933627784;0.2;0.0;0;1;0;0
4;0.5;0.1334486047190961;0.24406224406224405;0;0.461034201222368;0.0;0.0;0;1;0;1
4;0.3333333333333333;0.07928991906974871;0.12203112203112203;1;0.6215511824372608;0.4;0.0;0;1;0;0
4;0.0;0.21382006740783488;0.3808353808353808;0;0.7636924521822231;0.4;0.0;0;1;0;1
3;0.08333333333333333;0.06841914340992217;0.45290745290745293;1;0.3593890587320893;0.2;0.0;0;1;0;0
4;0.0;0.030072104427149072;0.4406224406224406;1;0.4281461633536369;0.6;0.0;0;1;0;1
2;0.08333333333333333;0.011809055169668164;0.4905814905814906;1;0.6843236151762597;0.0;0.0;0;0;1;1
3;0.3333333333333333;0.03664720077122609;0.4095004095004095;1;0.5026938148173308;0.2;0.0;0;1;0;0
1;0.3333333333333333;0.09217754701943408;0.26945126945126946;1;0.5386204376109249;0.6;0.0;0;0;1;1
4;0.0;0.0206685514263669;0.49385749385749383;0;0.5674838656487602;0.4;1.0;0;1;0;0
4;0.08333333333333333;0.0044449296838614955;0.13431613431613432;0;0.35298475091230375;0.2;0.0;0;1;0;0
2;0.16666666666666666;0.06621636608721201;0.20884520884520885;1;0.4739001128211907;0.2;0.0;0;1;0;0
4;0.0;0.04742381107273536;0.19901719901719903;1;0.04184575619333697;0.2;0.0;0;1;0;0
3;0.16666666666666666;0.06061575085354752;0.533988533988534;0;0.2961900410732944;0.2;1.0;0;1;0;0
3;0.0;0.06728954003757677;0.5110565110565111;0;0.29467610639697883;0.6;0.0;0;1;0;1
3;0.3333333333333333;0.16157242117408607;0.43652743652743653;0;0.2417767289916489;0.0;0.0;0;1;0;0
4;0.4166666666666667;0.3606946850609101;0.5323505323505323;0;0.13554658117242008;0.2;0.0;0;1;0;0
4;0.5;0.033777635170203595;0.21294021294021295;1;0.2164671787362455;0.0;0.0;0;0;1;1
0;0.0;0.3175111030142198;0.4135954135954136;1;0.5830332772018751;0.8;0.0;0;1;0;1
4;0.16666666666666666;0.02877733289237639;0.3357903357903358;0;0.2271046282709305;0.0;0.0;0;1;0;0
4;0.3333333333333333;0.15640268279643693;0.4954954954954955;1;0.8488533064414827;0.2;1.0;0;1;0;1
3;0.25;0.12718127312810656;0.33742833742833744;1;0.13928000253674291;0.6;0.0;0;0;1;1
4;0.16666666666666666;0.005898303696872024;0.294021294021294;0;0.5427983687533712;0.2;0.0;0;1;0;0
4;0.25;0.14354316654402924;0.44553644553644556;1;0.32390983388271855;0.6;1.0;0;1;0;1
0;0.0;0.25738917233829917;0.5004095004095004;1;0.45404161178414226;0.4;1.0;0;0;1;1
2;0.25;0.29617309179712065;0.24733824733824733;1;0.6293824111622708;0.4;1.0;0;0;1;0
2;0.4166666666666667;0.1285328655035086;0.3464373464373464;1;0.15344902289140816;0.4;0.0;0;1;0;0
4;0.5;0.17178626156539456;0.18345618345618345;0;0.29880632085935954;0.4;1.0;0;1;0;1
3;0.25;0.008189827579840776;0.0;0;0.15401940921093196;0.2;0.0;0;0;1;1
4;0.16666666666666666;0.01949634185107316;0.38984438984438985;0;0.4383746350482067;0.2;1.0;0;0;1;1
2;0.5;0.0338070842588456;0.4561834561834562;1;0.3318044652578841;0.4;1.0;0;1;0;1
4;0.0;0.08425709045929194;0.39967239967239965;1;0.2231267380909951;0.6;0.0;0;1;0;1
4;0.5;0.05424660333533083;0.03767403767403767;0;0.40312993636982464;0.2;1.0;0;1;0;1
2;0.16666666666666666;0.11903306120844838;0.2989352989352989;1;0.4648900701126103;0.6;0.0;0;1;0;1
4;0.08333333333333333;0.06558139968642944;0.0;1;0.31355468914947726;0.2;0.0;0;1;0;0
3;0.3333333333333333;0.1659138895084633;0.5806715806715806;1;0.3550699282184745;0.0;0.0;0;1;0;0
1;0.3333333333333333;0.1390506777791994;0.17854217854217855;1;0.33166759454545863;0.6;0.0;1;0;0;1
4;0.16666666666666666;0.152976274152705;0.5626535626535627;1;0.22339143567290326;0.6;1.0;0;0;1;1
0;0.0;0.19634040364458374;0.5118755118755118;1;0.03496776925140109;0.4;0.0;0;1;0;0
4;0.25;0.19988986589457464;0.20884520884520885;0;0.2064896979856812;0.2;0.0;0;1;0;1
2;0.75;0.16817722668809465;0.17117117117117117;1;0.39476743306639905;0.6;0.0;0;1;0;1
3;0.16666666666666666;0.007518915287699231;0.4144144144144144;1;0.23490528167417102;0.2;0.0;0;1;0;0
2;0.25;0.10853287944326581;0.21867321867321868;0;0.2604082655552743;0.0;0.0;0;1;0;0
4;0.25;0.002154454002990372;0.37346437346437344;1;0.4399617629470214;0.2;1.0;0;1;0;0
2;0.0;0.15143615348193737;0.27764127764127766;1;0.10155423510000515;0.2;0.0;0;1;0;0
3;0.25;0.006940442575692762;0.0647010647010647;1;0.4202344946964267;0.4;0.0;0;1;0;0
4;0.3333333333333333;0.4547099439737432;0.0;1;0.4469620786105089;0.4;0.0;0;0;1;0
3;0.5;0.10587035430897118;0.3939393939393939;1;0.3199603798771751;0.4;0.0;0;1;0;1
4;0.4166666666666667;0.022283017235213663;0.26453726453726456;0;0.4504720981378066;0.2;1.0;0;1;0;0
2;0.0;0.070211046616187;0.26617526617526616;1;0.33065336775535586;0.4;1.0;0;0;1;0
4;0.16666666666666666;0.19493735720672692;0.47092547092547093;1;0.2319037800532314;0.0;0.0;0;1;0;1
3;0.08333333333333333;0.022011284624009527;0.5487305487305487;1;0.24619339514167238;0.2;0.0;0;1;0;0
3;0.08333333333333333;0.08555548535780036;0.31203931203931207;0;0.735846594895376;0.4;0.0;0;1;0;1
3;0.16666666666666666;0.0003295953576870613;0.30057330057330056;0;0.21762419742911288;0.2;0.0;1;0;0;0
4;0.5833333333333334;0.1727488079427672;0.438984438984439;0;0.14675079027880011;0.4;0.0;0;1;0;1
4;0.08333333333333333;0.024011560892992584;0.13431613431613432;0;0.25685512488264467;0.4;1.0;0;1;0;1
3;0.25;0.054415956036487696;0.3931203931203931;0;0.30329763631761836;0.6;0.0;0;1;0;1
4;0.08333333333333333;0.0839975018586703;0.44717444717444715;0;0.5506454326520765;0.6;0.0;0;1;0;1
2;0.0;0.01734289004579284;0.46846846846846846;0;0.38457948167682693;0.4;0.0;0;1;0;0
3;0.3333333333333333;0.2906493669593093;0.03931203931203931;1;0.5871175948646572;0.4;0.0;0;1;0;0
4;0.5;0.07032130314293607;0.23177723177723178;1;0.16325660370694067;0.4;0.0;1;0;0;1
3;0.16666666666666666;0.0292698425055073;0.21294021294021295;1;0.29875522532475096;0.6;1.0;0;0;1;1
1;0.3333333333333333;0.1477562463646241;0.3726453726453726;0;0.1690070982300628;0.4;0.0;0;1;0;1
4;0.16666666666666666;0.24987375204523005;0.4357084357084357;0;0.3326024401316883;0.2;0.0;0;1;0;0
4;0.25;0.2712081502606548;0.601965601965602;1;0.5272823443042216;0.4;0.0;0;1;0;1
4;0.08333333333333333;0.06269749262189217;0.276003276003276;1;0.3750771074148934;0.2;0.0;0;0;1;0
4;0.3333333333333333;0.049494004516942455;0.2751842751842752;1;0.789714677848653;0.0;0.0;0;1;0;1
3;0.0;0.2946450391243521;0.5446355446355446;1;0.38227187485715375;0.0;0.0;0;1;0;0
4;0.25;0.00597063781893214;0.40540540540540543;1;0.34117030720781366;0.2;1.0;0;0;1;0
3;0.4166666666666667;0.1544203539146089;0.5642915642915642;1;0.6713862333415653;0.2;0.0;0;0;1;1
2;0.08333333333333333;0.021674041461470266;0.4037674037674038;1;0.377207339730894;0.4;0.0;0;1;0;0
4;0.3333333333333333;0.06963119293559261;0.16707616707616707;1;0.4297220649301578;0.2;0.0;0;0;1;1
4;0.08333333333333333;0.34179327172855567;0.13841113841113842;0;0.4664467419165514;0.2;0.0;0;0;1;1
4;0.0;0.09675949717125695;0.10237510237510238;1;0.7207946126684995;0.0;0.0;0;1;0;1
3;0.3333333333333333;0.08239769945798436;0.4651924651924652;0;0.18861246654015662;0.0;0.0;0;1;0;0
3;0.25;0.007028527247106941;0.5511875511875511;1;0.4161101094485291;0.0;0.0;1;0;0;0
2;0.3333333333333333;0.03607199415014534;0.6592956592956593;0;0.4549982752325502;0.0;0.0;0;1;0;0
2;0.4166666666666667;0.00027046491997510845;0.49467649467649466;1;0.33477101939204246;0.4;0.0;0;1;0;0
1;0.25;0.23130943934491296;0.5470925470925471;0;0.28430741693140416;0.4;0.0;0;1;0;1
4;0.16666666666666666;0.11511752152442287;0.26126126126126126;0;0.398001184518361;0.2;1.0;0;0;1;0
2;0.08333333333333333;0.013905030704985125;0.16707616707616707;1;0.7056308070988202;0.0;0.0;0;0;1;1
0;0.25;0.050193014355967396;0.4963144963144963;1;0.30246704317406226;0.0;0.0;0;1;0;0
0;0.6666666666666666;0.18554751089927385;0.4250614250614251;1;0.11513356032316463;0.2;0.0;1;0;0;1
4;0.5833333333333334;0.016751350761484773;0.37428337428337427;0;0.26498831331045547;0.8;0.0;0;0;1;1
3;0.5;0.02905015728353119;0.4201474201474201;0;0.20008500007154112;0.0;1.0;0;0;1;1
2;0.16666666666666666;0.0866734698789821;0.4095004095004095;1;0.262068069773382;0.0;0.0;0;1;0;0
4;0.0;0.017353963633681385;0.5667485667485668;0;0.2969572225183012;0.2;0.0;0;1;0;0
3;0.3333333333333333;0.053606969816518434;0.5683865683865684;0;0.7556668855596248;0.4;0.0;0;1;0;1
4;0.25;0.447726301991426;0.44553644553644556;0;0.20140774789267782;0.2;0.0;0;1;0;0
4;0.25;0.08726823353440832;0.4954954954954955;0;0.3541198623466903;0.4;0.0;0;1;0;0
4;0.16666666666666666;0.13446136707029932;0.4406224406224406;0;0.6068619154327078;0.0;0.0;0;0;1;0
4;0.4166666666666667;0.12104567195022797;0.2809172809172809;1;0.3644179004044088;0.2;0.0;0;1;0;0
2;0.3333333333333333;0.026400604913503496;0.48075348075348073;1;0.14822966028770715;0.0;0.0;0;0;1;0
3;0.08333333333333333;0.20817160214291375;0.1285831285831286;1;0.3071765821537774;0.6;1.0;0;1;0;1
4;0.08333333333333333;0.014413658224692013;0.5290745290745291;1;0.49943432935117255;0.4;1.0;0;1;0;1
3;0.08333333333333333;0.28320249893898775;0.16134316134316135;0;0.4975236572138225;0.2;0.0;0;1;0;0
4;0.4166666666666667;0.02701714430282101;0.4037674037674038;0;0.429283328621341;0.4;0.0;0;1;0;0
0;0.3333333333333333;0.344350236107046;0.21785421785421785;1;0.7570117691730927;0.4;0.0;0;1;0;1
4;0.08333333333333333;0.17788102243112908;0.44717444717444715;1;0.565069997191792;0.6;0.0;0;0;1;1
4;0.16666666666666666;0.02079473836382739;0.35135135135135137;1;0.715720098341606;0.2;0.0;0;1;0;1
4;0.16666666666666666;0.019383644759590066;0.09582309582309582;1;0.5866540086222481;0.6;0.0;0;1;0;1
2;0.16666666666666666;0.009757261347370871;0.4258804258804259;1;0.33628713173975955;0.6;0.0;0;1;0;1
4;0.16666666666666666;0.031548414783061696;0.2620802620802621;1;0.285238232190125;0.4;0.0;0;1;0;0
4;0.3333333333333333;0.119674775215381;0.5012285012285013;1;0.3415813778729383;0.0;0.0;0;1;0;0
4;0.16666666666666666;0.08166737143188174;0.3570843570843571;1;0.35411504315078096;0.4;1.0;0;1;0;0
4;0.25;0.1056608252566284;0.4217854217854218;0;0.27838173789642995;0.4;0.0;0;1;0;0
3;0.3333333333333333;0.003450486209959609;0.19983619983619982;1;0.41283615849312527;0.6;1.0;0;0;1;1
2;0.4166666666666667;0.009204644503687012;0.26044226044226043;0;0.3626353093148167;0.2;0.0;0;1;0;0
2;0.5;0.13095564707161383;0.28173628173628174;1;0.36051086869035287;0.4;0.0;0;0;1;1
4;0.4166666666666667;0.20947706921278358;0.49713349713349714;1;0.7283888287631939;0.4;0.0;0;1;0;1
3;0.5833333333333334;0.04948714375881933;0.6314496314496314;0;0.3946613060936005;0.0;1.0;1;0;0;1
4;0.3333333333333333;0.020192288333856417;0.2244062244062244;1;0.03733289996445396;0.2;0.0;0;1;0;0
3;0.25;0.04095284847110358;0.5331695331695332;1;0.6709127963001535;0.2;0.0;0;1;0;1
4;0.3333333333333333;0.059022224846935645;0.001638001638001638;1;0.2641826669204744;0.2;0.0;0;1;0;0
2;0.08333333333333333;0.11059912268613976;0.16134316134316135;1;0.10661500788681609;0.2;0.0;1;0;0;0
4;0.5833333333333334;0.05853947445860297;0.19983619983619982;1;0.3482938898645695;0.2;1.0;0;1;0;1
2;0.25;0.2528884240222613;0.13513513513513514;0;0.18320285845397508;0.0;1.0;0;1;0;0
0;0.25;0.05699371404050521;0.09746109746109746;1;0.24370949590459823;0.0;0.0;0;1;0;0
4;0.08333333333333333;0.022198092585776343;0.42424242424242425;0;0.27662709459001983;0.2;0.0;0;1;0;0
3;0.5;0.03169475204679048;0.32186732186732187;1;0.25973133902639745;0.2;0.0;0;1;0;1
0;0.5;0.06956147124609956;0.41850941850941853;0;0.18520563287243413;0.0;0.0;0;1;0;1
4;0.16666666666666666;0.1696559323504751;0.4701064701064701;0;0.7073652111594099;0.4;0.0;0;1;0;1
4;0.16666666666666666;0.22643384125795085;0.4004914004914005;1;0.237146811833092;0.8;1.0;0;1;0;1
4;0.16666666666666666;0.022731794498428142;0.4643734643734644;1;0.22181622147872024;0.2;0.0;0;1;0;0
3;0.25;0.00031743994957954567;0.34561834561834565;1;0.16964024948859413;0.0;0.0;0;1;0;0
4;0.08333333333333333;0.22643549863148435;0.16216216216216217;1;0.2940141401928675;0.8;1.0;0;1;0;1
1;0.08333333333333333;0.028751502218560942;0.5298935298935299;1;0.07830799982685523;0.2;0.0;1;0;0;0
4;0.0;0.19176407659508424;0.26044226044226043;1;0.6865906053716309;0.2;0.0;0;1;0;1
3;0.25;0.0889633475721775;0.2031122031122031;0;0.17040824077650943;0.6;0.0;0;0;1;1
4;0.3333333333333333;0.057534491978239254;0.3276003276003276;1;0.3521075415822175;0.0;1.0;0;1;0;1
4;0.3333333333333333;0.01758980460558852;0.2072072072072072;0;0.07250770897738683;0.2;1.0;0;0;1;0
3;0.25;0.1239773530475034;0.2882882882882883;1;0.40260515649887735;0.4;0.0;0;1;0;0
0;0.25;0.1895982387079674;0.41277641277641275;0;0.4598806887872486;0.6;0.0;0;1;0;1
2;0.4166666666666667;0.06871750688380135;0.4135954135954136;1;0.24810834707395887;0.2;0.0;0;1;0;0
3;0.25;0.06571527948019192;0.20966420966420968;0;0.1030361696329679;0.0;0.0;0;0;1;0
4;0.4166666666666667;0.15655443570021202;0.27682227682227684;1;0.3541613073817497;0.4;0.0;0;1;0;0
2;0.5;0.07708148208646794;0.5323505323505323;0;0.3483682794273486;0.4;0.0;0;1;0;1
4;0.3333333333333333;0.171278845748754;0.4381654381654382;0;0.791785304825585;0.2;0.0;0;1;0;1
4;0.08333333333333333;0.00612090207312771;0.696969696969697;1;0.06715945277481013;0.2;0.0;0;1;0;1
4;0.16666666666666666;0.21682720731390825;0.5503685503685504;1;0.06150264270032657;0.4;0.0;0;1;0;1
4;0.5833333333333334;0.03374539411991999;0.5438165438165438;1;0.3970972677180145;0.2;0.0;0;1;0;1
2;0.08333333333333333;0.020554935738977948;0.1294021294021294;1;0.19362849812907812;0.4;0.0;0;1;0;0
4;0.3333333333333333;0.0035829686373280594;0.48157248157248156;0;0.29788944440426285;0.0;0.0;0;1;0;1
4;0.3333333333333333;0.1997896925526084;0.34807534807534807;1;0.12054577454089715;0.4;0.0;0;0;1;0
4;0.0;0.006828815708891914;0.26617526617526616;0;0.11396743695118487;0.6;0.0;0;1;0;1
4;0.16666666666666666;0.3435812062003331;0.3841113841113841;1;0.24640515986490086;0.4;0.0;0;1;0;0
4;0.4166666666666667;0.09250999684940053;0.5118755118755118;1;0.06133741288536971;0.4;0.0;0;0;1;0
2;0.3333333333333333;0.13340595275147263;0.438984438984439;0;0.6272714618117242;0.2;0.0;0;1;0;0
4;0.3333333333333333;0.14370047151702844;0.21294021294021295;1;0.25956049209264875;0.4;0.0;0;1;0;0
2;0.08333333333333333;0.038459930664441075;0.4782964782964783;1;0.6341972798810791;0.4;0.0;0;0;1;0
3;0.08333333333333333;0.18266060017170987;0.25225225225225223;1;0.4287341806604365;0.6;0.0;0;1;0;1
2;0.4166666666666667;0.3251913181799194;0.3923013923013923;0;0.6857538657266901;0.4;0.0;0;1;0;1
4;0.08333333333333333;0.05131360971276397;0.3071253071253071;0;0.508574991763242;0.8;0.0;1;0;0;1
4;0.3333333333333333;0.20064885713853065;0.32104832104832104;1;0.8144018875045432;0.0;0.0;0;0;1;1
4;0.16666666666666666;0.16444856196878596;0.4823914823914824;1;0.4201165122195686;0.4;0.0;0;1;0;0
4;0.08333333333333333;0.09902656680138779;0.18591318591318592;0;0.6742813179284964;0.0;0.0;0;1;0;1
2;0.25;0.05091964397396659;0.6756756756756757;1;0.5464288023612233;0.6;0.0;0;1;0;1
1;0.25;0.059620946487365205;0.05814905814905815;0;0.37135092478593457;0.4;0.0;0;1;0;1
3;0.16666666666666666;0.04083274116382409;0.2588042588042588;1;0.05775933795298951;0.4;0.0;0;1;0;0
4;0.16666666666666666;0.061750268088977774;0.4176904176904177;1;0.45663139984143253;0.2;0.0;0;1;0;0
0;0.3333333333333333;0.5082597617177468;0.4520884520884521;1;0.39949165891163957;0.2;0.0;0;0;1;0
3;0.4166666666666667;0.05018289031908611;0.33988533988533987;1;0.6521025951835929;0.2;0.0;0;0;1;1
2;0.25;0.12178458603571793;0.34725634725634724;1;0.3981019046943052;0.6;0.0;0;1;0;1
3;0.3333333333333333;0.042777706517275214;0.42424242424242425;0;0.2887023521855921;0.2;0.0;0;1;0;0
4;0.16666666666666666;0.0698701060771796;0.3185913185913186;0;0.5600551319072832;0.2;0.0;0;1;0;1
4;0.16666666666666666;0.009665482101692087;0.5847665847665847;1;0.6049050315486892;0.0;0.0;0;1;0;0
4;0.25;0.16023149400435574;0.49385749385749383;1;0.29642608289834377;0.2;0.0;0;1;0;0
1;0.25;0.12030247552796632;0.4995904995904996;1;0.6430462207932669;0.0;0.0;0;0;1;1
4;0.16666666666666666;0.047432829470132006;0.1981981981981982;0;0.7987340606828355;0.2;1.0;0;1;0;1
3;0.3333333333333333;0.08272597379728716;0.343980343980344;1;0.13570569526094503;0.0;0.0;0;0;1;0
4;0.25;0.2288584642746788;0.3071253071253071;1;0.48789858105693246;0.4;1.0;0;1;0;0
1;0.08333333333333333;0.004987568494066537;0.19164619164619165;1;0.3044050463315411;0.0;0.0;0;1;0;0
4;0.3333333333333333;0.29616384352321234;0.41605241605241605;1;0.3246741014743803;0.0;0.0;0;1;0;1
4;0.3333333333333333;0.0707396524743158;0.26863226863226863;1;0.1488966980901416;0.4;0.0;0;1;0;1
4;0.16666666666666666;0.21842102032746544;0.4643734643734644;1;0.15327924231484336;0.0;0.0;0;0;1;0
4;0.16666666666666666;0.21987942129177435;0.180999180999181;0;0.23028724077136944;0.6;0.0;0;0;1;1
4;0.08333333333333333;0.006662845131385688;0.638001638001638;0;0.42985555191619307;0.4;0.0;0;1;0;0
4;0.08333333333333333;0.1692127933488435;0.20966420966420968;0;0.08551561392174642;0.2;0.0;0;1;0;0
4;0.4166666666666667;0.1468044330659479;0.3923013923013923;1;0.24318714083157575;0.2;0.0;0;1;0;1
1;0.16666666666666666;0.004843371797005819;0.4864864864864865;1;0.5651740129638889;0.4;1.0;1;0;0;0
4;0.4166666666666667;0.31397306799308927;0.2628992628992629;0;0.5119841281809517;0.6;0.0;0;0;1;1
4;0.3333333333333333;0.11193447151045556;0.4963144963144963;0;0.07340748372272958;0.2;1.0;0;1;0;0
1;0.25;0.020332756457830913;0.15561015561015562;1;0.1009386643270435;0.4;0.0;0;1;0;1
4;0.4166666666666667;0.014546434338728379;0.5945945945945946;1;0.4949378403876775;0.6;1.0;0;1;0;1
3;0.3333333333333333;0.09177881223399968;0.35872235872235875;1;0.5298560772789389;0.4;1.0;0;1;0;0
4;0.16666666666666666;0.006677265929054949;0.2588042588042588;1;0.39632666395229754;0.2;0.0;0;1;0;1
4;0.16666666666666666;0.019915942682361815;0.30794430794430794;1;0.13887043326019485;0.0;0.0;0;1;0;0
2;0.25;0.32986540181176727;0.48894348894348894;1;0.26652891833753417;0.4;0.0;0;0;1;0
4;0.08333333333333333;0.15186330689905556;0.26126126126126126;1;0.11961231993514736;0.6;0.0;0;1;0;1
4;0.0;0.10570063780064272;0.23423423423423423;1;0.5521011633259064;0.0;0.0;0;1;0;0
3;0.25;0.02599252349148722;0.3202293202293202;0;0.23844379734408636;0.4;0.0;0;0;1;0
3;0.5;0.02736456720625952;0.1638001638001638;1;0.0847380464058781;0.0;0.0;0;1;0;1
4;0.3333333333333333;0.06560961348393374;0.6552006552006552;0;0.4050340016268785;0.6;0.0;0;1;0;1
4;0.08333333333333333;0.15599892957006897;0.26371826371826373;1;0.24736208149742947;0.2;0.0;0;1;0;0
4;0.3333333333333333;0.0003685557629182352;0.49303849303849306;0;0.3620696697538535;0.2;0.0;0;1;0;0
2;0.25;0.004969236468054175;0.3906633906633907;0;0.45157246014586266;0.2;0.0;0;1;0;1
0;0.16666666666666666;0.227035928578214;0.19574119574119575;1;0.5011470628594937;0.0;0.0;0;1;0;0
4;0.4166666666666667;0.18712233754570606;0.35544635544635544;1;0.23796015450549393;0.4;0.0;0;0;1;0
4;0.16666666666666666;0.1319378494275387;0.48484848484848486;0;0.4382440748343098;0.6;0.0;0;1;0;1
3;0.25;0.07695098855386334;0.32596232596232594;1;0.4766452226164896;0.2;0.0;0;0;1;0
4;0.25;0.0173774064634557;0.552006552006552;1;0.386100609770806;0.4;0.0;0;1;0;0
1;0.25;0.011930072911804084;0.5241605241605242;1;0.8087353047646633;0.2;0.0;0;0;1;1
2;0.3333333333333333;0.2622818286140788;0.506961506961507;0;0.24197893949263066;0.4;0.0;0;1;0;0
4;0.0;0.05357371872055688;0.28173628173628174;1;0.5053624825647699;0.4;0.0;0;1;0;0
2;0.16666666666666666;0.1323180392919743;0.18018018018018017;1;0.05658218738950749;1.0;0.0;0;1;0;1
2;0.25;0.06771119257934928;0.25634725634725636;0;0.537129623068196;0.6;0.0;0;1;0;1
4;0.25;0.14599992957944527;0.389025389025389;1;0.05954909072495727;0.0;1.0;0;1;0;0
4;0.3333333333333333;0.023832283462679283;0.44635544635544633;1;0.4007051874327689;0.6;0.0;0;0;1;1
4;0.25;0.0736728416608088;0.000819000819000819;0;0.11248910623911815;0.0;0.0;0;1;0;0
2;0.3333333333333333;0.052559259312246816;0.35544635544635544;1;0.8850314702803024;0.0;0.0;0;1;0;1
1;0.3333333333333333;0.031208663543942215;0.3824733824733825;0;0.3847319508457741;0.2;0.0;0;1;0;1
0;0.16666666666666666;0.10124879303572;0.31122031122031124;0;0.24970654646561335;0.2;1.0;0;0;1;0
0;0.4166666666666667;0.08560301314411974;0.5683865683865684;1;0.1247023536002072;0.2;1.0;0;1;0;0
3;0.0;0.0761003408706673;0.4258804258804259;1;0.2811960069429087;0.4;1.0;0;0;1;1
2;0.4166666666666667;0.09943585457294618;0.5716625716625716;1;0.431045407279007;0.4;0.0;1;0;0;0
4;0.08333333333333333;0.01704003109127455;0.32104832104832104;1;0.6058462238705955;0.2;0.0;0;1;0;0
4;0.08333333333333333;0.05143678894183912;0.5102375102375102;1;0.23483925666743027;0.4;0.0;0;1;0;0
1;0.5;0.04360957132776165;0.6248976248976249;0;0.629350862236252;0.0;0.0;0;0;1;1
4;0.5;0.1630591625937172;0.5716625716625716;0;0.26873544461684207;0.6;0.0;0;1;0;1
4;0.25;0.003978117608325289;0.17772317772317772;0;0.18693092854311777;0.2;0.0;0;1;0;0
3;0.25;0.036781051376820174;0.3153153153153153;0;0.2874441178313028;0.2;0.0;0;0;1;0
4;0.16666666666666666;0.2786140946456495;0.29975429975429974;1;0.40499801943997477;0.0;0.0;1;0;0;1
4;0.25;0.03967247195650583;0.43652743652743653;0;0.43754233841518997;0.4;0.0;0;0;1;0
4;0.16666666666666666;0.01826242757206862;0.4692874692874693;1;0.5495006516806326;0.8;0.0;0;1;0;1
3;0.4166666666666667;0.1574979083837573;0.2194922194922195;1;0.49126560432344263;0.4;0.0;0;1;0;0
4;0.3333333333333333;0.0053855151918556785;0.3677313677313677;1;0.2984996642512885;0.0;0.0;0;1;0;1
3;0.08333333333333333;0.061759842991488935;0.02620802620802621;0;0.05995793560667478;0.6;0.0;0;1;0;1
4;0.16666666666666666;0.21506490902895706;0.592956592956593;1;0.6854331139191602;0.4;1.0;0;1;0;1
4;0.8333333333333334;0.34276476151769214;0.2727272727272727;1;0.3777026049020972;0.6;0.0;0;1;0;1
1;0.5;0.03179473924158538;0.36609336609336607;0;0.3419162664164312;0.2;0.0;0;1;0;1
4;0.16666666666666666;0.03901468535028921;0.3063063063063063;0;0.31548555313308496;0.2;0.0;0;0;1;0
1;0.0;0.09312769797839161;0.5446355446355446;0;0.5625858487576534;0.0;0.0;0;0;1;0
4;0.5;0.028514615742165142;0.0;1;0.3200604262497798;0.6;0.0;0;0;1;1
4;0.16666666666666666;0.018110945805746386;0.3538083538083538;0;0.7167641484034941;0.0;0.0;0;1;0;1
4;0.25;0.061694240312761946;0.33906633906633904;1;0.37161814110148533;0.4;0.0;0;1;0;0
0;0.16666666666666666;0.008274495008546098;0.28255528255528256;0;0.2642578631973414;0.2;0.0;0;0;1;0
4;0.16666666666666666;0.24988063516233422;0.6396396396396397;0;0.29443290926923377;0.4;1.0;0;1;0;1
4;0.4166666666666667;0.045189648819614514;0.2113022113022113;0;0.1841228660507924;0.4;0.0;0;1;0;1
2;0.08333333333333333;0.04553905483361868;0.4832104832104832;1;0.5066583522756107;0.2;1.0;0;1;0;0
4;0.3333333333333333;0.1743094674187096;0.4152334152334152;0;0.3823168695104407;0.2;0.0;0;1;0;0
4;0.16666666666666666;0.04642508497832414;0.5634725634725635;0;0.5558222434223423;0.0;0.0;0;1;0;0
0;0.4166666666666667;0.15914309041950345;0.24733824733824733;1;0.2934774537562748;0.2;0.0;0;0;1;0
3;0.16666666666666666;0.02218021993151739;0.23669123669123668;1;0.8597723284112848;0.4;1.0;0;0;1;1
1;0.16666666666666666;0.08370055091093667;0.5364455364455365;1;0.3797614716161224;0.6;0.0;0;1;0;1
4;0.3333333333333333;0.1627395691294693;0.4266994266994267;1;0.4603612663324518;0.4;0.0;0;1;0;0
4;0.08333333333333333;0.06642976566413014;0.10401310401310401;0;0.2211391382465513;0.2;1.0;0;0;1;0
3;0.4166666666666667;0.00822235884286555;0.26863226863226863;0;0.12303515761949926;0.2;0.0;0;1;0;1
1;0.3333333333333333;0.14849791706166152;0.4201474201474201;1;0.24372133198368034;0.2;1.0;0;1;0;1
3;0.16666666666666666;0.07574024684939021;0.49385749385749383;0;0.17615878370645596;0.4;0.0;0;0;1;1
3;0.5;0.0422572024596276;0.2457002457002457;1;0.21894193539598583;0.2;0.0;0;0;1;1
4;0.3333333333333333;0.5488212508487228;0.0;1;0.4501310940401779;0.4;0.0;0;0;1;0
2;0.16666666666666666;0.23226288082653357;0.44226044226044225;1;0.44669509889536146;0.0;0.0;0;1;0;0
3;0.25;0.004220523402675923;0.15642915642915642;0;0.20933262319229365;0.2;0.0;0;1;0;0
4;0.4166666666666667;0.10013227605366881;0.02620802620802621;1;0.42724628917259944;0.8;0.0;0;0;1;1
3;0.08333333333333333;0.04864735535660056;0.0;1;0.05460819292436689;0.6;1.0;0;1;0;1
3;0.16666666666666666;0.0041722698111932195;0.48976248976248976;0;0.13409244897518724;0.4;0.0;0;0;1;0
4;0.25;0.0011946018344207257;0.3775593775593776;1;0.2883510371122897;0.2;0.0;0;1;0;0
1;0.0;0.09745491683887293;0.3194103194103194;1;0.14289132158966983;0.4;0.0;0;0;1;0
3;0.3333333333333333;0.0428634682137921;0.583947583947584;1;0.6088807782129207;0.8;0.0;0;1;0;1
3;0.4166666666666667;0.13513007869274282;0.4610974610974611;1;0.42913055399499656;0.0;0.0;0;1;0;0
4;0.3333333333333333;0.06734823495747522;0.6216216216216216;1;0.193246383892131;0.2;0.0;0;1;0;0
1;0.3333333333333333;0.1617757491803889;0.1285831285831286;1;0.41667516337433064;0.8;0.0;0;1;0;1
0;0.16666666666666666;0.18652525205767534;0.35135135135135137;0;0.5987266460804032;0.4;0.0;0;1;0;0
4;0.3333333333333333;0.11906531339660165;0.09172809172809172;0;0.43659546683833084;0.4;0.0;0;1;0;0
4;0.08333333333333333;0.060152531013569537;0.3194103194103194;1;0.27552421721392856;0.4;0.0;0;0;1;0
2;0.5;0.49656454755538104;0.31613431613431614;0;0.48027823049411816;0.2;1.0;0;1;0;1
4;0.5;0.040684491612215934;0.4594594594594595;1;0.2734580359219526;0.6;0.0;0;1;0;1
4;0.3333333333333333;0.080347731617286;0.36445536445536447;0;0.11899532699576078;0.0;0.0;0;1;0;1
1;0.0;0.08169095035104343;0.45864045864045866;1;0.36796387380619433;0.4;0.0;0;0;1;0
4;0.16666666666666666;0.06215212622771868;0.47174447174447176;0;0.2157150694390754;0.4;0.0;0;1;0;1
3;0.3333333333333333;0.014333231109296818;0.7092547092547092;1;0.27175043948103017;0.2;0.0;0;1;0;0
4;0.16666666666666666;0.04853938009571097;0.3046683046683047;1;0.09196810390709434;0.2;0.0;0;0;1;0
4;0.08333333333333333;0.02689200870292772;0.2022932022932023;0;0.15491261706266504;0.4;0.0;0;1;0;0
4;0.4166666666666667;0.2559741341320362;0.3972153972153972;1;0.29552038530187513;0.2;0.0;0;1;0;0
4;0.4166666666666667;0.11846337820159178;0.22522522522522523;1;0.10312420160957013;0.2;0.0;0;1;0;0
4;0.4166666666666667;0.03769641203545409;0.5995085995085995;1;0.43302925248068636;0.2;0.0;0;0;1;1
2;0.3333333333333333;0.09273795315997906;0.3104013104013104;1;0.40753820775157595;0.4;0.0;0;1;0;0
0;0.3333333333333333;0.21342299420139949;0.26371826371826373;1;0.6527259252239082;0.4;0.0;0;0;1;1
1;0.25;0.3031011284671544;0.27927927927927926;0;0.21966082062732564;0.0;0.0;0;0;1;1
4;0.08333333333333333;0.008609307210723949;0.4742014742014742;1;0.11579783158829889;0.4;0.0;0;1;0;0
4;0.16666666666666666;0.1719534691351886;0.3308763308763309;1;0.005588603205351208;0.6;0.0;0;0;1;1
2;0.3333333333333333;0.3771820175224079;0.25143325143325146;1;0.17674460517864823;0.6;0.0;0;1;0;1
4;0.08333333333333333;0.06999494401453968;0.6298116298116299;1;0.3097538564790525;0.2;0.0;0;1;0;0
2;0.25;0.6020273138614003;0.21621621621621623;0;0.7491780066876638;0.6;0.0;0;1;0;1
2;0.3333333333333333;0.35024119505597745;0.3628173628173628;0;0.493395777144773;0.0;0.0;0;0;1;0
1;0.3333333333333333;0.11895400720416195;0.46355446355446356;1;0.1778977919381594;0.2;0.0;0;1;0;1
4;0.25;0.20926004274403825;0.08927108927108927;1;0.6173354976344116;0.2;0.0;0;1;0;0
4;0.6666666666666666;0.03907175415057958;0.4357084357084357;0;0.4506833381862193;0.2;0.0;0;1;0;1
4;0.3333333333333333;0.277488608374918;0.18345618345618345;0;0.26966235344032813;0.4;0.0;0;1;0;0
4;0.16666666666666666;0.09965004495860581;0.4914004914004914;0;0.09375927508564053;0.2;0.0;0;1;0;1
1;0.16666666666666666;0.07922707336789288;0.19901719901719903;1;0.1307518583838786;0.0;0.0;0;1;0;0
4;0.16666666666666666;0.20086015311461725;0.4701064701064701;0;0.7024153518450814;0.2;0.0;0;1;0;1
3;0.3333333333333333;0.24501773560584514;0.538083538083538;1;0.08365146872448763;0.2;0.0;0;1;0;0
4;0.16666666666666666;0.1343575137636989;0.49795249795249796;1;0.5061735246859412;0.6;0.0;0;1;0;1
4;0.25;0.0027516431695658317;0.39803439803439805;1;0.16754948462337707;0.4;0.0;0;1;0;1
4;0.4166666666666667;0.10110920596961223;0.3185913185913186;1;0.3078308600267231;0.4;0.0;0;0;1;1
4;0.08333333333333333;0.19175980696461284;0.2620802620802621;1;0.21157662941037725;0.4;0.0;1;0;0;0
4;0.08333333333333333;0.08761466405333346;0.5978705978705978;1;0.8579854263864118;0.0;0.0;0;1;0;1
3;0.16666666666666666;0.30382326453733854;0.24242424242424243;1;0.5225415430346977;0.2;0.0;0;1;0;0
4;0.3333333333333333;0.25318737993862034;0.18673218673218672;1;0.2901187445582969;0.4;0.0;1;0;0;0
2;0.25;0.08386317604567939;0.46601146601146604;1;0.44705396591833346;0.2;0.0;0;0;1;0
0;0.16666666666666666;0.05748133431271788;0.22604422604422605;0;0.6359502116324517;0.2;0.0;0;1;0;0
0;0.16666666666666666;0.00623389095251238;0.20065520065520065;0;0.14478064554580972;0.2;0.0;0;1;0;0
4;0.0;0.11134219359639307;0.12039312039312039;0;0.7099794160995994;0.4;0.0;0;1;0;1
4;0.5;0.034334107592066766;0.27764127764127766;1;0.5969544660276852;0.2;0.0;0;1;0;1
2;0.16666666666666666;0.12276775144872538;0.34316134316134317;1;0.37529628498505424;0.2;0.0;0;1;0;0
3;0.08333333333333333;0.17832124932014082;0.3963963963963964;1;0.29353521013233524;0.4;0.0;0;0;1;1
4;0.4166666666666667;0.058392619655671794;0.5126945126945127;0;0.747875869955139;0.2;0.0;0;1;0;1
0;0.08333333333333333;0.0016781845078438578;0.4430794430794431;0;0.45826646694124584;0.0;0.0;0;1;0;0
4;0.16666666666666666;0.22295016262328116;0.32514332514332517;0;0.20696551895119103;0.4;0.0;0;0;1;0
4;0.5833333333333334;0.08853303245436421;0.32432432432432434;1;0.2175393750437216;0.2;0.0;0;0;1;1
4;0.25;0.04199306531399551;0.4406224406224406;0;0.62679020567786;0.8;0.0;0;0;1;1
4;0.0;0.11170569100423038;0.5651105651105651;1;0.12114922895761376;0.2;0.0;1;0;0;1
3;0.5;0.12477990735414081;0.3775593775593776;0;0.18828235008879857;0.0;0.0;0;1;0;1
4;0.25;0.017682381018404594;0.2800982800982801;0;0.17749319044575818;0.4;0.0;1;0;0;0
3;0.16666666666666666;0.11560321016485568;0.1941031941031941;1;0.1898124759597891;0.2;0.0;0;0;1;0
3;0.4166666666666667;0.037520444273412945;0.11957411957411958;1;0.48195133884837066;0.0;0.0;0;1;0;1
3;0.4166666666666667;0.1810433992646004;0.46601146601146604;1;0.6498332927230256;0.4;1.0;0;1;0;1
3;0.16666666666666666;0.3158082828150694;0.4512694512694513;1;0.26836525679167117;0.2;1.0;0;1;0;0
1;0.4166666666666667;0.01198389683652691;0.4512694512694513;0;0.14573997058516053;0.6;1.0;0;0;1;1
2;0.4166666666666667;0.2773459994917854;0.3357903357903358;1;0.4987226832024089;0.4;0.0;0;1;0;0
4;0.5833333333333334;0.26003478382283646;0.5872235872235873;0;0.34022842622622795;0.2;0.0;0;1;0;1
4;0.25;0.04665501464208337;0.27764127764127766;0;0.14952718019102246;0.4;1.0;0;1;0;0
4;0.3333333333333333;0.003186075931864633;0.5135135135135135;1;0.4110772013604288;0.2;1.0;0;1;0;1
2;0.3333333333333333;0.12102728030948255;0.35053235053235055;0;0.2679547928201172;0.6;0.0;0;1;0;1
2;0.25;0.04696083640831065;0.2571662571662572;1;0.023296791153139353;0.4;0.0;0;1;0;0
4;0.16666666666666666;0.023603363409756623;0.4537264537264537;0;0.2184775550276517;0.8;0.0;0;0;1;1
0;0.3333333333333333;0.012717536380944193;0.42342342342342343;0;0.5057105695810689;0.2;1.0;0;1;0;0
4;0.25;0.02420773970156288;0.4152334152334152;0;0.36151030723222927;0.4;1.0;0;1;0;0
4;0.25;0.030096058745078882;0.3701883701883702;1;0.1837650955850773;0.2;0.0;0;1;0;1
1;0.3333333333333333;0.1767097813573571;0.35053235053235055;0;0.3119590961393894;0.2;0.0;0;1;0;1
4;0.08333333333333333;0.17035207494628812;0.7477477477477478;1;0.42513166032959315;0.2;0.0;0;1;0;0
4;0.25;0.07581894298522115;0.5503685503685504;1;0.5063516488487662;0.6;0.0;0;1;0;1
3;0.3333333333333333;0.08960353289230301;0.475020475020475;0;0.16863069404070358;0.6;1.0;0;1;0;1
4;0.3333333333333333;0.2779653074986073;0.3751023751023751;1;0.26244341045135894;0.2;0.0;0;1;0;0
4;0.25;0.2654591889919864;0.5217035217035217;0;0.5749249035137477;0.6;0.0;0;1;0;1
3;0.08333333333333333;0.19622669193971984;0.44144144144144143;0;0.5140101760204963;0.6;0.0;0;1;0;1
4;0.8333333333333334;0.05209729016066563;0.36117936117936117;0;0.7012282592318861;0.4;0.0;0;1;0;1
3;0.5;0.05073266532792824;0.3071253071253071;1;0.4559749480978342;0.2;1.0;0;1;0;1
2;0.3333333333333333;0.2434066202137876;0.34316134316134317;0;0.23626770975040087;0.6;0.0;0;1;0;1
4;0.25;0.2904109698733589;0.0;0;0.586776507762608;0.6;0.0;0;0;1;1
3;0.3333333333333333;0.1781518607871061;0.3914823914823915;0;0.2019013612659434;0.0;0.0;0;0;1;0
2;0.3333333333333333;0.15740193812036746;0.27682227682227684;1;0.3497564785242473;0.6;0.0;0;1;0;1
4;0.25;0.09081544085152422;0.6175266175266175;1;0.21005354911063343;0.2;0.0;0;1;0;0
4;0.08333333333333333;0.04588338537861221;0.3595413595413595;1;0.09877265245994285;0.2;0.0;0;1;0;1
3;0.6666666666666666;0.03055895803767191;0.16216216216216217;0;0.5316222856213182;0.4;0.0;0;1;0;1
2;0.3333333333333333;0.016755894200286073;0.3488943488943489;1;0.4443225034794846;0.2;0.0;0;0;1;0
3;0.5;0.14487787332532195;0.1850941850941851;0;0.15681666552621165;0.0;0.0;0;0;1;1
2;0.16666666666666666;0.1668857870552522;0.43407043407043405;1;0.39486790327063365;0.4;0.0;0;0;1;0
2;0.25;0.04935233271092561;0.4045864045864046;0;0.3961064201270733;0.4;0.0;0;0;1;0
2;0.3333333333333333;0.0006046836533413723;0.5135135135135135;1;0.17136650519120325;0.4;0.0;0;0;1;0
4;0.25;0.3103979607007184;0.22686322686322685;1;0.5282541916833116;0.2;1.0;0;1;0;0
4;0.16666666666666666;0.0638684753960144;0.361998361998362;0;0.5840925925752688;0.4;0.0;0;1;0;0
4;0.25;0.4085767749118786;0.13267813267813267;1;0.39073795575508385;0.8;1.0;0;0;1;1
3;0.25;0.1257979131852772;0.47174447174447176;0;0.3801588614804315;0.6;0.0;0;1;0;1
4;0.25;0.014662761677992887;0.44144144144144143;0;0.1677147963967557;0.4;0.0;0;1;0;1
0;0.25;0.043985520425264005;0.4381654381654382;0;0.1407648279980793;0.4;0.0;0;1;0;1
4;0.08333333333333333;0.1190055369977238;0.3570843570843571;1;0.3501975885761939;0.2;0.0;0;0;1;0
4;0.16666666666666666;0.1165040637955166;0.42424242424242425;1;0.5535835172283776;0.2;0.0;0;1;0;0
4;0.3333333333333333;0.029299083912885614;0.6191646191646192;1;0.4923499046865387;0.6;0.0;0;1;0;1
4;0.0;0.021585878003829266;0.3095823095823096;0;0.6575146978237094;0.4;0.0;1;0;0;1
4;0.3333333333333333;0.03598738210871961;0.37919737919737917;1;0.16823914637544485;0.4;1.0;0;0;1;1
0;0.16666666666666666;0.17194484376231914;0.17854217854217855;1;0.5979766980184243;0.2;0.0;1;0;0;0
4;0.16666666666666666;0.03074039316076844;0.21457821457821458;1;0.48614297203577655;0.2;0.0;0;1;0;0
4;0.4166666666666667;0.13455570167243483;0.3726453726453726;0;0.6470589432691852;0.0;0.0;0;1;0;1
4;0.25;0.226940017354854;0.5372645372645373;1;0.23850344543037333;0.4;0.0;0;0;1;0
4;0.08333333333333333;0.055225800911074936;0.3144963144963145;0;0.2748251455763595;0.6;0.0;0;1;0;1
4;0.08333333333333333;0.0007114000454009696;0.3177723177723178;0;0.08648715224978482;0.4;0.0;0;1;0;1
0;0.0;0.01696569774719938;0.28992628992628994;0;0.589492694249232;0.0;0.0;0;1;0;0
3;0.16666666666666666;0.0415240216647056;0.26945126945126946;0;0.5314831054719368;0.4;0.0;0;1;0;0
2;0.16666666666666666;0.023370533649283046;0.4045864045864046;0;0.47348675838668913;0.2;0.0;0;1;0;0
1;0.3333333333333333;0.03796223506603154;0.11138411138411139;1;0.20653059400792867;0.2;0.0;0;1;0;1
4;0.25;0.08731474874678073;0.5667485667485668;1;0.36043659909911624;0.4;0.0;0;1;0;0
4;0.0;0.002301172636756535;0.24733824733824733;0;0.6336475248664193;0.2;0.0;0;0;1;0
3;0.0;0.007323123582422754;0.475020475020475;0;0.33009972683239897;0.6;1.0;0;1;0;1
3;0.3333333333333333;0.21535882723346286;0.14905814905814907;1;0.2537391875554467;0.2;0.0;0;1;0;0
3;0.16666666666666666;0.08213627188526902;0.46601146601146604;1;0.27410420444121775;0.4;0.0;0;1;0;0
2;0.0;0.30497786694240553;0.4668304668304668;1;0.11151167748798152;0.2;1.0;0;1;0;0
4;0.16666666666666666;0.0002955244203299851;0.41932841932841936;1;0.2046065172617137;0.2;0.0;0;0;1;0
4;0.4166666666666667;0.0;0.1941031941031941;1;0.16481015142634708;0.4;0.0;0;1;0;0
4;0.5;0.14964322577039282;0.3972153972153972;1;0.37316752930958286;0.2;0.0;0;0;1;1
4;0.25;0.07189214891130082;0.16298116298116297;1;0.6054112753894277;0.8;0.0;0;1;0;1
4;0.6666666666666666;0.27265398096815496;0.3153153153153153;0;0.5416517604632204;0.4;0.0;0;1;0;1
4;0.5;0.1717841358042933;0.5249795249795249;1;0.4658387881904566;0.0;0.0;0;1;0;1
3;0.3333333333333333;0.07794042619872893;0.4873054873054873;1;0.35675148331947654;0.2;0.0;0;1;0;0
4;0.3333333333333333;0.07237571980798532;0.3595413595413595;0;0.253256169871038;0.4;0.0;0;1;0;0
4;0.0;0.18540899444545508;0.19737919737919737;0;0.5014285259539322;0.2;1.0;0;1;0;0
4;0.16666666666666666;0.1810896288589448;0.46273546273546273;1;0.5234656003330747;0.0;0.0;0;1;0;0
4;0.08333333333333333;0.03601107945058885;0.3595413595413595;1;0.5862586976537496;0.4;0.0;0;0;1;0
2;0.0;0.12486288616038849;0.0;0;0.4220724412535246;0.2;0.0;0;0;1;1
4;0.08333333333333333;0.11460101644008679;0.48484848484848486;1;0.1589765550970563;0.2;0.0;0;1;0;0
2;0.08333333333333333;0.215625368403961;0.35298935298935297;1;0.11573782845965257;0.4;0.0;0;1;0;0
2;0.16666666666666666;0.2257311961472424;0.5536445536445537;1;0.2149730400548883;0.2;0.0;0;1;0;0
3;0.25;0.034685719311751906;0.1769041769041769;0;0.18845296133808317;0.6;0.0;1;0;0;1
2;0.16666666666666666;0.23560794043130365;0.0;0;0.582502921875441;0.2;1.0;0;1;0;0
3;0.25;0.2875080735581131;0.4021294021294021;1;0.3090578555507102;0.2;0.0;0;1;0;0
4;0.0;0.012851448136736582;0.4045864045864046;1;0.2926151171428557;0.4;0.0;0;1;0;1
4;0.4166666666666667;0.09481035061412868;0.07944307944307945;0;0.3812003109057431;0.2;0.0;0;1;0;0
3;0.25;0.06374487715513738;0.19656019656019655;0;0.28773678896298566;0.0;0.0;0;1;0;0
4;0.16666666666666666;0.057137317812631455;0.8083538083538083;0;0.4646287927026664;0.4;0.0;0;1;0;0
3;0.0;0.13569903184754892;0.3063063063063063;1;0.3216092739406731;0.4;0.0;0;0;1;0
4;0.4166666666666667;0.015370583990102743;0.47665847665847666;1;0.32920027089464776;0.2;1.0;0;0;1;0
4;0.16666666666666666;0.1906979812035512;0.2497952497952498;1;0.5516310451114342;0.2;0.0;0;1;0;0
4;0.25;0.0029301795090715204;0.013923013923013924;1;0.5669234418926998;0.0;0.0;0;1;0;0
3;0.5833333333333334;0.09600568542070384;0.3284193284193284;0;0.1378805843516312;0.2;0.0;0;1;0;1
4;0.4166666666666667;0.028343331494074222;0.31285831285831284;1;0.47287236967354884;0.2;0.0;0;0;1;0
2;0.16666666666666666;0.12243821349382611;0.2915642915642916;0;0.07021453358122623;0.4;0.0;0;0;1;0
2;0.16666666666666666;0.08286356642494935;0.33824733824733827;1;0.2169752257066487;0.2;0.0;0;1;0;0
4;0.25;0.9237844774478698;0.39967239967239965;0;0.6775287754848363;0.2;0.0;0;1;0;1
4;0.25;0.22055591682478137;0.3316953316953317;0;0.5413745725589871;0.0;0.0;0;1;0;0
4;0.25;0.04559751343280022;0.14987714987714987;1;0.27601905249454267;0.2;0.0;0;1;0;0
3;0.3333333333333333;0.08358110407561702;0.43652743652743653;1;0.5120372223489422;0.6;1.0;0;1;0;1
4;0.16666666666666666;0.042484650683151486;0.03767403767403767;0;0.07714804119140332;0.2;0.0;1;0;0;0
2;0.08333333333333333;0.1451203646808025;0.020475020475020474;1;0.3877304041758027;0.0;0.0;0;1;0;0
4;0.3333333333333333;0.06100469034959609;0.4774774774774775;0;0.6697546046971747;0.4;0.0;0;1;0;1
3;0.08333333333333333;0.013578774227996313;0.4398034398034398;1;0.7696695078044907;0.2;0.0;0;0;1;1
2;0.75;0.12023009742850813;0.34725634725634724;0;0.556433594587086;0.0;0.0;0;1;0;1
4;0.25;0.0011684982838751226;0.12776412776412777;1;0.2526379116753651;0.8;0.0;1;0;0;1
2;0.5;0.039186801604056645;0.24078624078624078;0;0.10215939162731308;0.2;0.0;0;1;0;1
0;0.4166666666666667;0.26437896651892306;0.31367731367731366;1;0.5660157619676203;0.2;0.0;0;0;1;0
3;0.25;0.010935728659310005;0.095004095004095;1;0.6412308633271523;0.2;0.0;0;1;0;1
2;0.3333333333333333;0.07804434868483778;0.23587223587223588;1;0.0925533865289609;0.6;0.0;0;1;0;1
4;0.3333333333333333;0.1763088492739673;0.46355446355446356;1;0.31449934860200146;0.4;0.0;0;1;0;1
4;0.08333333333333333;0.2612585752096858;0.5904995904995906;0;0.10588337671369094;0.4;0.0;0;1;0;0
4;0.16666666666666666;0.09123787520956203;0.2882882882882883;0;0.754829188587456;0.0;0.0;0;1;0;1
2;0.08333333333333333;0.01843073811009312;0.48075348075348073;0;0.12551403069521624;0.4;0.0;1;0;0;0
2;0.4166666666666667;0.314572629114042;0.043407043407043405;1;0.521479424782924;0.2;0.0;0;0;1;0
4;0.0;0.15385033202937887;0.4643734643734644;0;0.17531667865943415;0.2;0.0;0;1;0;0
3;0.5;0.0559686236700246;0.22522522522522523;1;0.21902805538363515;0.2;0.0;0;1;0;1
4;0.16666666666666666;0.03601660891304146;0.407043407043407;1;0.43062426684700644;0.4;0.0;0;0;1;0
4;0.08333333333333333;0.005370593255760757;0.31613431613431614;1;0.3742409836866432;0.0;0.0;0;0;1;0
3;0.16666666666666666;0.02357359014322892;0.5733005733005733;1;0.7608989686177526;0.4;0.0;0;1;0;1
3;0.08333333333333333;0.1672346945159409;0.21375921375921375;1;0.5000408605886569;0.2;0.0;0;0;1;0
4;0.25;0.012725422221437164;0.4594594594594595;0;0.1650883589246959;0.2;0.0;0;1;0;0
3;0.3333333333333333;0.015350666592520575;0.31122031122031124;1;0.4655035996478982;0.4;0.0;0;1;0;0
4;0.25;0.024194778205316254;0.3308763308763309;0;0.5073433370640291;0.2;0.0;0;1;0;0
4;0.16666666666666666;0.055908134187423644;0.32678132678132676;1;0.3207013618723379;0.0;0.0;0;0;1;0
2;0.4166666666666667;0.02324930035896934;0.21785421785421785;0;0.378566315977554;0.0;0.0;0;1;0;1
2;0.5;0.2610274007003475;0.3546273546273546;1;0.09949401857286254;0.0;1.0;0;1;0;1
3;0.0;0.033081625756806454;0.3464373464373464;0;0.48757676147421514;0.4;0.0;0;1;0;0
2;0.4166666666666667;0.2802511247177451;0.3963963963963964;0;0.07056132114478722;0.4;1.0;0;1;0;0
4;0.16666666666666666;0.4667985043904511;0.3701883701883702;0;0.1675710320131387;0.4;1.0;0;1;0;1
4;0.25;0.15633833965554664;0.4873054873054873;0;0.5154900638006794;0.0;0.0;0;1;0;0
1;0.4166666666666667;0.0007610520071010252;0.5077805077805078;1;0.3523034911575002;0.4;0.0;0;1;0;1
4;0.25;0.030469254162772064;0.18427518427518427;0;0.34265759156682296;0.0;0.0;0;1;0;0
0;0.25;0.03454177428668338;0.4987714987714988;0;0.4926227380080546;0.0;0.0;0;0;1;0
4;0.25;0.08700102904412235;0.16216216216216217;1;0.3716732220677181;0.0;0.0;0;1;0;0
4;0.8333333333333334;0.01911772246389953;0.45290745290745293;0;0.47976520794862365;0.0;0.0;0;0;1;1
4;0.25;0.008871807391664184;0.45782145782145783;1;0.08539108606306486;0.0;0.0;0;1;0;0
4;0.0;0.02151843067174766;0.043407043407043405;0;0.4521173528245833;0.0;1.0;0;1;0;1
4;0.3333333333333333;0.04405162755497332;0.37182637182637185;1;0.29115007020704803;0.4;1.0;0;1;0;0
4;0.4166666666666667;0.005545232450788336;0.2800982800982801;1;0.13417238836334927;0.2;0.0;0;1;0;0
4;0.08333333333333333;0.024116140971703476;0.2325962325962326;0;0.38133204211542;0.6;0.0;0;1;0;1
1;0.6666666666666666;0.02033087953836265;0.5782145782145782;0;0.2762007807220299;0.4;0.0;0;0;1;1
3;0.3333333333333333;0.16460462478961227;0.2497952497952498;0;0.25868976510848724;0.8;0.0;0;0;1;1
2;0.16666666666666666;0.020605756371966575;0.2244062244062244;1;0.6560580699903489;0.2;0.0;0;1;0;1
4;0.0;0.1743982555790581;0.36936936936936937;1;0.38735377628798473;0.2;0.0;0;1;0;1
3;0.08333333333333333;0.07889095834236504;0.4692874692874693;0;0.48258915617805337;0.4;0.0;1;0;0;0
4;0.16666666666666666;0.15773145170297656;0.3333333333333333;1;0.6403110498337385;0.4;0.0;0;1;0;0
4;0.25;0.06652240263620894;0.547911547911548;0;0.35924806793230546;0.0;0.0;0;1;0;0
1;0.0;0.25731322086315195;0.4438984438984439;1;0.27476509785052966;0.2;1.0;1;0;0;0
4;0.08333333333333333;0.0359455241824515;0.0;1;0.1067976983575269;0.2;0.0;1;0;0;0
2;0.16666666666666666;0.16192322917548063;0.2702702702702703;0;0.4460520600513665;0.2;0.0;0;1;0;0
4;0.25;0.019784234530723168;0.26453726453726456;0;0.3111445465236072;0.4;0.0;0;1;0;1
4;0.16666666666666666;0.23832590846239038;0.4348894348894349;1;0.30114485424107956;0.4;0.0;0;1;0;0
4;0.25;0.003140873305345423;0.0;1;0.4710417325248166;0.4;0.0;0;0;1;0
3;0.5833333333333334;0.06796479686181368;0.773955773955774;1;0.31897239206857997;0.2;1.0;0;0;1;1
4;0.16666666666666666;0.06078243875231488;0.4438984438984439;1;0.4438130520170342;0.2;0.0;0;1;0;0
3;0.16666666666666666;0.10870645323196498;0.3808353808353808;1;0.5135722168735167;0.0;0.0;0;0;1;0
2;0.25;0.0646309104032336;0.5503685503685504;0;0.23573051102730283;0.4;0.0;0;0;1;0
2;0.08333333333333333;0.09885935940146323;0.7403767403767404;1;0.45358999451976456;0.4;0.0;0;1;0;0
4;0.3333333333333333;0.22005630498016254;0.4995904995904996;1;0.45318103288982;0.0;0.0;0;0;1;0
4;0.25;0.016974877651166422;0.5118755118755118;1;0.3473670558017582;0.2;0.0;0;1;0;0
4;0.0;0.031075157236973284;0.3783783783783784;0;0.049065057238197624;0.2;0.0;0;1;0;0
4;0.25;0.18058828160708223;0.3333333333333333;1;0.09125303471177339;0.4;0.0;0;1;0;0
1;0.08333333333333333;0.028732403117209506;0.2784602784602785;1;0.5830016870604752;0.0;0.0;0;0;1;0
3;0.25;0.26260881702826894;0.22113022113022113;1;0.45084268234819275;0.2;0.0;0;1;0;0
2;0.0;0.08652915756308231;0.24406224406224405;0;0.5340834578590657;0.4;0.0;0;1;0;1
4;0.3333333333333333;0.009433811552209953;0.13513513513513514;0;0.35665570187246276;0.6;0.0;0;0;1;1
4;0.4166666666666667;0.0022533496834165555;0.343980343980344;1;0.2283074443484612;0.4;0.0;0;1;0;0
4;0.16666666666666666;0.16007668290884217;0.08108108108108109;1;0.29255773076510694;0.4;0.0;0;0;1;0
4;0.3333333333333333;0.2158314732260575;0.3882063882063882;1;0.249016160661377;0.2;0.0;0;1;0;0
4;0.16666666666666666;0.030446487244284236;0.35053235053235055;0;0.5132505959644342;0.2;1.0;0;1;0;0
4;0.8333333333333334;0.030580548819974473;0.3808353808353808;0;0.31626330439399547;0.2;0.0;0;1;0;1
3;0.25;0.3427824413320863;0.2710892710892711;1;0.5898338266910009;0.4;0.0;0;0;1;0
4;0.16666666666666666;0.11872587126764744;0.8607698607698607;1;0.47573117204345317;0.0;1.0;0;1;0;0
4;0.16666666666666666;0.02034346363046527;0.5798525798525799;1;0.19638223336810587;0.2;0.0;0;1;0;0
4;0.0;0.06616467455801076;0.15315315315315314;1;0.543581235421009;0.4;0.0;0;0;1;0
4;0.16666666666666666;0.2683965818046346;0.39475839475839475;1;0.17185454735287686;0.0;0.0;0;1;0;0
4;0.25;0.10793528127355227;0.2571662571662572;0;0.36960759313969477;0.6;0.0;1;0;0;1
4;0.16666666666666666;0.05816255191719415;0.19082719082719082;1;0.1805734997316712;0.6;0.0;0;0;1;1
3;0.16666666666666666;0.018148873095130077;0.13677313677313677;1;0.4972121758837859;0.8;0.0;0;1;0;1
4;0.5833333333333334;0.14398089601480052;0.4275184275184275;0;0.3169825366649917;0.4;0.0;0;1;0;1
2;0.16666666666666666;0.03592156664379155;0.24488124488124488;0;0.6002169456593455;0.0;0.0;0;1;0;0
3;0.16666666666666666;0.09278359089585411;0.5151515151515151;1;0.5430089860853946;0.4;0.0;0;1;0;0
3;0.25;0.10192267330038214;0.5192465192465192;1;0.2887127977261024;0.6;0.0;0;0;1;1
1;0.4166666666666667;0.09013393303484192;0.5814905814905815;1;0.5278169918294721;0.0;0.0;1;0;0;1
4;0.25;0.03142096554727587;0.21703521703521703;1;0.7082342786896488;0.2;0.0;0;1;0;1
2;0.16666666666666666;0.13700537075308064;0.4348894348894349;1;0.4543052605465462;0.4;0.0;0;1;0;0
4;0.25;0.09281930213150598;0.46027846027846026;0;0.12507064608048782;0.4;0.0;0;1;0;0
4;0.0;0.05745374105585092;0.27927927927927926;1;0.06041975758444859;0.2;0.0;0;1;0;0
3;0.08333333333333333;0.005887578264318819;0.23013923013923013;1;0.6095470115033597;0.0;1.0;0;1;0;0
4;0.3333333333333333;0.0447005989423402;0.61998361998362;1;0.4305199496197321;0.4;0.0;0;1;0;0
4;0.25;0.04828227260807053;0.3939393939393939;0;0.21215525984076866;0.0;1.0;0;1;0;0
2;0.0;0.17419765840366414;0.4610974610974611;1;0.16761035562439158;0.0;0.0;0;1;0;0
4;0.3333333333333333;0.08008849747840963;0.22194922194922195;1;0.21614653552053112;0.0;0.0;0;0;1;0
4;0.4166666666666667;0.2992392135197389;0.15724815724815724;1;0.6056164157367763;0.6;1.0;0;1;0;1
3;0.25;0.15450502737471233;0.26371826371826373;1;0.8119643694699641;0.4;0.0;0;0;1;1
4;0.16666666666666666;0.0858511284776176;0.3366093366093366;0;0.7286832932530443;0.4;0.0;0;1;0;1
4;0.0;0.020513584349070454;0.18263718263718265;1;0.20613268835425724;0.4;1.0;0;0;1;0
4;0.25;0.027723570534529233;0.35544635544635544;1;0.3549857565083427;0.2;1.0;0;1;0;0
4;0.3333333333333333;0.01934080473407541;0.08026208026208026;1;0.3725654113143914;0.2;0.0;0;0;1;0
4;0.25;0.06501316852034932;0.17280917280917282;0;0.43817896520316973;0.6;0.0;0;0;1;1
4;0.16666666666666666;0.1425778284783766;0.4668304668304668;0;0.5307585128457363;0.4;1.0;0;1;0;1
4;0.25;0.1584092818122792;0.45536445536445536;1;0.5577349928672736;0.4;0.0;0;1;0;1
4;0.25;0.01117882932366286;0.29238329238329236;1;0.33135751028869187;0.6;0.0;0;0;1;1
3;0.16666666666666666;0.07614880371949918;0.19000819000819;0;0.2870812018424122;0.2;0.0;0;0;1;0
4;0.25;0.07299978287151934;0.18837018837018837;1;0.19731934628072662;0.4;0.0;0;0;1;0
2;0.4166666666666667;0.06422431168880523;0.29565929565929566;1;0.5709340839686854;0.2;0.0;0;0;1;0
2;0.25;0.03981017609751555;0.4619164619164619;1;0.8182017791644557;0.4;1.0;0;1;0;1
4;0.16666666666666666;0.07179772364758304;0.5085995085995086;0;0.09217253812313723;0.2;0.0;0;1;0;0
2;0.08333333333333333;0.08081342066682597;0.2751842751842752;1;0.07251365806487517;0.4;0.0;0;1;0;0
4;0.5;0.10179918244669088;0.1678951678951679;0;0.13825394910315283;0.4;0.0;1;0;0;1
4;0.4166666666666667;0.05264836371508558;0.4004914004914005;1;0.4429328202146753;0.4;0.0;0;1;0;0
1;0.5833333333333334;0.3228564121738471;0.22194922194922195;1;0.6271957992851618;0.0;0.0;0;1;0;1
3;0.0;0.04596813114575407;0.2719082719082719;0;0.36174221296851417;0.4;0.0;0;0;1;0
2;0.4166666666666667;0.25075814028284854;0.5741195741195741;0;0.1264752103123947;0.0;0.0;0;0;1;0
4;0.4166666666666667;0.17970786572660136;0.49221949221949224;1;0.3044599266159712;0.4;0.0;0;1;0;0
0;0.08333333333333333;0.06958320219612132;0.3824733824733825;1;0.3887053805577408;0.6;0.0;0;1;0;1
0;0.16666666666666666;0.07623747157720973;0.14823914823914824;1;0.3518156373363684;0.4;0.0;0;1;0;0
4;0.25;0.22682194782960818;0.3914823914823915;1;0.4492993641117285;0.2;1.0;0;1;0;0
2;0.0;0.07544781036858349;0.5307125307125307;0;0.26258685754611677;0.2;0.0;0;0;1;0
4;0.08333333333333333;0.12649673122209998;0.29484029484029484;1;0.24376505071072085;0.2;0.0;0;1;0;0
3;0.6666666666666666;0.1843080661086539;0.5782145782145782;1;0.33920457662336306;0.2;1.0;0;0;1;1
3;0.16666666666666666;0.2652669983452543;0.5683865683865684;1;0.6721132974030936;0.4;0.0;0;0;1;1
2;0.08333333333333333;0.027314511032941614;0.628992628992629;1;0.013710188288504283;0.0;1.0;0;1;0;0
3;0.3333333333333333;0.4120221283594291;0.407043407043407;1;0.22729880465015473;0.2;0.0;0;1;0;0
1;0.3333333333333333;0.3740093332464259;0.45290745290745293;1;0.5209798879665765;0.4;0.0;0;1;0;1
4;0.08333333333333333;0.03919707703423522;0.588042588042588;1;0.36212663458595235;0.6;0.0;0;1;0;1
2;0.3333333333333333;0.10576946341186966;0.42997542997543;1;0.3625632271411732;0.4;0.0;0;1;0;0
4;0.25;0.005277329016581381;0.27436527436527436;0;0.5444340104657671;0.4;1.0;0;0;1;0
4;0.3333333333333333;0.020371970023255245;0.2833742833742834;1;0.4655405188993477;0.4;0.0;0;1;0;0
4;0.4166666666666667;0.09747079498658055;0.3955773955773956;1;0.4970991869980552;0.2;1.0;0;0;1;0
2;0.3333333333333333;0.11677512643280813;0.14496314496314497;1;0.4334033592316404;0.2;0.0;0;1;0;1
4;0.08333333333333333;0.0850348694258034;0.3333333333333333;1;0.32159528050326464;0.4;1.0;0;1;0;0
3;0.3333333333333333;0.1356586153499244;0.5364455364455365;1;0.2667640018613465;0.2;1.0;1;0;0;0
3;0.25;0.17512183755553865;0.0;0;0.6655613518443864;0.4;0.0;0;1;0;1
4;0.08333333333333333;0.020456302323519616;0.6076986076986077;0;0.1734974449713073;0.4;0.0;0;1;0;0
4;0.16666666666666666;0.11984152355333133;0.5405405405405406;1;0.40923226679263475;0.4;1.0;0;1;0;1
4;0.3333333333333333;0.09193774984213056;0.28173628173628174;1;0.16470472144140771;0.2;1.0;0;1;0;0
4;0.16666666666666666;0.013849355952302352;0.44553644553644556;1;0.6140455473788398;0.2;1.0;0;0;1;0
4;0.16666666666666666;0.028810340502280027;0.3570843570843571;0;0.40246020957363837;0.0;0.0;0;1;0;0
4;0.25;0.060477310558411275;0.5577395577395577;0;0.593912084166311;0.2;0.0;0;1;0;0
4;0.25;0.22172246287187292;0.5176085176085176;0;0.5803045806013408;0.4;0.0;0;1;0;0
3;0.4166666666666667;0.027152619498612876;0.12694512694512694;0;0.2534426315415464;0.4;0.0;0;0;1;0
4;0.25;0.022408991126036556;0.45290745290745293;1;0.48115934914101677;0.4;0.0;0;1;0;0
2;0.3333333333333333;0.1419487754089351;0.3226863226863227;1;0.34397820802696294;0.4;0.0;0;1;0;0
4;0.3333333333333333;0.4139684946457232;0.3701883701883702;0;0.27252101974810816;0.2;0.0;0;1;0;0
4;0.5833333333333334;0.06591108019282388;0.2375102375102375;1;0.4274825221849253;0.4;1.0;0;1;0;1
0;0.4166666666666667;0.04788607564793823;0.642915642915643;1;0.34009898260948773;0.2;0.0;0;1;0;0
4;0.5833333333333334;0.032526222571937644;0.5274365274365275;0;0.5378678647911356;0.2;0.0;0;1;0;1
0;0.3333333333333333;0.00560737824696519;0.23587223587223588;1;0.26044779115527245;0.4;0.0;0;1;0;1
4;0.3333333333333333;0.021796578036722362;0.13841113841113842;0;0.23656272082339624;0.2;0.0;0;1;0;0
0;0.3333333333333333;0.010842505685174562;0.2932022932022932;0;0.0501101366605571;0.4;0.0;0;1;0;0
4;0.25;0.07575015710151242;0.4275184275184275;1;0.25132497381266466;0.4;0.0;0;0;1;1
4;0.16666666666666666;0.4256093704953164;0.3963963963963964;1;0.46453967329968554;0.6;0.0;0;0;1;1
4;0.25;0.17221167381969518;0.5618345618345618;1;0.2367917667510136;0.0;0.0;0;1;0;0
3;0.4166666666666667;0.10235479087544694;0.4856674856674857;1;0.13062060082930121;0.2;0.0;0;1;0;0
3;0.4166666666666667;0.07412067223268147;0.5151515151515151;1;0.27691029722548466;0.2;0.0;0;1;0;0
4;0.0;0.10676884123097699;0.4103194103194103;0;0.26197564576564086;0.2;0.0;0;0;1;0
4;0.0;0.05240942087442372;0.1294021294021294;1;0.1861650508339364;0.2;0.0;0;1;0;0
4;0.5833333333333334;0.021792673946631244;0.32432432432432434;1;0.31446034344987367;0.4;0.0;0;0;1;1
4;0.08333333333333333;0.09907477674468174;0.5307125307125307;1;0.6598876170964494;0.4;0.0;0;1;0;1
4;0.4166666666666667;0.08349167167356673;0.34807534807534807;1;0.27350431894159183;0.4;0.0;0;1;0;0
4;0.0;0.3217192617757836;0.438984438984439;1;0.33615048709601586;0.6;0.0;1;0;0;1
4;0.25;0.11668822037183488;0.3046683046683047;0;0.49844991063176036;0.0;0.0;0;0;1;0
2;0.25;0.16512943817315595;0.18837018837018837;0;0.3757077481052054;0.4;0.0;0;0;1;1
4;0.4166666666666667;0.01075498893728928;0.3366093366093366;1;0.46367877078945063;0.4;0.0;0;1;0;0
2;0.4166666666666667;0.15915711931974288;0.407043407043407;1;0.4175177202358651;0.6;0.0;0;1;0;1
4;0.4166666666666667;0.45230878928100676;0.24897624897624898;0;0.17715546516489297;0.0;0.0;0;1;0;0
2;0.16666666666666666;0.11915012129022336;0.3177723177723178;1;0.5553491583296285;0.4;0.0;0;1;0;0
4;0.3333333333333333;0.15071104151895529;0.2031122031122031;0;0.14949299551504658;0.2;0.0;0;1;0;0
2;0.4166666666666667;0.43257865029527454;0.5397215397215397;0;0.18050502264777257;0.6;1.0;0;1;0;1
4;0.08333333333333333;0.05516224205698927;0.30876330876330876;0;0.753712765054528;0.2;0.0;0;1;0;1
1;0.0;0.19334488233811353;0.5945945945945946;1;0.3655796599658719;0.4;0.0;0;1;0;0
2;0.25;0.05671164874320761;0.6068796068796068;0;0.12096830319893193;0.4;0.0;0;0;1;0
2;0.08333333333333333;0.061682049578827176;0.34316134316134317;1;0.06662542058691094;0.6;0.0;0;0;1;1
4;0.5;0.11939283942578377;0.19164619164619165;1;0.24891144400339063;0.2;0.0;0;1;0;1
4;0.25;0.03289649177833771;0.014742014742014743;0;0.7261717497553715;0.4;1.0;0;1;0;1
4;0.25;0.5486065408490878;0.11547911547911548;1;0.5766979399935473;0.0;1.0;0;1;0;1
3;0.08333333333333333;0.04436298034365061;0.13185913185913187;1;0.23471340947805433;0.0;0.0;0;0;1;1
3;0.3333333333333333;0.01451506819257523;0.5823095823095823;1;0.22650465771433043;0.2;1.0;0;1;0;0
2;0.0;0.04326078965971629;0.3759213759213759;1;0.22083738972419806;0.4;0.0;0;0;1;0
2;0.6666666666666666;0.2155339677146505;0.4201474201474201;1;0.4854248610790227;0.4;0.0;0;0;1;1
2;0.08333333333333333;0.041852950707282614;0.0;0;0.5976231921391474;0.2;0.0;0;1;0;0
1;0.3333333333333333;0.10508814348929793;0.16052416052416052;1;0.45399559311871496;0.4;0.0;0;1;0;1
3;0.0;0.3046144696286303;0.502047502047502;1;0.4199445568902025;0.4;0.0;1;0;0;0
4;0.25;0.03342850938926225;0.4037674037674038;1;0.3937282443811805;0.6;0.0;0;1;0;1
4;0.08333333333333333;0.015600527909150128;0.3325143325143325;0;0.13886948693509232;0.6;0.0;0;1;0;1
1;0.3333333333333333;0.011264668298015706;0.4488124488124488;0;0.6800274851018673;0.2;0.0;1;0;0;1
3;0.4166666666666667;0.0645184873558568;0.6248976248976249;1;0.2965969019164031;0.0;0.0;0;1;0;0
3;0.4166666666666667;0.012184872271273683;0.3202293202293202;1;0.48673926799924383;0.2;0.0;0;0;1;0
3;0.25;0.06722331237891906;0.3677313677313677;1;0.6262737172069892;0.0;0.0;0;0;1;0
4;0.4166666666666667;0.22087511616660185;0.3882063882063882;0;0.29592241061374325;0.4;0.0;0;0;1;1
3;0.5;0.1671380268449585;0.7485667485667485;1;0.4331773919633882;0.0;0.0;0;1;0;1
4;0.3333333333333333;0.09690642530349612;0.013104013104013105;1;0.22872856310533765;0.2;0.0;0;1;0;0
4;0.0;0.21133175414316746;0.46846846846846846;0;0.6487970352095307;0.4;0.0;0;1;0;1
4;0.0;0.011687030718703088;0.33824733824733827;0;0.13510550058321377;0.4;0.0;0;0;1;0
4;0.5833333333333334;0.10453470381636748;0.44963144963144963;1;0.19818983928025177;0.4;0.0;0;0;1;1
2;0.0;0.013604388605725702;0.24897624897624898;1;0.29188071251438735;0.4;0.0;0;1;0;1
4;0.3333333333333333;0.07314982614288258;0.3488943488943489;1;0.332850043567443;0.4;0.0;0;1;0;0
4;0.3333333333333333;0.06920755693455678;0.47338247338247336;1;0.36411738007127975;0.2;1.0;0;1;0;1
3;0.08333333333333333;0.034211492899428785;0.8665028665028665;1;0.43608949816402237;0.6;0.0;0;0;1;1
1;0.16666666666666666;0.19699623655325643;0.48894348894348894;1;0.4155524812455478;0.2;0.0;0;0;1;0
0;0.25;0.028756000103701947;0.21785421785421785;0;0.622238845080601;0.6;1.0;0;0;1;1
4;0.3333333333333333;0.08924762632961152;0.28746928746928746;0;0.08457330133578507;0.4;0.0;0;0;1;1
1;0.25;0.07317602786622097;0.28255528255528256;1;0.15600718943220854;0.2;0.0;0;0;1;1
3;0.16666666666666666;0.06279891011895201;0.062244062244062245;1;0.7088066675985836;0.4;0.0;0;0;1;1
4;0.0;0.00372663059491427;0.3022113022113022;1;0.11195914040717983;0.2;1.0;0;1;0;0
1;0.16666666666666666;0.13268844334227192;0.47665847665847666;1;0.2684086087621879;0.0;1.0;0;1;0;0
3;0.25;0.0013509509082565764;0.14823914823914824;0;0.47166762790627625;0.0;0.0;0;0;1;0
3;0.08333333333333333;0.1910702447968844;0.5282555282555282;1;0.28833013995584206;0.4;0.0;0;1;0;1
1;0.3333333333333333;0.034399289442699675;0.43652743652743653;1;0.38491589022170003;0.4;0.0;0;1;0;1
4;0.5833333333333334;0.014154820682457587;0.23669123669123668;1;0.25478802784761334;0.2;1.0;0;1;0;1
4;0.0;0.0599745140170336;0.3333333333333333;0;0.1428709083387995;0.4;0.0;0;1;0;1
4;0.0;0.09111717247107748;0.6183456183456183;0;0.491856941441511;0.2;0.0;0;1;0;0
3;0.16666666666666666;0.041276213968977744;0.47665847665847666;0;0.16603676491678648;0.2;0.0;0;1;0;0
4;0.0;0.014380029991771329;0.3579033579033579;0;0.20303460225950887;0.2;0.0;0;1;0;0
4;0.4166666666666667;0.0019886027227031503;0.3177723177723178;1;0.16892574825397433;0.4;0.0;0;1;0;0
0;0.25;0.1353166419242166;0.36936936936936937;1;0.2457412676720499;0.2;0.0;0;1;0;0
4;0.75;0.24197991770740943;0.2727272727272727;1;0.2688436708112386;0.0;0.0;0;0;1;1
2;0.0;0.011718076415558984;0.012285012285012284;0;0.21587856863523736;0.8;0.0;0;1;0;1
4;0.08333333333333333;0.029103432297714688;0.6912366912366913;1;0.3238870841157221;0.6;0.0;0;1;0;1
3;0.08333333333333333;0.0022043803902335657;0.3824733824733825;1;0.587822738156615;0.4;1.0;0;1;0;0
1;0.3333333333333333;0.24064608596928513;0.4217854217854218;0;0.14547759369871296;0.0;0.0;0;1;0;1
4;0.16666666666666666;0.06539082103976332;0.34725634725634724;0;0.3455349629493467;0.2;0.0;0;1;0;0
4;0.5833333333333334;0.28843251174537055;0.23587223587223588;1;0.1933159866822905;0.2;0.0;0;0;1;1
4;0.16666666666666666;0.07017334887189165;0.32596232596232594;0;0.40701296032634626;0.6;0.0;0;0;1;1
4;0.08333333333333333;0.22044328610058714;0.095004095004095;1;0.07916143326617646;0.2;0.0;0;1;0;0
1;0.3333333333333333;0.33723650908576974;0.7297297297297297;1;0.19938282882708558;0.4;0.0;0;1;0;1
4;0.16666666666666666;0.04534936905018683;0.1547911547911548;1;0.24436746225127207;0.4;0.0;0;1;0;1
4;0.0;0.1138268362045165;0.18755118755118755;1;0.5941692644948767;0.4;0.0;1;0;0;0
3;0.5;0.12208779091709199;0.2841932841932842;0;0.21880750297087587;0.0;0.0;1;0;0;1
1;0.16666666666666666;0.0023384190763119277;0.5675675675675675;1;0.35538874067812115;0.4;0.0;0;1;0;1
4;0.25;0.06409400995277374;0.35872235872235875;1;0.6036879311215817;0.4;0.0;0;1;0;0
3;0.08333333333333333;0.21504189536050583;0.15397215397215397;0;0.5520624431632383;0.0;0.0;0;0;1;0
2;0.3333333333333333;0.3252836383996112;0.5618345618345618;0;0.5608379977170648;0.4;0.0;0;0;1;0
4;0.3333333333333333;0.2552693651112898;0.47665847665847666;0;0.2089548939702811;0.2;0.0;0;1;0;0
4;0.0;0.4013990949683292;0.44471744471744473;1;0.1587206787477987;0.0;0.0;1;0;0;0
3;0.0;0.11771260164813424;0.4742014742014742;1;0.19542038126304323;0.2;0.0;0;1;0;0
2;0.25;0.0294170700846978;0.7485667485667485;1;0.022502346511842825;0.2;0.0;0;1;0;0
4;0.5833333333333334;0.09523822783345487;0.714987714987715;0;0.2072713068948549;0.2;0.0;0;0;1;1
2;0.08333333333333333;0.06076046159403639;0.24406224406224405;1;0.8060055448890253;1.0;0.0;0;1;0;1
4;0.3333333333333333;0.033231196878953394;0.6224406224406225;1;0.5367472579117405;0.0;0.0;0;0;1;0
4;0.25;0.16481344282676336;0.41932841932841936;0;0.23852074494076855;0.2;0.0;0;1;0;0
4;0.08333333333333333;0.11031753920446648;0.4381654381654382;1;0.28098842400885504;0.4;0.0;0;1;0;0
4;0.5833333333333334;0.1736347701322415;0.07944307944307945;0;0.5762010451242384;0.8;0.0;0;1;0;1
4;0.08333333333333333;0.034869871596987345;0.3284193284193284;0;0.8458331781707706;0.2;0.0;0;1;0;1
3;0.25;0.2605413367635886;0.22358722358722358;0;0.48670289764307406;0.2;1.0;0;1;0;0
4;0.4166666666666667;0.030278153914667903;0.49221949221949224;0;0.19006601091863778;0.2;0.0;1;0;0;0
4;0.08333333333333333;0.10241971091978117;0.5323505323505323;1;0.3919306736345522;0.0;0.0;0;1;0;0
4;0.4166666666666667;0.006448196680776066;0.0171990171990172;1;0.42838621118735815;0.8;0.0;0;0;1;1
4;0.3333333333333333;0.08656621850324847;0.35298935298935297;0;0.1299909978031927;0.2;1.0;0;1;0;0
4;0.08333333333333333;0.011495926124613072;0.5405405405405406;0;0.2778075551148203;0.4;0.0;0;0;1;0
3;0.08333333333333333;0.04485895970110338;0.32596232596232594;1;0.5474099866834635;0.2;0.0;0;1;0;0
0;0.08333333333333333;0.21924370867110035;0.47583947583947583;0;0.16889439989676824;0.2;0.0;0;1;0;0
3;0.3333333333333333;0.24915442298393223;0.4144144144144144;1;0.5032958335933795;0.0;0.0;0;1;0;0
4;0.3333333333333333;0.1621580797784117;0.41277641277641275;1;0.06636350186846854;0.4;0.0;0;1;0;0
3;0.3333333333333333;0.05093509581550228;0.31203931203931207;1;0.376169499502939;0.4;0.0;0;1;0;0
1;0.5;0.09611707543968602;0.15724815724815724;1;0.38972083225129456;0.2;0.0;0;1;0;1
4;0.4166666666666667;0.028145140041911328;0.17280917280917282;1;0.27535311451855715;0.4;0.0;0;0;1;0
3;0.08333333333333333;0.12613972452889172;0.4725634725634726;1;0.35708946439542766;0.2;0.0;0;0;1;0
3;0.16666666666666666;0.04741884939885878;0.3595413595413595;0;0.20336378774454475;0.2;1.0;1;0;0;0
4;0.25;0.027718628434326667;0.33415233415233414;1;0.15864915127277993;0.6;0.0;0;1;0;1
4;0.3333333333333333;0.09777952810133944;0.28746928746928746;0;0.2815211756581471;0.2;0.0;1;0;0;0
4;0.25;0.013122400151889427;0.3063063063063063;1;0.09319267951287408;0.4;0.0;0;0;1;0
4;0.16666666666666666;0.12906628283587562;0.5282555282555282;0;0.732171031427981;0.4;0.0;0;1;0;1
4;0.16666666666666666;0.022966223813473963;0.3013923013923014;1;0.10414058539195888;0.2;0.0;0;1;0;0
4;0.25;0.0896359371678545;0.13677313677313677;1;0.13228267038999403;0.2;1.0;0;1;0;1
2;0.25;0.05538798722358991;0.4782964782964783;1;0.7424790858081468;0.4;0.0;0;1;0;1
3;0.25;0.09286923685967084;0.3235053235053235;1;0.3697602351962179;0.6;0.0;0;1;0;1
3;0.0;0.031342594112197725;0.361998361998362;1;0.26405883551951953;0.4;0.0;0;1;0;0
1;0.25;0.041280515456529825;0.61998361998362;0;0.07691984938572424;0.4;0.0;0;0;1;1
4;0.4166666666666667;0.01675366700631791;0.35298935298935297;1;0.5394150882743355;0.0;1.0;0;1;0;0
4;0.16666666666666666;0.16687921531021013;0.4037674037674038;1;0.21565457040490907;0.2;0.0;0;1;0;0
4;0.3333333333333333;0.008018607751989842;0.1638001638001638;1;0.4262602298374951;0.2;0.0;0;0;1;0
3;0.25;0.052482176191797535;0.32104832104832104;0;0.6687965645422795;0.0;0.0;0;0;1;1
4;0.25;0.06626760228402023;0.4561834561834562;0;0.19314956093124813;0.2;0.0;1;0;0;0
4;0.16666666666666666;0.024094291454865916;0.10155610155610155;1;0.4082813635091201;0.2;1.0;0;1;0;0
3;0.0;0.05398890362696066;0.38984438984438985;1;0.6537915051130363;0.4;0.0;0;1;0;1
0;0.08333333333333333;0.0601746350997786;0.37346437346437344;1;0.4979693364512049;0.2;0.0;0;1;0;0
4;0.3333333333333333;0.028195539354293513;0.36363636363636365;1;0.3161189182936114;0.4;0.0;0;1;0;0
3;0.0;0.11337705416180227;0.5266175266175266;0;0.10277227279641121;0.4;0.0;0;1;0;0
4;0.16666666666666666;0.0034175770328034997;0.41113841113841115;1;0.8089132310154802;0.6;0.0;0;1;0;1
2;0.25;0.024420839559605903;0.5986895986895987;0;0.4246659234638023;0.0;0.0;1;0;0;0
3;0.16666666666666666;0.1087905652827579;0.1941031941031941;1;0.6599991070870772;0.8;0.0;0;1;0;1
4;0.25;0.10981715794087861;0.37919737919737917;1;0.38637174036784017;0.0;0.0;0;1;0;0
2;0.4166666666666667;0.03422773103717604;0.3701883701883702;1;0.39788706632506193;0.4;0.0;0;1;0;0
4;0.4166666666666667;0.1277775867906428;0.18181818181818182;0;0.5235301818187268;0.2;0.0;0;0;1;0
3;0.25;0.07052733153699131;0.5135135135135135;1;0.21129669470529217;0.2;1.0;0;1;0;0
3;0.3333333333333333;0.08328987300304139;0.7371007371007371;0;0.37173283142740404;0.2;0.0;0;1;0;1
0;0.16666666666666666;0.04492487271634701;0.3538083538083538;0;0.5488804231228861;0.4;0.0;0;1;0;0
4;0.25;0.46194941827110225;0.4398034398034398;0;0.5575016370729616;0.2;0.0;0;1;0;0
4;0.3333333333333333;0.1487031669685205;0.3701883701883702;1;0.1071218547041921;0.4;0.0;0;1;0;0
3;0.5833333333333334;0.03170737863278636;0.23996723996723995;0;0.5652907216543759;0.6;0.0;0;1;0;1
0;0.16666666666666666;0.029964292173160625;0.05814905814905815;0;0.16798602563155435;0.2;0.0;0;1;0;0
4;0.25;0.16549491434457203;0.24078624078624078;1;0.23233779612388825;0.2;0.0;0;0;1;0
4;0.25;0.054567253709246734;0.1285831285831286;0;0.5459533735120257;0.0;0.0;0;1;0;0
0;0.08333333333333333;0.01060917718689234;0.6355446355446356;0;0.33081840869194035;0.4;0.0;0;0;1;0
4;0.16666666666666666;0.003963791544507534;0.33742833742833744;1;0.45414417541417146;0.2;0.0;0;1;0;0
3;0.08333333333333333;0.05938730868548453;0.29975429975429974;1;0.30505630433616304;0.4;0.0;0;1;0;1
3;0.0;0.05953018175953906;0.502047502047502;0;0.4426651168947209;0.2;0.0;0;1;0;0
2;0.3333333333333333;0.13646588093485143;0.17280917280917282;1;0.10051509380864924;0.0;0.0;0;1;0;0
4;0.08333333333333333;0.0950783624823615;0.23095823095823095;0;0.04672765708390952;0.2;0.0;0;1;0;0
4;0.25;0.16351548945013425;0.3677313677313677;1;0.43944236277984855;0.4;0.0;0;1;0;0
4;0.08333333333333333;0.0424748956516372;0.5249795249795249;0;0.3390198032882144;0.2;0.0;0;0;1;1
2;0.25;0.10884281880618002;0.438984438984439;1;0.20093058495042407;0.2;0.0;0;0;1;0
3;0.25;0.24126404489572126;0.3972153972153972;1;0.12584076710908057;0.4;0.0;0;0;1;0
3;0.16666666666666666;0.007919938220280866;0.36936936936936937;1;0.3631330561499588;0.2;1.0;0;1;0;0
2;0.16666666666666666;0.13707280128473787;0.4226044226044226;1;0.2227464708077091;0.2;0.0;0;1;0;1
4;0.3333333333333333;0.13994581906802964;0.38984438984438985;0;0.6519401051895016;0.4;0.0;0;1;0;1
3;0.08333333333333333;0.17573572610953694;0.18837018837018837;1;0.09046443294831065;0.2;0.0;0;1;0;1
4;0.16666666666666666;0.034802363654510164;0.36445536445536447;1;0.6158309268028626;0.4;0.0;0;1;0;0
2;0.3333333333333333;0.05987534818365968;0.180999180999181;1;0.05495031881545217;0.4;0.0;0;1;0;1
2;0.25;0.030423617501865313;0.3701883701883702;1;0.7406573609909972;0.4;0.0;0;0;1;1
4;0.25;0.040989271927085257;0.27764127764127766;0;0.1754689141209211;0.4;0.0;0;1;0;0
0;0.3333333333333333;0.3846969907138512;0.7723177723177723;0;0.35285438354799675;0.0;0.0;0;1;0;1
4;0.3333333333333333;0.0655744186196345;0.35053235053235055;1;0.05228578666129138;0.8;1.0;0;1;0;1
4;0.25;0.20994928382801997;0.12694512694512694;0;0.6597965795050365;0.0;0.0;0;1;0;1
4;0.08333333333333333;0.17619561980349574;0.33497133497133497;1;0.40728311299086883;0.6;0.0;0;0;1;1
0;0.08333333333333333;0.06534824307703971;0.44144144144144143;1;0.2162145667180906;0.8;0.0;0;1;0;1
4;0.0;0.5396837048959845;0.6306306306306306;1;0.14524717968272002;0.2;1.0;1;0;0;1
3;0.16666666666666666;0.20438099379911753;0.26044226044226043;0;0.12503251439548316;0.4;0.0;0;1;0;0
4;0.5;0.07326927667455913;0.09746109746109746;1;0.2599490690486373;0.0;0.0;0;1;0;1
4;0.25;0.04117026651166813;0.4905814905814906;1;0.1186087810282143;0.4;0.0;0;0;1;0
3;0.3333333333333333;0.00864046622736328;0.13022113022113022;0;0.3469747972785291;0.2;0.0;0;1;0;0
1;0.0;0.06948528009078532;0.28501228501228504;0;0.5855226520432203;0.6;0.0;0;1;0;1
4;0.16666666666666666;0.049589347231319345;0.3144963144963145;1;0.15827125440990797;0.4;0.0;0;1;0;0
4;0.3333333333333333;0.13819495474847468;0.34561834561834565;0;0.20644216183886155;0.4;0.0;0;1;0;1
4;0.08333333333333333;0.002141847012246392;0.4692874692874693;0;0.44909114221251617;0.6;0.0;0;0;1;1
4;0.16666666666666666;0.198042913233221;0.24488124488124488;1;0.2972446713227465;0.6;0.0;0;0;1;1
0;0.5;0.059895802329034444;0.31203931203931207;0;0.5414332829005672;0.2;0.0;0;0;1;1
1;0.3333333333333333;0.07051553138735435;0.3546273546273546;1;0.600023923817676;0.2;0.0;0;1;0;1
4;0.3333333333333333;0.022390810984101298;0.3808353808353808;1;0.3426597316865852;0.2;0.0;0;1;0;0
4;0.0;0.3083971007841856;0.3726453726453726;0;0.34177912746462324;0.4;0.0;0;1;0;0
4;0.6666666666666666;0.056469967851873755;0.4283374283374283;1;0.3992686114328026;0.4;0.0;0;0;1;1
3;0.4166666666666667;0.20574807770507403;0.49467649467649466;1;0.6885269630172717;0.2;1.0;1;0;0;1
2;0.16666666666666666;0.030094107093434352;0.42096642096642095;1;0.1367553257557609;0.2;0.0;0;1;0;0
4;0.3333333333333333;0.01124110858469707;0.4307944307944308;0;0.5797307512662688;0.2;0.0;0;1;0;0
4;0.25;0.11230432066209838;0.09746109746109746;1;0.4735124178268739;0.2;0.0;0;1;0;0
4;0.4166666666666667;0.46297405809307973;0.3652743652743653;1;0.20974947040714445;0.2;0.0;0;1;0;0
3;0.25;0.11577327499764002;0.4348894348894349;1;0.7431032491080516;0.0;1.0;0;1;0;1
3;0.08333333333333333;0.10433416918071035;0.47583947583947583;0;0.3328963266419356;0.2;1.0;0;1;0;0
4;0.3333333333333333;0.06488941508723982;0.24324324324324326;0;0.4378880233973351;0.6;1.0;0;1;0;1
4;0.5833333333333334;0.03707122382940656;0.24897624897624898;1;0.4934589125491158;0.0;0.0;0;0;1;1
4;0.4166666666666667;0.0626386962681867;0.2628992628992629;1;0.40203198326602035;0.4;0.0;0;0;1;0
2;0.16666666666666666;0.017877047807661358;0.44471744471744473;1;0.7153871118358246;0.4;0.0;1;0;0;1
3;0.25;0.03372068667471261;0.5257985257985258;0;0.2557290753970986;0.2;0.0;0;1;0;0
3;0.16666666666666666;0.07428272948004455;0.28992628992628994;1;0.21135551474940428;0.0;0.0;0;1;0;0
4;0.25;0.01733430460915573;0.5053235053235053;1;0.5604452127457291;0.6;0.0;0;1;0;1
4;0.08333333333333333;0.17439414269307946;0.37674037674037675;1;0.37997086544469943;0.2;1.0;0;1;0;0
4;0.6666666666666666;0.0012243490119180458;0.3366093366093366;0;0.3197486726226819;0.2;0.0;0;1;0;1
4;0.25;0.04310312207367212;0.32186732186732187;1;0.2831277759566585;0.2;0.0;0;0;1;0
1;0.08333333333333333;0.08082371752604552;0.47911547911547914;1;0.09500346539782788;0.6;0.0;0;1;0;1
4;0.16666666666666666;0.2941591263112022;0.4103194103194103;0;0.2775341736393827;0.2;0.0;1;0;0;0
4;0.16666666666666666;0.09473364441108542;0.7297297297297297;1;0.2631592487938317;0.4;0.0;0;0;1;0
4;0.0;0.03880962561315261;0.21703521703521703;1;0.36494586753662167;0.2;0.0;0;0;1;0
4;0.4166666666666667;0.04823815253021817;0.44144144144144143;1;0.29975059407743704;0.2;0.0;0;0;1;1
4;0.16666666666666666;0.04602204596093799;0.2702702702702703;1;0.3489201427940975;0.6;0.0;0;1;0;1
4;0.16666666666666666;0.02206169408371336;0.21457821457821458;0;0.46445960694380684;0.4;0.0;0;0;1;1
3;0.3333333333333333;0.017341215694923966;0.3546273546273546;1;0.7654976277318434;0.4;0.0;0;1;0;1
4;0.08333333333333333;0.07282714905624706;0.37919737919737917;0;0.24804078997650522;0.4;0.0;0;0;1;0
3;0.3333333333333333;0.034987272698111055;0.8345618345618345;0;0.49571186068475476;0.2;0.0;0;1;0;0
4;0.4166666666666667;0.010649713223550523;0.32678132678132676;1;0.4997432623894769;0.4;0.0;0;1;0;0
2;0.5;0.027074895650582825;0.17117117117117117;1;0.25219965044625414;0.4;1.0;0;1;0;1
4;0.4166666666666667;0.0817656734644814;0.4013104013104013;0;0.09956683400531065;0.4;0.0;0;1;0;0
4;0.16666666666666666;0.03296745290731081;0.0171990171990172;1;0.8340734256636321;0.8;0.0;0;1;0;1
2;0.3333333333333333;0.030136244520343046;0.3415233415233415;1;0.09570562328130643;0.4;0.0;0;1;0;0
4;0.25;0.10778332827248122;0.3595413595413595;1;0.5072202604791953;0.2;0.0;0;0;1;1
4;0.16666666666666666;0.13003555818722767;0.4864864864864865;1;0.13303918235855544;0.6;0.0;0;1;0;1
3;0.16666666666666666;0.030648862040450423;0.515970515970516;1;0.5280913037943422;0.6;1.0;0;1;0;1
3;0.3333333333333333;0.07102210731720814;0.27436527436527436;1;0.5930343501371472;0.6;0.0;0;1;0;1
3;0.25;0.1608594749720571;0.3316953316953317;1;0.23050199667426544;0.2;0.0;0;1;0;0
4;0.16666666666666666;0.1302104845385645;0.23095823095823095;0;0.5447501863934974;0.2;0.0;0;1;0;0
4;0.16666666666666666;0.007920377112438431;0.171990171990172;0;0.2980006546507149;0.4;0.0;0;0;1;0
2;0.08333333333333333;0.049599935767109894;0.407043407043407;1;0.12291782418690825;0.2;0.0;0;1;0;0
4;0.16666666666666666;0.14287930978608748;0.14823914823914824;1;0.2489057464134486;0.2;0.0;0;1;0;1
4;0.08333333333333333;0.021935259198667394;0.2891072891072891;1;0.3665833151787378;0.0;1.0;0;1;0;0
4;0.08333333333333333;0.024194014432811262;0.19328419328419327;1;0.32207563281077706;0.6;0.0;0;1;0;1
4;0.08333333333333333;0.11060988696444195;0.44635544635544633;0;0.3742347288857611;0.2;0.0;0;1;0;1
4;0.25;0.03706340317290589;0.6519246519246519;0;0.2537429219293539;0.6;0.0;0;0;1;1
2;0.0;0.04345746156085235;0.14332514332514332;1;0.14851491175457252;0.8;0.0;0;1;0;1
2;0.4166666666666667;0.08225183893749875;0.05323505323505324;1;0.2557789973094211;0.0;0.0;0;1;0;1
4;0.4166666666666667;0.1544384242990352;0.3366093366093366;1;0.18294175661398346;0.0;0.0;0;1;0;1
2;0.5833333333333334;0.07667494643674673;0.3595413595413595;1;0.39955063847491834;0.4;1.0;0;1;0;1
4;0.16666666666666666;0.24904951543968099;0.3923013923013923;0;0.019938921774135754;0.2;0.0;0;0;1;0
2;0.3333333333333333;0.012477690289292158;0.2833742833742834;0;0.6400591554454719;0.2;0.0;0;1;0;0
4;0.16666666666666666;0.15604189926522702;0.3235053235053235;0;0.4220771183672575;0.0;0.0;0;1;0;0
4;0.3333333333333333;0.08721625587834692;0.4168714168714169;0;0.717544194650603;0.2;0.0;0;0;1;1
0;0.25;0.1887018610107153;0.5274365274365275;1;0.23484583550345403;0.8;0.0;0;1;0;1
3;0.3333333333333333;0.04225510890271119;0.036036036036036036;1;0.48281526383692175;0.0;1.0;0;0;1;0
4;0.3333333333333333;0.07314166944489378;0.2964782964782965;1;0.04227003363669034;0.4;0.0;0;1;0;0
4;0.4166666666666667;0.19297793711760022;0.3914823914823915;1;0.2253205027322311;0.4;0.0;0;1;0;0
4;0.16666666666666666;0.19826342908189615;0.20638820638820637;0;0.5444231235224994;0.6;0.0;0;0;1;1
3;0.16666666666666666;0.05240297067701995;0.6404586404586404;1;0.13079317342439253;0.4;0.0;0;0;1;0
0;0.25;0.19209728113646646;0.25225225225225223;1;0.25050790688504115;0.0;1.0;0;1;0;0
2;0.25;0.12754935089573888;0.3497133497133497;0;0.5021193142654389;0.4;0.0;0;0;1;0
4;0.0;0.058531202886786364;0.447993447993448;1;0.30599061995008625;0.4;0.0;0;1;0;0
4;0.0;0.3890087581139645;0.2596232596232596;0;0.18444682640901713;0.4;0.0;0;1;0;0
4;0.5833333333333334;0.003422205771406004;0.05405405405405406;1;0.45242012427401773;0.4;0.0;0;1;0;1
4;0.3333333333333333;0.053599138181848215;0.28665028665028663;1;0.5932062026562764;0.6;0.0;0;1;0;1
2;0.3333333333333333;0.04072739211245828;0.5249795249795249;1;0.6253900495341581;0.4;0.0;0;0;1;0
3;0.16666666666666666;0.30537438984119253;0.3013923013923014;0;0.6332634643277729;0.4;0.0;0;1;0;0
0;0.0;0.011586063501644872;0.21785421785421785;1;0.23093588318333041;0.4;0.0;0;1;0;0
4;0.5;0.10996572670732334;0.5085995085995086;1;0.4748245873319075;0.6;0.0;0;0;1;1
4;0.16666666666666666;0.1402379684251614;0.3022113022113022;1;0.4746239169883078;0.4;0.0;0;1;0;0
3;0.0;0.022579633948156187;0.2727272727272727;0;0.052347070074746316;0.2;0.0;0;1;0;0
3;0.5;0.01800663247990873;0.3808353808353808;1;0.2592435687990923;0.6;0.0;0;1;0;1
4;0.08333333333333333;0.005384012716524879;0.4832104832104832;1;0.3415341032428395;0.2;1.0;0;1;0;0
3;0.25;0.01918139863262819;0.7469287469287469;1;0.5214691120488494;0.6;0.0;0;0;1;1
2;0.08333333333333333;0.18367513351571943;0.49221949221949224;0;0.15931195255801536;0.2;0.0;0;1;0;0
3;0.3333333333333333;0.32056070576477314;0.5462735462735463;1;0.16279728675577085;0.2;1.0;0;1;0;0
4;0.25;0.25772676900417857;0.27354627354627353;1;0.5531941266188938;0.2;0.0;0;0;1;0
3;0.16666666666666666;0.05051373514217776;0.18837018837018837;0;0.6141760110786637;0.2;0.0;0;1;0;0
4;0.16666666666666666;0.14392960480744846;0.3669123669123669;1;0.2742645044463763;0.6;0.0;0;1;0;1
3;0.08333333333333333;0.19517301200742462;0.37428337428337427;0;0.26669301673806256;0.4;0.0;0;0;1;0
4;0.0;0.18618070954110377;0.18018018018018017;0;0.2316609587385276;0.2;0.0;0;1;0;0
3;0.3333333333333333;0.007133438377070009;0.3276003276003276;1;0.1490040976611761;0.6;0.0;0;1;0;1
4;0.25;0.026841069957020895;0.4217854217854218;1;0.1690199712278401;0.6;0.0;0;1;0;1
2;0.3333333333333333;0.3110315386120201;0.41605241605241605;0;0.31421141478898723;0.2;0.0;0;1;0;0
4;0.4166666666666667;0.14977557646860454;0.438984438984439;1;0.3539798552343992;0.2;1.0;0;1;0;0
4;0.5;0.1999771473059378;0.4045864045864046;1;0.6615726633975257;0.4;0.0;0;1;0;1
4;0.5;0.08024323696032623;0.27354627354627353;0;0.32637545313348953;0.2;1.0;0;0;1;1
3;0.08333333333333333;0.05548832325124123;0.2727272727272727;1;0.24941423190627798;0.0;0.0;0;1;0;1
4;0.6666666666666666;0.11713103568947628;0.16052416052416052;1;0.39521562242603114;0.6;0.0;0;1;0;1
4;0.4166666666666667;0.07117301646529099;0.6486486486486487;1;0.34480287771093315;0.4;0.0;0;0;1;0
4;0.0;0.05200633939843438;0.35872235872235875;1;0.15829232061155757;0.2;1.0;0;1;0;1
4;0.4166666666666667;0.047499447145048175;0.3202293202293202;1;0.6620257565898945;0.8;1.0;0;0;1;1
1;0.16666666666666666;0.019053394146254884;0.20475020475020475;1;0.4598815493671867;0.4;0.0;0;1;0;0
4;0.4166666666666667;0.08380095916809384;0.8378378378378378;0;0.1526745467828149;0.2;0.0;0;1;0;0
3;0.4166666666666667;0.08156167688311444;0.180999180999181;1;0.13421825492625789;0.2;0.0;0;0;1;0
3;0.16666666666666666;0.09934522600995654;0.28665028665028663;1;0.6854949531049699;0.2;0.0;0;1;0;1
4;0.5833333333333334;0.01367767397906786;0.4250614250614251;1;0.1557629082939337;0.2;0.0;1;0;0;1
2;0.8333333333333334;0.2741152103755419;0.45536445536445536;1;0.5151692882141312;0.8;0.0;0;1;0;1
3;0.3333333333333333;0.15069914366436596;0.5135135135135135;1;0.7391081794117103;0.6;0.0;0;1;0;1
4;0.16666666666666666;0.015549144684288327;0.6527436527436528;0;0.3203829470310526;0.2;0.0;0;1;0;0
2;0.16666666666666666;0.009128788702065568;0.4398034398034398;1;0.11239024702891107;0.6;1.0;0;1;0;1
4;0.5;0.11451324004456376;0.18345618345618345;1;0.18729912037909516;0.0;0.0;0;0;1;1
4;0.0;0.04641737320457312;0.3144963144963145;0;0.3077791142357195;0.2;0.0;0;1;0;0
1;0.25;0.04268651174240696;0.407043407043407;1;0.6650218752924949;0.6;0.0;0;0;1;1
4;0.16666666666666666;0.20383066040096665;0.6953316953316954;0;0.4694199874035175;0.0;0.0;0;1;0;0
0;0.5;0.04703421747298954;0.12776412776412777;1;0.8831895909056336;0.6;0.0;0;1;0;1
2;0.5;0.11121636416267502;0.5536445536445537;1;0.7247249926907191;0.2;0.0;0;1;0;1
3;0.0;0.08562733872577784;0.3857493857493858;0;0.46408595153244536;0.2;0.0;0;1;0;0
1;0.25;0.033880689364310025;0.49385749385749383;1;0.4032992811110504;0.0;0.0;0;1;0;1
2;0.5;0.04476322294037231;0.33988533988533987;0;0.21188474824538656;0.2;0.0;0;1;0;1
2;0.25;0.31905555171963945;0.21867321867321868;1;0.6156077299846047;0.4;1.0;0;1;0;1
4;0.16666666666666666;0.04471874919929198;0.4799344799344799;1;0.3174248970275586;0.4;0.0;0;0;1;0
4;0.16666666666666666;0.17044681175155266;0.46355446355446356;0;0.23671200347073876;0.2;0.0;0;0;1;0
4;0.25;0.2197129188914325;0.515970515970516;1;0.6472131853103206;0.2;0.0;0;1;0;0
4;0.3333333333333333;0.008129461582633885;0.3546273546273546;1;0.06811791635486196;0.2;0.0;0;1;0;0
4;0.16666666666666666;0.12098767798007004;0.2588042588042588;0;0.618896331885545;0.2;0.0;0;1;0;1
3;0.3333333333333333;0.15385109301524677;0.10155610155610155;0;0.7263079568821034;0.2;0.0;0;1;0;1
2;0.3333333333333333;0.06326375928737407;0.4905814905814906;0;0.388307553612229;0.4;1.0;0;1;0;0
3;0.5833333333333334;0.09366223426691427;0.4258804258804259;0;0.03390850953838583;0.2;0.0;0;1;0;1
2;0.5;0.019569754209565145;0.1981981981981982;1;0.6246019450909435;0.2;0.0;0;0;1;1
3;0.08333333333333333;0.042596467048964755;0.26863226863226863;0;0.23602045167081934;0.4;0.0;0;1;0;0
3;0.3333333333333333;0.13677385483180085;0.2800982800982801;1;0.07367427245409396;0.2;0.0;0;1;0;0
3;0.08333333333333333;0.10260121146455453;0.11384111384111384;1;0.5549788290423269;0.2;0.0;0;1;0;0
2;0.3333333333333333;0.016245481082107376;0.22276822276822278;1;0.1407447413402598;0.0;0.0;0;0;1;0
4;0.08333333333333333;0.4925014094393091;0.17117117117117117;1;0.2074061122748311;0.0;0.0;0;1;0;1
2;0.3333333333333333;0.30894487399520354;0.2891072891072891;0;0.3979912042521191;0.2;0.0;0;0;1;0
4;0.08333333333333333;0.02816497407655362;0.23587223587223588;0;0.4429266769693528;1.0;0.0;1;0;0;1
1;0.08333333333333333;0.23141170431398464;0.09009009009009009;1;0.5907714458977292;0.4;0.0;0;0;1;0
4;0.25;0.03451685415675581;0.687960687960688;1;0.3397241594366818;0.2;0.0;1;0;0;0
1;0.3333333333333333;0.09222835227289633;0.5618345618345618;1;0.2514796493960587;0.2;0.0;0;1;0;1
4;0.6666666666666666;0.1694455670979976;0.22932022932022933;1;0.02375119239532166;0.2;0.0;0;1;0;1
3;0.25;0.046853748870143604;0.4013104013104013;0;0.43974930887049246;0.4;0.0;0;1;0;0
3;0.25;0.09005834847114141;0.4250614250614251;1;0.3494024553632916;0.2;0.0;0;1;0;0
0;0.0;0.06652173509490633;0.552006552006552;1;0.3861274983892067;0.4;0.0;0;1;0;0
2;0.08333333333333333;0.15881398219310167;0.22276822276822278;1;0.3715629187494595;0.2;0.0;0;1;0;0
4;0.25;0.07240809348898124;0.5356265356265356;0;0.10963482195574095;0.2;0.0;0;1;0;1
3;0.3333333333333333;0.0930403362371098;0.266994266994267;0;0.21327730656627578;0.4;1.0;0;0;1;0
3;0.3333333333333333;0.20777053637125953;0.1375921375921376;1;0.2519109750393474;0.2;1.0;0;1;0;1
4;0.25;0.13339205159789935;0.475020475020475;1;0.13975088509928177;0.0;0.0;0;1;0;0
3;0.08333333333333333;0.08335028587126601;0.5683865683865684;0;0.5442209968441224;0.2;0.0;1;0;0;0
4;0.08333333333333333;0.06875828793955541;0.7805077805077805;1;0.08270043692929518;0.2;0.0;0;1;0;0
4;0.3333333333333333;0.015012889241347784;0.16052416052416052;1;0.48448825694712544;0.4;0.0;0;0;1;0
4;0.4166666666666667;0.006385899545932863;0.47092547092547093;0;0.6720536232747092;0.2;0.0;0;0;1;1
4;0.08333333333333333;0.33961186710226077;0.28992628992628994;1;0.29549240537087584;0.6;0.0;0;1;0;1
4;0.16666666666666666;0.022900705484755993;0.48484848484848486;0;0.5884346557946246;0.4;0.0;0;1;0;0
3;0.16666666666666666;0.03599983068374853;0.11547911547911548;1;0.14798957199569154;0.6;0.0;0;1;0;1
4;0.4166666666666667;0.10497165965128143;0.14987714987714987;0;0.3598759828113198;0.2;0.0;0;0;1;0
4;0.5;0.19574190795180302;0.22932022932022933;0;0.5583910163143704;0.4;0.0;0;1;0;1
4;0.25;0.1991670395106652;0.36936936936936937;1;0.354235635178442;0.0;0.0;0;1;0;0
3;0.5;0.19686080662473673;0.25143325143325146;0;0.6026205931277531;0.4;0.0;0;0;1;1
4;0.16666666666666666;0.4250518456538783;0.4643734643734644;0;0.3613446649897112;0.2;0.0;0;1;0;0
4;0.16666666666666666;0.006307698808548707;0.5249795249795249;0;0.37614544380357207;0.2;0.0;0;0;1;0
4;0.25;0.05674050600478067;0.45454545454545453;0;0.7032856040760949;0.4;0.0;0;0;1;1
2;0.3333333333333333;0.27238247373097196;0.6216216216216216;1;0.3091476114438593;0.0;1.0;0;0;1;0
1;0.08333333333333333;0.07001416335935169;0.4250614250614251;1;0.10916903327722047;0.6;0.0;0;0;1;1
4;0.3333333333333333;0.22805570577154444;0.15724815724815724;1;0.8154787679549845;0.2;0.0;0;1;0;1
4;0.25;0.0019125944850024268;0.5798525798525799;0;0.5674786435245283;0.4;0.0;1;0;0;0
4;0.08333333333333333;0.07803134472898562;0.2571662571662572;1;0.32029167826348964;0.4;0.0;0;1;0;1
4;0.4166666666666667;0.2844255116204749;0.5061425061425061;0;0.14713017036427573;0.2;0.0;0;1;0;0
4;0.4166666666666667;0.033626676756728195;0.6142506142506142;1;0.25078628539545256;0.4;0.0;0;1;0;0
4;0.4166666666666667;0.2952773749989631;0.43161343161343163;0;0.3266930106773685;0.2;0.0;1;0;0;0
4;0.08333333333333333;0.0008777237317952112;0.11138411138411139;0;0.42411702098536574;0.4;1.0;0;0;1;1
2;0.3333333333333333;0.009078474695074869;0.20638820638820637;0;0.22659268068005814;0.0;1.0;0;0;1;0
3;0.16666666666666666;0.07201371282864212;0.5733005733005733;1;0.21609100866837544;0.6;0.0;0;1;0;1
4;0.16666666666666666;0.012445161471307276;0.32923832923832924;1;0.28025445218799294;0.0;0.0;0;0;1;0
4;0.16666666666666666;0.028377424194360523;0.36936936936936937;1;0.31044363101569933;0.2;0.0;0;0;1;0
4;0.25;0.039224008995657304;0.48075348075348073;1;0.4393585020372646;0.2;0.0;0;1;0;0
3;0.0;0.07301167087791491;0.47092547092547093;1;0.49860487367003004;0.2;0.0;0;1;0;0
2;0.0;0.055023211699568995;0.4021294021294021;1;0.36088222896691274;0.2;0.0;0;1;0;0
3;0.16666666666666666;0.28398935323657476;0.3226863226863227;1;0.1324461982930257;0.8;0.0;0;1;0;1
2;0.0;0.2415680663026726;0.30548730548730546;1;0.532418769863884;0.0;0.0;0;1;0;0
2;0.08333333333333333;0.1533244175851437;0.49713349713349714;0;0.6916587539289457;0.0;0.0;0;1;0;1
4;0.3333333333333333;0.11974058211796446;0.44717444717444715;1;0.13108167911643956;0.8;0.0;0;1;0;1
3;0.0;0.02536445841939549;0.3144963144963145;0;0.07937275429204647;0.0;0.0;0;1;0;0
4;0.25;0.10239283761272885;0.533988533988534;0;0.5835521953789371;0.0;0.0;0;1;0;0
4;0.25;0.01762967387776647;0.3357903357903358;1;0.5070217819242254;0.2;0.0;0;1;0;1
4;0.08333333333333333;0.067001628904216;0.21703521703521703;0;0.35046685635258407;0.2;0.0;0;0;1;0
3;0.16666666666666666;0.06880624881283268;0.2325962325962326;0;0.2691118540122931;0.2;0.0;0;1;0;0
0;0.0;0.13014078769321477;0.19656019656019655;1;0.39715189647775634;0.4;0.0;0;1;0;0
4;0.25;0.2004984862694495;0.31203931203931207;0;0.42378314648775695;0.2;0.0;0;1;0;0
4;0.25;0.04292430248418828;0.5585585585585585;1;0.5783683825405898;0.2;0.0;0;1;0;0
4;0.16666666666666666;0.004609609933053568;0.2244062244062244;1;0.13205167414654959;0.4;0.0;0;0;1;0
4;0.5;0.005283449025274613;0.38738738738738737;1;0.25958454304338163;0.8;1.0;0;1;0;1
4;0.3333333333333333;0.23114803656280863;0.24897624897624898;1;0.36218311350788457;0.2;0.0;0;1;0;0
4;0.0;0.07405298041356653;0.31367731367731366;1;0.4885820960942449;0.4;0.0;1;0;0;0
3;0.5;0.031645613546927014;0.10892710892710893;1;0.3734996465519265;0.2;0.0;0;1;0;1
3;0.25;0.0035821890645847637;0.3202293202293202;1;0.4405552834628713;0.2;0.0;0;1;0;0
4;0.3333333333333333;0.08364764800565808;0.32514332514332517;1;0.39740436211604563;0.2;0.0;0;1;0;1
4;0.25;0.016336870218048256;0.44553644553644556;0;0.18988343267954377;0.4;0.0;0;1;0;0
4;0.16666666666666666;0.059972107571679575;0.3931203931203931;1;0.6056814745427846;0.0;0.0;1;0;0;0
4;0.08333333333333333;0.08069171908928494;0.16052416052416052;1;0.11966061194057419;0.2;0.0;0;1;0;0
4;0.25;0.028896318046214786;0.533988533988534;0;0.05875616742902977;0.4;0.0;0;0;1;0
3;0.16666666666666666;0.024597377375569822;0.3914823914823915;1;0.5344769124659319;0.0;0.0;1;0;0;0
3;0.16666666666666666;0.002156569771907985;0.389025389025389;0;0.2220544263897774;0.0;0.0;0;1;0;0
3;0.25;0.0979271927477481;0.35544635544635544;0;0.3571632993760571;0.2;0.0;0;1;0;0
4;0.0;0.02482042408198052;0.2719082719082719;0;0.5054206012708258;0.0;0.0;0;1;0;1
1;0.16666666666666666;0.2342158612824626;0.3923013923013923;1;0.11456803952940352;0.4;1.0;0;1;0;0
4;0.08333333333333333;0.1029391741932102;0.4348894348894349;1;0.3277348953588202;0.4;0.0;0;1;0;0
2;0.3333333333333333;0.09037568890566426;0.07043407043407043;1;0.27404570010377655;0.2;0.0;0;1;0;0
4;0.0;0.07810249803921676;0.26863226863226863;0;0.3772581802226781;0.0;0.0;0;1;0;0
4;0.3333333333333333;0.026909070278581037;0.3153153153153153;0;0.6075410994738276;0.4;0.0;0;0;1;1
3;0.3333333333333333;0.387930337919106;0.3988533988533989;0;0.12295197153148356;0.4;0.0;0;1;0;0
4;0.25;0.37964141217014447;0.552006552006552;1;0.31576418489769625;0.4;0.0;0;1;0;0
4;0.08333333333333333;0.04305048642133416;0.23013923013923013;1;0.6942328267809349;0.4;0.0;0;0;1;1
3;0.16666666666666666;0.16650597087033073;0.2751842751842752;0;0.19031249323198104;0.8;0.0;0;1;0;1
4;0.16666666666666666;0.01405884717704048;0.2727272727272727;1;0.6996183324013759;0.6;0.0;0;1;0;1
4;0.16666666666666666;0.16867117619739422;0.22522522522522523;0;0.1547056102970205;0.2;0.0;0;1;0;0
4;0.16666666666666666;0.03746507534749306;0.29975429975429974;1;0.0991167550748265;0.0;0.0;0;1;0;0
4;0.25;0.037902877359271274;0.4832104832104832;0;0.354393271856831;0.0;0.0;0;1;0;0
4;0.08333333333333333;0.0786765019965069;0.18427518427518427;1;0.3359863467293894;0.6;0.0;0;1;0;1
3;0.25;0.05535511065895312;0.4266994266994267;1;0.6052440345241619;0.4;1.0;0;1;0;0
4;0.16666666666666666;0.013880240730803226;0.07780507780507781;0;0.44491705509933294;0.0;1.0;1;0;0;0
2;0.08333333333333333;0.09997442245968909;0.26453726453726456;0;0.2628393846433493;0.4;0.0;0;1;0;0
4;0.3333333333333333;0.026701322245026703;0.30303030303030304;1;0.20381859405096067;0.4;0.0;0;1;0;1
4;0.08333333333333333;0.06533897932408476;0.6306306306306306;1;0.5653980698735643;0.4;0.0;0;1;0;0
4;0.16666666666666666;0.029157957062622242;0.31203931203931207;0;0.36040969729972633;0.4;0.0;0;1;0;1
4;0.3333333333333333;0.21679175014135468;0.0;0;0.3994759247842485;0.4;0.0;0;1;0;0
4;0.3333333333333333;0.04583072530467227;0.029484029484029485;0;0.6096463692252947;0.2;0.0;0;0;1;1
1;0.16666666666666666;0.24301844222547217;0.361998361998362;1;0.42937766391340376;0.0;0.0;0;1;0;1
4;0.25;0.043844268604562635;0.457002457002457;1;0.40956126114936675;0.0;1.0;0;1;0;1
4;0.0;0.02194333869127833;0.41850941850941853;1;0.12684218958978236;0.2;0.0;0;1;0;1
4;0.3333333333333333;0.09556691182115179;0.3841113841113841;1;0.16260990473326536;0.2;0.0;0;1;0;0
4;0.16666666666666666;0.09005594302557932;0.5470925470925471;1;0.7279056773427665;0.0;0.0;0;1;0;1
4;0.0;0.10727326829041355;0.26863226863226863;0;0.8644539343200575;0.2;0.0;0;1;0;1
2;0.08333333333333333;0.03995733828164154;0.5028665028665029;1;0.47215581824305397;0.8;0.0;0;1;0;1
4;0.25;0.042837000445531355;0.08927108927108927;1;0.21213896558368298;0.8;0.0;0;1;0;1
4;0.16666666666666666;0.030090696547280863;0.20884520884520885;1;0.32087547462760047;0.4;0.0;0;1;0;0
4;0.25;0.29330606666171866;0.06060606060606061;1;0.40304613448745047;0.2;0.0;0;1;0;1
3;0.16666666666666666;0.1277447653287667;0.31203931203931207;0;0.11692909209164623;0.4;0.0;0;1;0;0
4;0.4166666666666667;0.1569993777334867;0.3488943488943489;0;0.443909456548973;0.4;0.0;1;0;0;0
0;0.16666666666666666;0.02395017423686143;0.3751023751023751;1;0.3792809224242879;0.2;0.0;0;1;0;1
4;0.6666666666666666;0.12048442107433875;0.3669123669123669;1;0.684055885061745;0.0;0.0;0;0;1;1
4;0.08333333333333333;0.1599639843946001;0.20475020475020475;1;0.11824649838059294;0.2;0.0;0;1;0;0
1;0.25;0.04657858532325894;0.32514332514332517;1;0.25643972114966296;0.4;0.0;0;1;0;1
4;0.08333333333333333;0.01902507036281811;0.11138411138411139;0;0.7244326771042405;0.4;0.0;0;1;0;1
2;0.0;0.13278769284193126;0.5798525798525799;1;0.11437516667923468;0.2;0.0;0;1;0;0
3;0.25;0.1050274587484323;0.3071253071253071;1;0.5691833159100104;0.4;0.0;0;1;0;1
2;0.9166666666666666;0.09530010691149665;0.27682227682227684;1;0.6637274137441815;0.4;0.0;0;1;0;1
3;0.25;0.022360380115445683;0.6167076167076168;1;0.28065431337338237;0.2;0.0;0;0;1;0
4;0.25;0.03380895924585188;0.15315315315315314;0;0.19971396627479174;0.4;0.0;0;1;0;0
1;0.25;0.10903043876366528;0.171990171990172;0;0.19133318046967449;0.4;0.0;0;1;0;1
4;0.25;0.10572859756256539;0.1769041769041769;1;0.4239181819466627;0.6;0.0;0;1;0;1
4;0.08333333333333333;0.08995220742620393;0.34561834561834565;1;0.2335766252074566;0.2;0.0;0;0;1;0
4;0.25;0.16256085739110993;0.4275184275184275;0;0.42968729142776135;0.6;0.0;0;0;1;1
3;0.3333333333333333;0.18747687831069143;0.4774774774774775;0;0.6568159090135526;0.6;0.0;0;1;0;1
0;0.4166666666666667;0.03594482487852175;0.778050778050778;0;0.5962161614135387;0.4;0.0;0;0;1;0
1;0.16666666666666666;0.019013836937033034;0.0;1;0.21450042169191638;0.4;0.0;0;1;0;0
4;0.08333333333333333;0.024921580603830828;0.4561834561834562;1;0.5427692200999141;0.4;0.0;0;1;0;0
0;0.4166666666666667;0.036684666028898305;0.26535626535626533;0;0.1480723845101595;0.0;1.0;0;1;0;0
1;0.08333333333333333;0.32835686352783316;0.26044226044226043;1;0.4890289764860432;0.4;0.0;0;0;1;0
4;0.4166666666666667;0.016345553096604733;0.25552825552825553;1;0.3256137240243804;0.2;0.0;0;0;1;0
4;0.16666666666666666;0.23470399426992541;0.20802620802620803;1;0.6350081576508038;0.6;0.0;0;0;1;1
1;0.5;0.025229787115288588;0.6322686322686323;1;0.29267742655417833;0.0;0.0;0;1;0;1
2;0.25;0.04759677025995845;0.49467649467649466;1;0.16746715876148008;0.2;1.0;0;0;1;0
3;0.16666666666666666;0.014899162983323689;0.36036036036036034;1;0.593660487131147;0.2;0.0;0;1;0;0
4;0.08333333333333333;0.012069858462523684;0.5782145782145782;1;0.09489980829495917;0.8;0.0;0;1;0;1
4;0.25;0.011054786751935537;0.10892710892710893;0;0.6219982080216097;0.4;0.0;0;1;0;1
4;0.0;0.046629835829147454;0.13841113841113842;1;0.24617326350990765;0.6;0.0;0;1;0;1
4;0.5833333333333334;0.0824563974103953;0.0;1;0.179364886821725;0.6;0.0;0;1;0;1
3;0.08333333333333333;0.024871414428340673;0.24242424242424243;0;0.18942860567843475;0.0;0.0;0;1;0;0
4;0.08333333333333333;0.30015328686672765;0.3832923832923833;1;0.1873158230118959;0.4;0.0;0;0;1;1
4;0.3333333333333333;0.09816852184480804;0.37346437346437344;1;0.13569833926360161;0.2;0.0;0;1;0;0
4;0.0;0.24064465299859175;0.3808353808353808;1;0.2348326584966432;0.2;0.0;0;1;0;0
4;0.3333333333333333;0.017858985714739536;0.12530712530712532;1;0.6395280320299718;0.0;1.0;0;0;1;0
4;0.3333333333333333;0.017165155890469568;0.4881244881244881;1;0.39540384773130105;0.4;0.0;0;1;0;0
0;0.16666666666666666;0.20863482018898985;0.3955773955773956;0;0.33356952572261855;0.6;0.0;0;1;0;1
2;0.0;0.09331561655217926;0.47665847665847666;1;0.06600081077760116;0.0;0.0;0;1;0;1
4;0.25;0.3103807760951524;0.04668304668304668;0;0.28960738139524955;0.4;0.0;0;1;0;0
4;0.3333333333333333;0.01760803202405835;0.40786240786240785;1;0.5347987939118557;0.2;0.0;0;1;0;0
2;0.16666666666666666;0.0028637352904606213;0.16216216216216217;1;0.14684944651581003;0.8;0.0;0;1;0;1
4;0.25;0.2762777494300303;0.2915642915642916;1;0.34973620910756115;0.0;0.0;0;0;1;0
2;0.25;0.13346280545827682;0.4438984438984439;1;0.5094374055550409;0.2;0.0;0;1;0;0
3;0.25;0.18306935765581164;0.37182637182637185;1;0.5874670492783458;0.6;0.0;0;1;0;1
4;0.5833333333333334;0.03898493255190753;0.21703521703521703;0;0.1861480281619392;0.4;0.0;0;1;0;1
2;0.25;0.00027217438128796434;0.3579033579033579;0;0.08036690861252971;0.4;1.0;0;1;0;0
2;0.25;0.0733090302520167;0.10565110565110565;0;0.4123494480818375;0.6;0.0;0;1;0;1
2;0.6666666666666666;0.5124401948583581;0.5454545454545454;1;0.6338804937960341;0.8;0.0;0;0;1;1
4;0.16666666666666666;0.26485250735547256;0.3226863226863227;1;0.36346863358626963;0.0;0.0;0;0;1;0
3;0.25;0.008247478226956697;0.5397215397215397;1;0.3757487533364437;0.0;0.0;0;1;0;0
4;0.3333333333333333;0.023072784912117957;0.2702702702702703;0;0.17075475211388724;0.4;0.0;0;0;1;1
2;0.25;0.041415900737091074;0.2710892710892711;0;0.1976213899904871;0.2;0.0;0;1;0;0
0;0.16666666666666666;0.1973537502485879;0.23177723177723178;0;0.5496690915366069;0.6;0.0;0;1;0;1
4;0.08333333333333333;0.19368455214302877;0.5004095004095004;0;0.5636550534293765;0.2;0.0;0;1;0;1
4;0.5;0.022692711899039146;0.24078624078624078;0;0.08220685640636104;0.2;0.0;0;1;0;1
4;0.16666666666666666;0.08467136751657861;0.4619164619164619;1;0.3124401860574455;0.2;0.0;0;0;1;0
4;0.08333333333333333;0.07745522189014435;0.294021294021294;1;0.6068676887860504;0.6;0.0;0;1;0;1
4;0.4166666666666667;0.05944893191448897;0.03276003276003276;1;0.7697895392810901;0.4;0.0;0;1;0;1
2;0.4166666666666667;0.08535029872769984;0.2628992628992629;0;0.20267891485245856;0.0;0.0;0;0;1;0
4;0.4166666666666667;0.038476351076149204;0.1638001638001638;1;0.48365502036600205;0.8;0.0;0;0;1;1
4;0.25;0.08430714876498885;0.361998361998362;1;0.24246187306151992;0.2;0.0;0;0;1;1
1;0.25;0.12867956427377306;0.16134316134316135;0;0.44380443432849515;0.2;0.0;0;1;0;1
4;0.25;0.007111874846222945;0.5085995085995086;1;0.46004115644719945;0.2;0.0;0;1;0;0
2;0.0;0.38052705554777805;0.3415233415233415;0;0.44588067540162196;0.2;0.0;0;1;0;1
4;0.4166666666666667;0.020035038801732494;0.3276003276003276;0;0.24747743350830415;0.0;0.0;0;1;0;0
4;0.3333333333333333;0.049639561722490504;0.4643734643734644;1;0.07953840141933903;0.4;0.0;0;0;1;0
3;0.5;0.07070344396078931;0.5143325143325144;1;0.1448853905528394;0.4;1.0;0;0;1;1
2;0.08333333333333333;0.004586770241132774;0.35298935298935297;0;0.7290304971527792;0.4;0.0;0;0;1;1
4;0.08333333333333333;0.08837394691961135;0.23013923013923013;1;0.07271915309098625;0.2;0.0;0;1;0;0
4;0.5;0.22691790041004822;0.06633906633906633;1;0.1951648005460114;0.6;0.0;0;0;1;1
1;0.25;0.25727160757759854;0.24406224406224405;1;0.3981051412011728;0.4;0.0;0;0;1;1
4;0.16666666666666666;0.04385985333539156;0.25552825552825553;1;0.17418445003079877;0.6;0.0;0;1;0;1
4;0.3333333333333333;0.09097486091516484;0.37428337428337427;1;0.13197626510781243;0.4;0.0;0;1;0;0
4;0.4166666666666667;0.16679532845256348;0.29975429975429974;0;0.2794471987433695;0.4;0.0;0;0;1;0
4;0.08333333333333333;0.032363052231416126;0.4692874692874693;0;0.5144078643618353;0.8;0.0;0;1;0;1
4;0.0;0.0835787629746894;0.25634725634725636;1;0.7420898496522201;0.2;0.0;1;0;0;1
2;0.08333333333333333;0.05076239020921871;0.34725634725634724;0;0.4425148630213478;0.4;0.0;0;1;0;0
2;0.08333333333333333;0.052793171017822535;0.5503685503685504;1;0.6285865054856951;0.4;0.0;0;0;1;0
4;0.5833333333333334;0.010931211053807035;0.41277641277641275;1;0.16030208855727704;0.0;0.0;0;0;1;1
4;0.25;0.05805369750376462;0.3464373464373464;1;0.7610048809271611;0.2;0.0;0;1;0;1
4;0.25;0.01944681944886199;0.257985257985258;0;0.38639660125353964;0.2;0.0;0;0;1;0
4;0.4166666666666667;0.039818786772553974;0.25307125307125306;0;0.3310008395864076;0.4;0.0;0;1;0;0
4;0.25;0.04453721411881845;0.21703521703521703;0;0.38787859978886496;0.0;1.0;0;1;0;0
4;0.3333333333333333;0.06259309505885702;0.2678132678132678;1;0.46108520658666685;0.4;0.0;0;1;0;0
4;0.25;0.27674973117209867;0.48075348075348073;0;0.48614175155560496;0.4;0.0;0;1;0;0
2;0.4166666666666667;0.11085848939625985;0.3202293202293202;1;0.12621000289684525;0.0;0.0;0;0;1;0
2;0.25;0.4080132651407198;0.13595413595413594;0;0.4698242543914749;0.4;0.0;0;0;1;0
3;0.16666666666666666;0.09931313803802806;0.6461916461916462;1;0.27107024058535584;0.0;1.0;0;1;0;0
4;0.3333333333333333;0.1821053085706734;0.4086814086814087;1;0.3693158859075756;0.0;0.0;0;1;0;0
4;0.16666666666666666;0.19984225650168783;0.12612612612612611;0;0.4406666733740722;0.2;0.0;0;1;0;0
4;0.25;0.1493902171471658;0.2841932841932842;0;0.39858796113651346;0.2;1.0;0;1;0;0
4;0.0;0.12325970579616821;0.3751023751023751;1;0.06314613208824277;0.0;0.0;1;0;0;0
1;0.3333333333333333;0.06014151687399365;0.6355446355446356;1;0.19465298765728675;0.4;0.0;0;1;0;1
3;0.08333333333333333;0.09313413647082923;0.17526617526617527;1;0.40386050972022214;0.0;0.0;0;1;0;0
2;0.08333333333333333;0.02388854467913335;0.5167895167895168;1;0.46636672748217356;0.0;0.0;0;1;0;0
4;0.25;0.10707871791348783;0.5855855855855856;1;0.16843350435428736;0.0;1.0;0;1;0;0
4;0.08333333333333333;0.08028292472022602;0.2538902538902539;0;0.37879947819525717;0.4;0.0;0;0;1;0
3;0.16666666666666666;0.1814409916087333;0.31122031122031124;1;0.24596125752035536;0.4;1.0;0;1;0;0
4;0.0;0.2589997582792033;0.18673218673218672;1;0.34938299145273416;0.2;0.0;0;1;0;0
2;0.25;0.01578375437028135;0.3235053235053235;1;0.373377273379363;0.2;0.0;0;0;1;0
2;0.3333333333333333;0.1305711557555936;0.35053235053235055;1;0.34920611633281606;0.4;0.0;0;0;1;0
1;0.25;0.3333606430147924;0.4643734643734644;1;0.48943868939630564;0.6;0.0;0;0;1;1
4;0.25;0.27805244479164704;0.5356265356265356;0;0.6417410816749849;0.2;0.0;0;0;1;1
4;0.25;0.20002676121137447;0.23423423423423423;1;0.6210474723168397;0.2;0.0;1;0;0;0
3;0.3333333333333333;0.005443586706875157;0.0343980343980344;0;0.06565212680298695;0.0;0.0;0;1;0;0
4;0.25;0.032309215962192044;0.35298935298935297;0;0.593092040986898;0.6;0.0;0;1;0;1
4;0.16666666666666666;0.01778968344678967;0.4045864045864046;1;0.23524198257672582;0.4;0.0;0;1;0;1
4;0.25;0.291050087152835;0.3972153972153972;1;0.34245466073616654;0.0;0.0;0;0;1;0
3;0.16666666666666666;0.15368669386965952;0.30303030303030304;0;0.5983228377129691;0.4;0.0;0;1;0;0
3;0.3333333333333333;0.08436309059632023;0.37674037674037675;0;0.29852655952516033;0.0;0.0;0;1;0;0
4;0.5;0.43192309611247764;0.6052416052416052;1;0.16759338492546708;0.4;0.0;0;1;0;1
3;0.25;0.02402691961066018;0.41932841932841936;0;0.3071964448797846;0.0;0.0;0;0;1;0
2;0.0;0.11409375454095944;0.29565929565929566;0;0.49040774834589346;0.2;1.0;0;1;0;0
3;0.3333333333333333;0.10452425858063537;0.27436527436527436;1;0.5402838582088928;0.4;0.0;0;1;0;0
4;0.08333333333333333;0.04624035170560808;0.32923832923832924;1;0.37782308202147064;0.2;0.0;0;1;0;0
4;0.25;0.07384834850960394;0.6248976248976249;0;0.3045653814856843;0.0;0.0;0;0;1;0
4;0.16666666666666666;0.02979286590960509;0.32678132678132676;1;0.4037885624827872;0.4;0.0;0;1;0;1
4;0.16666666666666666;0.12571351741446202;0.3538083538083538;1;0.34281163624475486;0.4;0.0;0;1;0;0
4;0.16666666666666666;0.06020379638046692;0.27764127764127766;1;0.3374004881334404;0.2;0.0;0;1;0;0
3;0.25;0.002582161944602227;0.5364455364455365;1;0.35922001355754907;0.2;0.0;0;1;0;0
4;0.08333333333333333;0.33501880334633527;0.6773136773136773;0;0.39240757847212293;0.6;1.0;0;1;0;1
4;0.08333333333333333;0.07737134412586902;0.4307944307944308;1;0.39366652100234967;0.4;0.0;0;1;0;0
4;0.25;0.13600270414301455;0.3701883701883702;1;0.06828998343452052;0.4;0.0;0;1;0;0
4;0.5;0.024332869204487847;0.3628173628173628;1;0.4632656452290334;0.2;0.0;0;0;1;1
3;0.4166666666666667;0.015072036128457436;0.0;1;0.19217387275698267;0.2;0.0;0;1;0;0
4;0.25;0.2588609042840428;0.47911547911547914;1;0.5010274189766729;0.2;0.0;0;1;0;0
3;0.4166666666666667;0.09938954637742897;0.3783783783783784;0;0.42278809725288846;0.6;0.0;0;0;1;1
3;0.5;0.07558517428460099;0.4266994266994267;1;0.519420424650317;0.0;0.0;0;0;1;1
1;0.08333333333333333;0.08186414324116884;0.23996723996723995;0;0.1691440593240679;0.2;0.0;0;1;0;1
4;0.0;0.029911736824094842;0.294021294021294;1;0.2283093915081778;0.0;0.0;0;1;0;0
4;0.25;0.27122784163434643;0.2891072891072891;0;0.7267940193973269;0.2;0.0;0;0;1;1
4;0.3333333333333333;0.02675746500984195;0.5241605241605242;0;0.1662530496770902;0.6;1.0;0;0;1;1
4;0.16666666666666666;0.01906651343985832;0.29484029484029484;1;0.22215094009817316;0.6;0.0;0;1;0;1
3;0.4166666666666667;0.29589214570314104;0.6977886977886978;1;0.4427185502343221;0.2;0.0;0;1;0;0
2;0.3333333333333333;0.033069411805851504;0.4275184275184275;1;0.2734627559662758;0.2;0.0;0;1;0;0
4;0.25;0.2206870616767007;0.14742014742014742;1;0.4139587251784226;0.4;0.0;0;1;0;0
1;0.16666666666666666;0.16467966919186663;0.3357903357903358;1;0.11377668280246896;0.2;0.0;0;1;0;0
4;0.08333333333333333;0.053469573980220425;0.2497952497952498;1;0.194615963006429;0.0;0.0;0;1;0;0
2;0.25;0.03253538267699005;0.0;1;0.4796714945461599;0.2;0.0;0;1;0;0
3;0.25;0.15825393717572642;0.6183456183456183;1;0.6277616022334614;0.0;0.0;0;1;0;0
3;0.25;0.10121769619924481;0.47174447174447176;1;0.3347098601018594;0.6;0.0;0;1;0;1
4;0.3333333333333333;0.03254110184269638;0.4438984438984439;1;0.15083924801844192;0.2;0.0;0;1;0;1
2;0.25;0.24642118424336074;0.3841113841113841;1;0.7773768875956671;0.4;0.0;0;1;0;1
4;0.4166666666666667;0.14196101333597255;0.13022113022113022;1;0.38758201438421375;0.4;0.0;0;1;0;0
2;0.4166666666666667;0.26696721041244403;0.27764127764127766;0;0.688529425701634;0.2;1.0;0;0;1;1
4;0.25;0.06394382379066742;0.49467649467649466;1;0.2175471636907639;0.2;0.0;0;1;0;1
1;0.08333333333333333;0.015195741790518946;0.18427518427518427;1;0.20079414321376815;0.2;1.0;0;0;1;0
3;0.08333333333333333;0.28677915655217034;0.0;1;0.6026474565927968;0.4;0.0;0;1;0;0
2;0.08333333333333333;0.10228105247046632;0.3194103194103194;1;0.2296117960802333;0.6;0.0;0;1;0;1
4;0.25;0.10358212557178009;0.3333333333333333;1;0.444088584729764;0.2;0.0;0;1;0;0
3;0.25;0.09759070389081634;0.37919737919737917;1;0.36522681611736835;0.2;0.0;1;0;0;0
4;0.6666666666666666;0.07107518326191596;0.47583947583947583;1;0.4086856308257439;0.2;0.0;0;1;0;1
3;0.5;0.03269076963461628;0.4610974610974611;1;0.22627124621601535;0.4;0.0;0;1;0;1
0;0.0;0.10556621344018016;0.3988533988533989;1;0.36743209061532595;0.4;0.0;0;1;0;0
3;0.4166666666666667;0.14101606524435664;0.5528255528255528;1;0.44043090548944624;0.4;1.0;0;0;1;0
4;0.16666666666666666;0.27625459669391583;0.10810810810810811;0;0.22407748122612425;0.4;1.0;1;0;0;1
2;0.5;0.008262457888657588;0.438984438984439;1;0.3142485379854646;0.0;0.0;0;1;0;1
4;0.16666666666666666;0.03264096191992824;0.4594594594594595;1;0.39445704982040075;0.2;0.0;0;1;0;0
4;0.25;0.16673968698999553;0.15397215397215397;1;0.4084961055123127;0.2;0.0;0;1;0;1
3;0.25;0.1659774367544059;0.11056511056511056;1;0.39380120342394115;0.4;0.0;0;1;0;0
4;0.16666666666666666;0.02644556803423918;0.23423423423423423;1;0.4551705906559932;0.6;0.0;0;1;0;1
4;0.25;0.022653560128058234;0.24815724815724816;1;0.3216335892077498;0.2;0.0;0;0;1;0
4;0.25;0.05083596443287783;0.4799344799344799;0;0.6906931847504262;0.8;0.0;0;0;1;1
1;0.0;0.007160794460194672;0.25634725634725636;1;0.0708045936982644;0.4;0.0;0;1;0;0
1;0.5833333333333334;0.14576524015094083;0.21621621621621623;1;0.23860993840560946;0.2;1.0;0;1;0;1
1;0.25;0.12322389697108725;0.25634725634725636;1;0.49930308145285984;0.4;0.0;0;1;0;1
2;0.6666666666666666;0.21768620443445033;0.5397215397215397;0;0.31915680838330596;0.4;0.0;0;1;0;1
0;0.0;0.06248551474882593;0.35872235872235875;1;0.11275573730115349;0.2;1.0;0;1;0;0
4;0.3333333333333333;0.11260257386792025;0.3276003276003276;0;0.6925999125878064;0.6;0.0;0;1;0;1
4;0.4166666666666667;0.3424130792428813;0.33824733824733827;0;0.15168699405483949;0.4;0.0;0;1;0;0
3;0.16666666666666666;0.3548034501946751;0.5683865683865684;0;0.07472548736235708;0.2;0.0;0;1;0;1
4;0.4166666666666667;0.008134207012932382;0.23423423423423423;0;0.18650388315259916;0.2;0.0;0;0;1;1
4;0.16666666666666666;0.00014032172109768425;0.5724815724815725;0;0.21381159516886586;0.2;1.0;0;1;0;0
4;0.5;0.35804272793682446;0.3914823914823915;1;0.2113262217048107;0.4;1.0;0;1;0;1
0;0.25;0.08520561333053998;0.33005733005733007;1;0.21713863406280803;0.8;0.0;0;1;0;1
1;0.08333333333333333;0.1340419352310638;0.7665847665847666;1;0.5608099442286728;0.4;0.0;0;1;0;0
4;0.08333333333333333;0.271114215133461;0.18345618345618345;1;0.21527973662685893;0.4;1.0;1;0;0;0
3;0.3333333333333333;0.06309342696408948;0.2989352989352989;0;0.5081938092255271;0.2;0.0;0;0;1;0
4;0.25;0.06457518237887952;0.1547911547911548;1;0.6168349268161093;0.6;0.0;0;1;0;1
4;0.25;0.020258942185466557;0.5126945126945127;1;0.09355197165810064;0.4;0.0;0;0;1;0
0;0.16666666666666666;0.26281455033474177;0.633087633087633;0;0.39657153877561235;0.6;0.0;0;1;0;1
3;0.3333333333333333;0.11600412302419426;0.6298116298116299;1;0.33065048604149677;0.0;1.0;1;0;0;0
4;0.25;0.022048101656036108;0.556920556920557;1;0.6968760342856873;0.4;0.0;0;1;0;1
4;0.4166666666666667;0.09122617645455237;0.32432432432432434;0;0.09663769712095492;0.2;0.0;0;1;0;0
3;0.5;0.044186022534676045;0.2964782964782965;1;0.4247310771094025;0.6;0.0;0;1;0;1
4;0.25;0.017645225130914637;0.08271908271908272;1;0.3784166465525669;0.0;0.0;0;0;1;1
4;0.25;0.022265519363704512;0.6904176904176904;0;0.16211446770768476;0.0;0.0;0;1;0;0
2;0.08333333333333333;0.09109106770463801;0.4332514332514332;0;0.38537563956187876;0.2;0.0;0;0;1;0
3;0.4166666666666667;0.09239325957694666;0.276003276003276;1;0.48902408950067167;0.2;0.0;0;1;0;1
0;0.16666666666666666;0.17354816978240195;0.5741195741195741;0;0.24137478495572837;0.8;0.0;0;0;1;1
2;0.08333333333333333;0.031641426400021794;0.19737919737919737;1;0.505363690212215;0.4;0.0;0;1;0;0
4;0.08333333333333333;0.2753122663727479;0.42342342342342343;1;0.6998560246886736;0.4;0.0;0;0;1;1
3;0.0;0.08127616879618439;0.3284193284193284;1;0.12227997864503098;0.0;0.0;0;1;0;0
4;0.16666666666666666;0.025340915354080094;0.4610974610974611;1;0.17631212959976567;0.8;0.0;0;1;0;1
4;0.3333333333333333;0.059259142136451476;0.3464373464373464;0;0.46029676544097625;0.6;0.0;1;0;0;1
3;0.08333333333333333;0.2857346475879257;0.11875511875511875;1;0.24681174879918605;0.6;0.0;1;0;0;1
4;0.5;0.0722973427045103;0.36936936936936937;1;0.3170457004468894;0.2;0.0;0;1;0;1
4;0.08333333333333333;0.23105103190610507;0.5282555282555282;0;0.70268838870239;0.2;0.0;0;1;0;1
3;0.5833333333333334;0.019308137261101598;0.3521703521703522;1;0.8111449000858163;0.6;0.0;0;1;0;1
4;0.3333333333333333;0.2728607650952534;0.48402948402948404;0;0.11486874783707965;0.2;0.0;0;1;0;0
4;0.3333333333333333;0.06259678058260507;0.1850941850941851;0;0.11973046882346315;0.0;0.0;0;1;0;0
4;0.0;0.30601100285889754;0.3521703521703522;1;0.5756209191814612;0.6;0.0;0;1;0;1
4;0.08333333333333333;0.22363357418920302;0.2547092547092547;1;0.26314440600703726;0.2;0.0;0;1;0;0
2;0.08333333333333333;0.11995568634476125;0.47911547911547914;1;0.5903846127058004;0.0;0.0;0;0;1;0
3;0.16666666666666666;0.12425227109456669;0.361998361998362;0;0.5953227160165955;0.2;0.0;0;0;1;0
4;0.16666666666666666;0.02637124408489776;0.4701064701064701;0;0.36143444212351455;0.4;0.0;0;1;0;0
4;0.25;0.10267361951506015;0.5348075348075348;1;0.2701211840244382;0.4;1.0;0;1;0;0
4;0.4166666666666667;0.08865360971844839;0.4701064701064701;1;0.10907494180883959;0.2;1.0;0;1;0;0
4;0.16666666666666666;0.04518136251251554;0.4013104013104013;0;0.514371596879969;0.2;0.0;0;1;0;0
4;0.25;0.07831315286288124;0.19328419328419327;0;0.15341336878783007;0.4;1.0;0;1;0;0
4;0.25;0.2944660898906197;0.35626535626535627;1;0.4182493342584948;0.4;0.0;0;1;0;0
3;0.4166666666666667;0.0005223765442572117;0.26945126945126946;1;0.3037930715515755;0.4;1.0;0;1;0;0
3;0.3333333333333333;0.05999043673959505;0.30057330057330056;1;0.592701945699154;0.2;0.0;0;1;0;0
4;0.16666666666666666;0.045096452879501724;0.29565929565929566;1;0.4134106997940281;0.2;0.0;0;0;1;0
3;0.3333333333333333;0.36156436994797797;0.19656019656019655;1;0.3170544456511134;0.0;1.0;0;0;1;1
2;0.0;0.4055664655634107;0.036036036036036036;1;0.11359759459569503;0.6;0.0;0;1;0;1
4;0.16666666666666666;0.09796471522863874;0.24733824733824733;0;0.06456098892624176;0.6;0.0;0;1;0;1
4;0.3333333333333333;0.08877998814693501;0.3882063882063882;0;0.19552381659018414;0.2;1.0;1;0;0;0
4;0.4166666666666667;0.25976605192901814;0.13595413595413594;0;0.14614236472919626;0.4;0.0;0;1;0;0
2;0.6666666666666666;0.0006608131948456989;0.3595413595413595;1;0.202014053890859;0.4;1.0;0;0;1;1
4;0.5;0.09185697870750587;0.6683046683046683;1;0.6553344672703513;0.2;1.0;0;0;1;1
4;0.25;0.0027055606634919394;0.5241605241605242;0;0.33977666926403144;0.2;0.0;0;0;1;0
4;0.5;0.3834803809563441;0.6257166257166257;1;0.5739007844378946;0.0;1.0;0;1;0;1
4;0.16666666666666666;0.04286819775359291;0.42096642096642095;1;0.6682874174458712;0.4;0.0;0;1;0;1
2;0.25;0.08178313967952845;0.547911547911548;1;0.07775262221209432;0.2;0.0;0;0;1;0
2;0.16666666666666666;0.06007530449189587;0.23832923832923833;1;0.712640721841279;0.6;0.0;0;1;0;1
2;0.0;0.2492556374637597;0.25143325143325146;1;0.5374981371019769;0.6;1.0;0;1;0;1
4;0.16666666666666666;0.9580752357881647;0.0;1;0.7106457627272611;0.4;1.0;0;1;0;1
4;0.25;0.007812505031730648;0.5511875511875511;1;0.8145896714479721;0.4;0.0;0;1;0;1
3;0.08333333333333333;0.14645665835856256;0.6093366093366094;0;0.5068857505722475;0.6;0.0;0;0;1;1
4;0.25;0.05098699051314111;0.26617526617526616;0;0.23346267516101724;0.6;0.0;0;1;0;1
4;0.25;0.016592234282072137;0.3153153153153153;1;0.5231910334149477;0.2;0.0;0;0;1;0
2;0.0;0.05778161591376886;0.2334152334152334;1;0.08767004822729935;0.2;0.0;0;0;1;0
4;0.4166666666666667;0.6998852936800936;0.41932841932841936;0;0.7484325147346866;0.0;0.0;0;1;0;1
2;0.25;0.04916548962999719;0.5405405405405406;0;0.5378836415335774;0.2;0.0;0;1;0;0
0;0.3333333333333333;0.0360810696764192;0.07125307125307126;1;0.2206148606687899;0.2;0.0;0;0;1;0
3;0.16666666666666666;0.20821353789113095;0.42342342342342343;1;0.3926439594487291;0.2;0.0;0;1;0;0
3;0.0;0.225189330635691;0.31122031122031124;1;0.5516713839134348;0.6;0.0;1;0;0;1
4;0.5;0.04597326315053381;0.3751023751023751;0;0.755115022309343;0.4;0.0;0;0;1;1
4;0.3333333333333333;0.03940601213772641;0.43161343161343163;0;0.23175717177535993;0.0;1.0;0;1;0;0
4;0.25;0.11588044951560247;0.32596232596232594;1;0.12204104774090806;0.6;0.0;0;0;1;1
4;0.08333333333333333;0.025481627883985565;0.33988533988533987;1;0.043271831002892676;0.2;0.0;0;1;0;0
4;0.25;0.07348249402561645;0.32186732186732187;0;0.23926749877221432;0.4;0.0;0;1;0;0
0;0.16666666666666666;0.016886099459227498;0.515970515970516;1;0.7641343154263147;0.2;0.0;0;0;1;1
4;0.3333333333333333;0.04037508745298012;0.4250614250614251;1;0.2889517324845302;0.0;0.0;0;0;1;0
0;0.25;0.03921711535088926;0.3931203931203931;1;0.532528291431672;0.8;1.0;0;1;0;1
4;0.16666666666666666;0.1320176200139179;0.14823914823914824;0;0.11720047461292342;0.4;1.0;0;1;0;0
2;0.16666666666666666;0.036834049139984365;0.29484029484029484;0;0.2865721493763673;0.2;0.0;0;1;0;1
3;0.3333333333333333;0.25447159235823896;0.5036855036855037;1;0.8721895279083204;0.4;0.0;0;1;0;1
4;0.16666666666666666;0.4535959016332266;0.3628173628173628;1;0.12414623449899753;0.4;0.0;0;1;0;1
4;0.08333333333333333;0.009336584856808867;0.4643734643734644;0;0.7167309807331164;0.4;1.0;0;1;0;1
4;0.3333333333333333;0.05633327018395601;0.6461916461916462;0;0.6612059746711328;0.2;0.0;0;1;0;1
4;0.4166666666666667;0.03990974983273233;0.5266175266175266;1;0.6693342222436424;0.0;0.0;0;0;1;1
4;0.25;0.04820371000383085;0.37182637182637185;1;0.48453911477076733;0.2;0.0;0;1;0;0
0;0.08333333333333333;0.034241707715826436;0.2727272727272727;0;0.2795993142878338;0.4;0.0;0;1;0;0
3;0.3333333333333333;0.05359949368804642;0.0;1;0.5146482664461297;0.2;0.0;0;0;1;0
4;0.16666666666666666;0.016895287423055797;0.32923832923832924;1;0.11902122381617818;0.2;0.0;0;0;1;0
3;0.16666666666666666;0.03645414357338148;0.30303030303030304;0;0.5536993522703584;0.2;0.0;0;0;1;0
4;0.16666666666666666;0.1532127275642859;0.42096642096642095;1;0.07082448066171054;0.6;0.0;0;1;0;1
2;0.25;0.04684803647733732;0.3316953316953317;1;0.23634461329486495;0.6;0.0;0;1;0;1
4;0.08333333333333333;0.025854122876936378;0.30384930384930386;0;0.02081809800145839;0.6;0.0;0;1;0;1
4;0.25;0.012702507136716376;0.06552006552006552;1;0.40955118625227777;0.2;0.0;0;1;0;0
2;0.16666666666666666;0.04752138867319557;0.2031122031122031;1;0.16115265675839507;0.0;0.0;0;1;0;0
1;0.25;0.11466553659363367;0.4348894348894349;1;0.28592737869860085;0.8;0.0;0;1;0;1
4;0.16666666666666666;0.03243145191091859;0.638001638001638;0;0.17835296449046373;0.0;0.0;0;1;0;0
4;0.25;0.06101096184397135;0.3407043407043407;1;0.40892597484340787;0.6;0.0;0;1;0;1
3;0.3333333333333333;0.33872749031405447;0.4103194103194103;1;0.36410735157131546;0.2;0.0;0;1;0;0
4;0.3333333333333333;0.08936404475922202;0.5126945126945127;1;0.5816444314458938;0.4;1.0;0;1;0;0
0;0.16666666666666666;0.08439968851346508;0.22358722358722358;0;0.2402402382597356;0.0;0.0;0;1;0;0
3;0.0;0.05862804623254072;0.4168714168714169;1;0.43354245094051913;0.6;0.0;0;1;0;1
3;0.0;0.09048250787683426;0.23505323505323505;1;0.41375749111684634;0.0;0.0;0;1;0;0
2;0.16666666666666666;0.4640559120296972;0.49795249795249796;1;0.11817362737199957;0.6;1.0;0;1;0;1
2;0.16666666666666666;0.032506286744468336;0.38165438165438165;1;0.3623445255884484;0.2;0.0;0;1;0;0
3;0.16666666666666666;0.3166050076059953;0.40540540540540543;0;0.26626383015345245;0.2;0.0;0;1;0;0
4;0.3333333333333333;0.01789195854767079;0.2285012285012285;1;0.19869143293048883;0.0;0.0;0;1;0;0
3;0.6666666666666666;0.013035140578320182;0.4725634725634726;0;0.21527627449930775;0.0;0.0;0;0;1;1
3;0.08333333333333333;0.11823580167881369;0.6977886977886978;1;0.4914032099829623;0.4;0.0;0;1;0;0
0;0.16666666666666666;0.032115123147994765;0.19164619164619165;0;0.18936015716820248;0.0;0.0;0;1;0;0
3;0.4166666666666667;0.06532145999442816;0.3013923013923014;0;0.13268678720614233;0.4;0.0;1;0;0;0
3;0.25;0.14547428119267647;0.39475839475839475;1;0.7605174494657889;0.4;0.0;0;1;0;1
0;0.3333333333333333;0.08509191019282679;0.4856674856674857;1;0.36153163444681946;0.2;0.0;0;1;0;0
2;0.16666666666666666;0.0014709257597228737;0.26535626535626533;1;0.9102646838662651;0.4;0.0;0;1;0;1
4;0.3333333333333333;0.04054942067251582;0.0;1;0.3907225572826351;0.4;0.0;0;0;1;0
0;0.0;0.007371314211773506;0.579033579033579;1;0.2275056139798353;0.8;0.0;0;1;0;1
4;0.3333333333333333;0.28980844572904507;0.48157248157248156;1;0.19893517222730664;0.4;0.0;0;1;0;0
4;0.25;0.17607024329529306;0.07125307125307126;0;0.25580925461515325;0.4;0.0;0;1;0;1
4;0.16666666666666666;0.4589437835528715;0.2571662571662572;1;0.3507308253105121;0.0;0.0;0;1;0;0
3;0.08333333333333333;0.24068799058210563;0.6134316134316135;1;0.7114183900354504;0.6;0.0;0;1;0;1
3;0.08333333333333333;0.07169672286596335;0.5937755937755937;1;0.47712185757201075;0.4;0.0;0;0;1;0
3;0.16666666666666666;0.2382814273569552;0.5102375102375102;0;0.2372515758436544;0.2;1.0;0;1;0;0
2;0.5833333333333334;0.12411366048614272;0.3276003276003276;1;0.22496771260642762;0.0;0.0;0;1;0;1
1;0.25;0.08266861080107625;0.3701883701883702;1;0.3473415282981054;0.2;0.0;0;1;0;1
4;0.25;0.05145406265237183;0.33497133497133497;0;0.198247046802987;0.4;0.0;0;1;0;0
2;0.3333333333333333;0.12704870854956601;0.5413595413595413;1;0.4148889038508645;0.4;0.0;0;0;1;0
3;0.25;0.09917240122476076;0.21294021294021295;1;0.12757962140509224;0.2;0.0;0;1;0;0
4;0.25;0.10590114296416689;0.2244062244062244;1;0.6800324367696392;0.0;0.0;0;1;0;1
4;0.5;0.056737378915584356;0.5225225225225225;1;0.4618772553393455;0.4;0.0;0;1;0;1
3;0.25;0.14952301322914993;0.3497133497133497;1;0.48169624161090796;0.6;0.0;0;1;0;1
3;0.4166666666666667;0.009370622272198472;0.5823095823095823;0;0.19245167913495803;0.4;0.0;0;1;0;0
4;0.0;0.14404471820216402;0.24651924651924653;1;0.5039996801198103;0.4;0.0;0;0;1;0
4;0.0;0.1459306419647413;0.34807534807534807;0;0.30383011761979917;0.2;1.0;0;1;0;0
3;0.08333333333333333;0.08066083952087692;0.20556920556920558;1;0.5637799338368367;0.2;0.0;0;0;1;0
4;0.3333333333333333;0.03392836995451325;0.3579033579033579;1;0.6070475015717578;0.2;0.0;0;0;1;1
4;0.08333333333333333;0.08142965447262207;0.11466011466011466;0;0.6119167954152618;0.2;1.0;0;0;1;0
3;0.3333333333333333;0.014545037458714891;0.27682227682227684;0;0.043005031464177244;0.6;0.0;0;1;0;1
4;0.16666666666666666;0.03727998485210056;0.12121212121212122;0;0.5739647234330019;0.6;0.0;0;1;0;1
3;0.4166666666666667;0.06079043684769344;0.4701064701064701;1;0.3467765049530614;0.4;1.0;1;0;0;0
2;0.3333333333333333;0.12438409584274057;0.4742014742014742;1;0.4364364966186397;0.4;1.0;0;0;1;0
2;0.0;0.02299515218094424;0.0728910728910729;1;0.4554787926585535;0.6;0.0;0;0;1;1
3;0.08333333333333333;0.019088250367553173;0.5749385749385749;0;0.4923399433596085;0.2;0.0;0;1;0;0
2;0.16666666666666666;0.10407378159874733;0.7657657657657657;0;0.5251131515757236;0.2;0.0;0;1;0;0
4;0.25;0.1265543429809341;0.36445536445536447;1;0.6605597253524645;0.6;0.0;0;0;1;1
4;0.5;0.00965112317555878;0.25143325143325146;1;0.22637680846842456;0.2;0.0;0;1;0;1
3;0.08333333333333333;0.003683009323185529;0.819000819000819;1;0.252494939858402;1.0;0.0;0;1;0;1
4;0.25;0.01764103471596278;0.14086814086814087;0;0.13387744986654507;0.4;1.0;0;1;0;0
0;0.16666666666666666;0.25728120645712893;0.36036036036036034;1;0.5314958280271743;0.6;0.0;0;1;0;1
1;0.3333333333333333;0.12418159144646114;0.3857493857493858;0;0.09272201361877244;0.2;0.0;0;1;0;1
4;0.0;0.28239760962363325;0.5773955773955773;1;0.4002808767551927;0.6;0.0;0;1;0;1
2;0.3333333333333333;0.12152046158338403;0.4152334152334152;1;0.059802442662306735;0.2;0.0;0;1;0;0
1;0.25;0.3737005787160639;0.2751842751842752;0;0.2123538392031172;0.2;0.0;0;1;0;1
2;0.4166666666666667;0.0642282813063591;0.20065520065520065;1;0.3192631086550743;0.4;0.0;0;1;0;1
2;0.25;0.1016333022928837;0.30057330057330056;1;0.6641853992092581;0.6;0.0;0;1;0;1
2;0.25;0.10221391174949195;0.19164619164619165;0;0.07486342280020154;0.4;0.0;0;0;1;0
4;0.25;0.0002803776487331794;0.36445536445536447;1;0.43562374853156427;0.4;0.0;0;1;0;1
4;0.4166666666666667;0.0030279594061679072;0.26453726453726456;0;0.24417343426677918;0.6;0.0;0;1;0;1
4;0.25;0.01739542587022515;0.1122031122031122;1;0.33410079565691997;0.2;0.0;0;0;1;0
4;0.4166666666666667;0.07955977557784776;0.5626535626535627;1;0.5144631565568014;0.2;0.0;0;0;1;0
4;0.3333333333333333;0.06257874787893186;0.2751842751842752;1;0.7613834632858274;0.6;0.0;0;1;0;1
4;0.3333333333333333;0.08627204872091422;0.14905814905814907;1;0.4714277964034328;0.4;1.0;0;1;0;0
4;0.16666666666666666;0.17928167496417005;0.32923832923832924;1;0.2920972403061954;0.0;0.0;0;1;0;0
4;0.3333333333333333;0.19212499647272077;0.3677313677313677;0;0.6935456029402539;0.0;0.0;0;1;0;1
3;0.25;0.41973169743214767;0.07043407043407043;1;0.280788950346575;0.6;0.0;0;0;1;1
4;0.4166666666666667;0.0906603680835124;0.41113841113841115;0;0.4157791029130714;0.2;0.0;1;0;0;0
4;0.4166666666666667;0.04738688035831308;0.1850941850941851;0;0.5747955314104974;0.2;0.0;0;0;1;0
2;0.16666666666666666;0.04090012470206901;0.6371826371826372;1;0.23629846814380068;0.4;0.0;0;1;0;0
4;0.08333333333333333;0.04628883597700339;0.44226044226044225;1;0.07529106961875534;0.4;0.0;0;1;0;1
4;0.5;0.043470489403730696;0.2915642915642916;1;0.21515021909123766;0.4;0.0;1;0;0;1
4;0.08333333333333333;0.05546338045025984;0.23423423423423423;0;0.030977884807593708;0.0;0.0;0;1;0;0
3;0.08333333333333333;0.008590766485658674;0.33988533988533987;1;0.20954901810080534;0.4;0.0;0;1;0;0
4;0.5;0.11159527827956585;0.457002457002457;1;0.1943887825552724;0.2;0.0;0;0;1;1
2;0.6666666666666666;0.09333103688120908;0.3521703521703522;0;0.30126141153844316;0.4;0.0;0;1;0;1
4;0.08333333333333333;0.0688966134977729;0.32104832104832104;0;0.0318134525753896;0.0;0.0;0;1;0;0
4;0.25;0.009341862864471941;0.36609336609336607;0;0.6790452723612532;0.4;0.0;0;0;1;1
4;0.4166666666666667;0.01081717987058259;0.257985257985258;1;0.3369684090082258;0.4;0.0;0;1;0;0
0;0.16666666666666666;0.08757450241333647;0.30057330057330056;1;0.3871067465464684;0.8;0.0;0;1;0;1
4;0.25;0.004076968612331621;0.014742014742014743;1;0.3272583489588378;0.4;0.0;0;1;0;0
2;0.16666666666666666;0.143489433511973;0.515970515970516;0;0.2227854649540757;0.2;0.0;0;1;0;1
4;0.4166666666666667;0.5651335596215364;0.40540540540540543;1;0.11235740646762472;0.6;1.0;0;1;0;1
2;0.16666666666666666;0.10116467673072375;0.23013923013923013;0;0.5661956331777599;0.4;0.0;0;1;0;1
4;0.08333333333333333;0.1429419686570095;0.6674856674856675;0;0.2705906072745658;0.0;0.0;0;1;0;0
4;0.5;0.06423409613519561;0.371007371007371;0;0.18269488339983353;0.4;0.0;0;0;1;1
4;0.16666666666666666;0.12241928027783959;0.18673218673218672;0;0.5459715831341785;0.4;0.0;0;1;0;0
4;0.0;0.11730876762062172;0.49713349713349714;0;0.33315837354140176;0.2;0.0;0;0;1;0
4;0.08333333333333333;0.19328944801513834;0.4217854217854218;1;0.8532593168722031;0.4;0.0;0;1;0;1
1;0.16666666666666666;0.13818057695069283;0.42096642096642095;0;0.5766911511391111;0.2;0.0;0;1;0;0
4;0.0;0.15375749233139488;0.28665028665028663;1;0.42230808635523764;0.2;0.0;0;1;0;0
4;0.16666666666666666;0.09043130415361313;0.4307944307944308;1;0.18995259259798739;0.2;0.0;0;1;0;0
3;0.5833333333333334;0.07366140465464627;0.31367731367731366;0;0.336879763664587;0.2;0.0;0;0;1;1
4;0.25;0.06822768166175347;0.447993447993448;1;0.5051933053684607;0.0;0.0;0;1;0;0
4;0.3333333333333333;0.05529689114094745;0.04504504504504504;1;0.681349268076584;0.6;0.0;0;1;0;1
1;0.16666666666666666;0.03434366654176734;0.2858312858312858;0;0.4067689440012102;0.4;0.0;0;1;0;0
4;0.25;0.0037000269598137076;0.6388206388206388;0;0.18223854609917256;0.4;0.0;0;1;0;0
4;0.08333333333333333;0.12365840430820087;0.23095823095823095;1;0.29598773172989096;0.2;0.0;0;1;0;0
0;0.0;0.25720758696682344;0.257985257985258;1;0.13795955398536397;0.2;1.0;0;1;0;0
3;0.08333333333333333;0.2965886868324854;0.2833742833742834;1;0.12432121617847772;0.2;1.0;0;1;0;0
3;0.08333333333333333;0.09660382482052536;0.15806715806715807;1;0.3502177629943178;0.6;0.0;0;1;0;1
3;0.16666666666666666;0.010931097507298126;0.0;1;0.3587879504293618;0.6;0.0;0;1;0;1
4;0.25;0.23461483876667108;0.3185913185913186;1;0.29573621091400676;0.0;0.0;0;1;0;0
4;0.16666666666666666;0.1531805252391727;0.37919737919737917;1;0.0906901898711929;0.2;0.0;0;1;0;0
2;0.4166666666666667;0.0321496057627899;0.34807534807534807;1;0.2185600517430399;0.6;0.0;0;1;0;1
3;0.16666666666666666;0.18099816048731937;0.3333333333333333;1;0.16125941356615178;0.4;0.0;0;0;1;0
3;0.16666666666666666;0.07099400432593254;0.36363636363636365;1;0.757659098449963;0.2;0.0;0;0;1;1
0;0.25;0.24311964571912328;0.5241605241605242;1;0.5994786286201677;0.0;0.0;0;0;1;0
4;0.16666666666666666;0.031586199491083995;0.32514332514332517;1;0.41719817927574676;0.2;0.0;0;1;0;0
4;0.5833333333333334;0.17951343442817871;0.2628992628992629;1;0.3517801434314503;0.4;0.0;1;0;0;1
4;0.5;0.1384007889924969;0.3104013104013104;0;0.3436146329075925;0.4;0.0;0;1;0;1
4;0.16666666666666666;0.0015490035852921261;0.4512694512694513;1;0.17515199937956064;0.2;1.0;1;0;0;0
4;0.25;0.09212522780614037;0.588042588042588;1;0.33172571618511304;0.4;0.0;0;1;0;0
4;0.4166666666666667;0.13980933014728358;0.2538902538902539;0;0.2454305448246556;0.4;0.0;0;1;0;0
4;0.5;0.018855873136805687;0.3726453726453726;1;0.5211665201376654;0.2;0.0;0;1;0;1
4;0.5;0.08439025610709067;0.411957411957412;1;0.37516067289450017;0.0;1.0;0;1;0;1
3;0.75;0.0402668139351363;0.1941031941031941;1;0.3210181370489711;0.4;1.0;0;0;1;1
4;0.16666666666666666;0.13251212627932915;0.36036036036036034;1;0.4826434219278204;0.2;0.0;0;0;1;0
4;0.3333333333333333;0.08636655502563954;0.1162981162981163;1;0.37354765354475356;0.2;0.0;1;0;0;0
4;0.16666666666666666;0.10801866890087301;0.06715806715806716;1;0.5305803022112588;0.2;1.0;0;1;0;0
4;0.16666666666666666;0.008309491659153907;0.4168714168714169;1;0.28912288774626316;0.6;0.0;0;1;0;1
4;0.0;0.01642721485181152;0.294021294021294;0;0.650000103002624;0.4;1.0;0;1;0;1
2;0.08333333333333333;0.0892960402407085;0.38984438984438985;0;0.22460331249061666;0.6;0.0;1;0;0;1
4;0.25;0.022170825451402046;0.3538083538083538;0;0.30348877139587893;0.2;0.0;0;1;0;0
2;0.3333333333333333;0.07676420426670827;0.19656019656019655;0;0.4068089093787921;0.4;1.0;0;0;1;1
3;0.3333333333333333;0.13025536005604538;0.3488943488943489;0;0.18179731802438423;0.4;0.0;0;1;0;1
4;0.25;0.18458194887748414;0.1547911547911548;0;0.35564740697988184;0.6;0.0;0;1;0;1
2;0.08333333333333333;0.017101819892518785;0.5847665847665847;0;0.4111119045752984;0.2;1.0;0;0;1;0
4;0.08333333333333333;0.1506227083347276;0.13431613431613432;1;0.11568495075987;0.4;0.0;0;1;0;0
3;0.3333333333333333;0.05014292610036346;0.32432432432432434;0;0.5435724737533038;0.6;0.0;0;1;0;1
4;0.0;0.12634185079450766;0.18591318591318592;0;0.3204508501618499;0.0;0.0;0;1;0;0
2;0.4166666666666667;0.017397954184520507;0.45045045045045046;1;0.42844092908658016;0.6;1.0;0;0;1;1
2;0.25;0.08048439463078787;0.3022113022113022;1;0.24172807598850968;0.2;0.0;0;1;0;0
4;0.25;0.2021544168692288;0.2719082719082719;1;0.5476954195827998;0.2;0.0;0;1;0;0
3;0.08333333333333333;0.012451612824532554;0.4963144963144963;0;0.37143101853508587;0.2;0.0;0;1;0;0
1;0.16666666666666666;0.1955836236221906;0.36117936117936117;0;0.08384811344310013;0.4;0.0;0;1;0;0
3;0.0;0.06701164804443362;0.44144144144144143;0;0.5747990354409711;0.0;0.0;0;1;0;0
2;0.0;0.19277242577372383;0.19574119574119575;0;0.7980116148874492;0.4;0.0;0;1;0;1
4;0.3333333333333333;0.35368927706311815;0.12694512694512694;1;0.20383001306969906;0.0;0.0;1;0;0;0
3;0.25;0.019284284899751616;0.37428337428337427;0;0.38939898415251545;0.2;0.0;1;0;0;0
3;0.3333333333333333;0.12483989030980566;0.3046683046683047;1;0.3182155024751201;0.4;1.0;0;1;0;0
4;0.25;0.029750714329380992;0.4594594594594595;0;0.0604661529156711;0.0;0.0;0;0;1;0
4;0.25;0.016138406966305897;0.343980343980344;1;0.3172443028661107;0.4;0.0;0;1;0;0
4;0.25;0.10998312102871327;0.3906633906633907;1;0.2039553464555627;0.6;0.0;0;1;0;1
3;0.4166666666666667;0.01264506270055465;0.09090909090909091;0;0.5870040091160266;0.6;0.0;0;1;0;1
3;0.5;0.06956278359858696;0.6658476658476659;1;0.41352620879934493;0.4;0.0;0;1;0;1
4;0.0;0.11236340693367664;0.33005733005733007;0;0.24092759552286475;0.2;0.0;0;1;0;1
4;0.0;0.07697293796569374;0.47092547092547093;0;0.30564872954826405;0.2;0.0;0;1;0;0
4;0.4166666666666667;0.13281157519665193;0.2194922194922195;0;0.6293548016460598;0.2;0.0;0;0;1;0
4;0.16666666666666666;0.17979662774603455;0.407043407043407;0;0.03898960613948686;0.4;0.0;0;1;0;1
4;0.16666666666666666;0.22887987608188276;0.14332514332514332;0;0.7003322126742324;0.2;0.0;0;1;0;1
1;0.08333333333333333;0.0912464601228225;0.4307944307944308;1;0.604636830644213;0.2;0.0;0;1;0;0
2;0.3333333333333333;0.03596271794720659;0.29811629811629814;0;0.5497236746698583;0.2;0.0;0;1;0;0
1;0.0;0.07922622924706006;0.36117936117936117;1;0.11930216963763444;0.4;0.0;0;1;0;0
4;0.5833333333333334;0.05450866854966205;0.47092547092547093;1;0.7087697072289237;0.6;0.0;0;1;0;1
4;0.3333333333333333;0.028424601089569047;0.1547911547911548;0;0.2852308221236361;0.0;0.0;0;0;1;0
1;0.0;0.08371921210786996;0.24488124488124488;1;0.3302832566237683;0.6;0.0;0;0;1;1
2;0.25;0.002480195962183177;0.43161343161343163;0;0.07487767371005911;0.4;0.0;0;1;0;0
3;0.08333333333333333;0.103442514619965;0.7002457002457002;1;0.279629193802714;0.0;0.0;0;1;0;0
4;0.16666666666666666;0.19172730509240615;0.33415233415233414;0;0.3143643018936851;0.0;0.0;0;0;1;0
4;0.25;0.8322056252206836;0.4537264537264537;1;0.6311596423561677;0.6;0.0;0;1;0;1
4;0.75;0.28332168461120855;0.33906633906633904;1;0.30593986417343516;0.4;0.0;0;1;0;1
4;0.3333333333333333;0.010401647995929788;0.6748566748566749;1;0.28823188594872723;0.0;0.0;0;1;0;0
4;0.3333333333333333;0.019652555656559496;0.07043407043407043;1;0.545807225122004;0.2;0.0;0;1;0;0
4;0.5833333333333334;0.0165368944097016;0.37182637182637185;0;0.7258371914730117;0.6;1.0;0;0;1;1
4;0.25;0.09086267862193394;0.09009009009009009;1;0.35467078770198346;0.6;0.0;0;1;0;1
4;0.16666666666666666;0.005162746479604786;0.0;1;0.11778665260338828;0.2;0.0;0;1;0;0
2;0.5833333333333334;0.3075295308761823;0.40540540540540543;1;0.18984449681745577;0.2;0.0;0;1;0;1
0;0.3333333333333333;0.007032786336246442;0.37919737919737917;0;0.5022675817807652;0.4;0.0;0;1;0;0
4;0.16666666666666666;0.05515782459011092;0.3104013104013104;0;0.35334939151701583;0.4;0.0;0;0;1;1
1;0.25;0.2496178155132604;0.33906633906633904;1;0.30853503301628776;0.0;0.0;0;1;0;1
3;0.5;0.3297060330404784;0.864045864045864;1;0.06260127747765266;0.4;0.0;0;1;0;1
4;0.25;0.06958738025068734;0.3144963144963145;0;0.2329598754184131;0.0;1.0;0;0;1;0
4;0.16666666666666666;0.07451003214834014;0.4406224406224406;0;0.2623929848442855;0.2;0.0;0;1;0;0
1;0.16666666666666666;0.11243151034878204;0.25061425061425063;0;0.34726439661895087;0.2;0.0;0;1;0;0
4;0.3333333333333333;0.05819432977592706;0.40540540540540543;0;0.10969723956720356;0.0;0.0;0;1;0;0
4;0.16666666666666666;0.043607434562712;0.3177723177723178;0;0.13438334555353437;0.6;0.0;0;1;0;1
4;0.6666666666666666;0.14957078449500885;0.2891072891072891;1;0.3409776503117927;0.2;0.0;0;1;0;1
3;0.0;0.1005999288607517;0.6543816543816544;1;0.8250985519008364;0.2;0.0;0;1;0;1
2;0.3333333333333333;0.07304924928437356;0.5495495495495496;0;0.17538268102269197;0.0;0.0;0;1;0;0
4;0.4166666666666667;0.01175102070581123;0.37919737919737917;0;0.39475219212544216;0.2;0.0;0;0;1;0
3;0.4166666666666667;0.007869088969830192;0.0;1;0.3497223037456625;0.0;0.0;0;1;0;0
2;0.25;0.07948825686614401;0.2972972972972973;1;0.12218074607521812;0.0;0.0;0;1;0;0
3;0.25;0.10742466126055164;0.7993447993447993;0;0.1289582853373601;0.4;0.0;0;1;0;0
4;0.25;0.11915537214138737;0.3185913185913186;1;0.5519883200103425;0.4;0.0;0;0;1;0
4;0.6666666666666666;0.25058777720921416;0.5372645372645373;1;0.3754037126870109;0.4;0.0;0;1;0;1
3;0.25;0.1884220017302164;0.592956592956593;0;0.6015086921930228;0.2;0.0;0;0;1;1
4;0.3333333333333333;0.016810778526682342;0.3923013923013923;0;0.42809876203676356;0.2;0.0;0;1;0;0
2;0.25;0.17595238293444398;0.21867321867321868;1;0.21236200246010953;0.6;0.0;0;0;1;1
4;0.16666666666666666;0.12543418397146144;0.0;1;0.316670104483693;0.8;1.0;0;1;0;1
4;0.08333333333333333;0.19580864416988478;0.46846846846846846;0;0.10404711016762509;0.2;0.0;0;1;0;0
4;0.16666666666666666;0.20619453653477018;0.22358722358722358;0;0.3678184463766418;0.0;0.0;0;1;0;1
3;0.3333333333333333;0.04710039779388298;0.3857493857493858;1;0.5857341667861206;0.6;0.0;0;0;1;1
4;0.5;0.03392621215940332;0.15233415233415235;0;0.6387795542291441;0.2;1.0;0;1;0;1
3;0.4166666666666667;0.08943147038530193;0.31285831285831284;0;0.022821921319475896;0.6;0.0;0;1;0;1
2;0.5833333333333334;0.03939562840398898;0.361998361998362;0;0.2695479757180229;0.4;0.0;0;1;0;1
4;0.25;0.04780866563913094;0.4004914004914005;1;0.3108636612850153;0.6;0.0;0;0;1;1
3;0.25;0.007904757720573875;0.17444717444717445;0;0.7531420097802538;0.2;0.0;0;0;1;1
0;0.5833333333333334;0.5286486979570324;0.5528255528255528;1;0.8161321405634899;0.2;0.0;0;1;0;1
4;0.0;0.04110440488450055;0.2588042588042588;1;0.3667489091237372;0.6;0.0;0;1;0;1
2;0.0;0.16844047336359982;0.08271908271908272;0;0.1855584591160123;0.4;0.0;0;1;0;1
4;1.0;0.5545666732671339;0.33906633906633904;1;0.2689278756864188;0.6;0.0;0;0;1;1
4;0.5;0.38690053293916665;0.361998361998362;1;0.32047826055722445;0.0;1.0;0;0;1;1
4;0.25;0.11173216012094592;0.3832923832923833;1;0.3004068609220207;0.4;0.0;0;1;0;0
3;0.4166666666666667;0.08600942554847052;0.5798525798525799;1;0.07926787550730664;0.4;0.0;0;1;0;0
4;0.5833333333333334;0.04110110823665772;0.3177723177723178;0;0.39929147052541225;0.0;1.0;1;0;0;1
4;0.3333333333333333;0.21989854258591268;0.33742833742833744;1;0.6685287935846802;0.2;0.0;0;0;1;1
0;0.25;0.045826265661139697;0.1760851760851761;0;0.24998397391494964;0.6;0.0;0;1;0;1
4;0.16666666666666666;0.012488025507402129;0.4914004914004914;1;0.26842961755367434;0.2;0.0;0;1;0;0
4;0.0;0.03868257330502552;0.38656838656838655;1;0.11502153708886649;0.4;0.0;0;1;0;0
4;0.08333333333333333;0.04204274796390859;0.28746928746928746;1;0.542742350026587;0.0;0.0;0;1;0;0
3;0.08333333333333333;0.14096966486757895;0.04504504504504504;0;0.8330188640355994;0.2;0.0;0;1;0;1
4;0.25;0.020601463051303545;0.592956592956593;0;0.1292409680319553;0.0;0.0;0;1;0;1
4;0.5;0.04233000269697585;0.15561015561015562;1;0.23131672214291696;0.2;0.0;0;1;0;1
1;0.25;0.00879602253151253;0.2596232596232596;1;0.29979445614291583;0.2;0.0;0;1;0;1
4;0.4166666666666667;0.20983818699325513;0.4152334152334152;1;0.3648212233942486;0.2;0.0;0;1;0;0
2;0.3333333333333333;0.14348398433831921;0.16052416052416052;1;0.32523943628185076;0.2;0.0;0;1;0;0
4;0.0;0.06394711050724788;0.1122031122031122;1;0.3094436286374021;0.2;1.0;0;0;1;0
4;0.0;0.062478900603706304;0.009009009009009009;0;0.09639487901722144;0.2;0.0;0;1;0;0
3;0.4166666666666667;0.02017752385908008;0.475020475020475;1;0.3061587903626218;0.6;0.0;0;1;0;1
2;0.16666666666666666;0.05392589001860925;0.266994266994267;0;0.478350856994453;0.2;0.0;0;1;0;0
3;0.5;0.26399869547764276;0.8361998361998362;1;0.7995858660099207;0.2;0.0;0;0;1;1
3;0.16666666666666666;0.01653862542877604;0.1941031941031941;0;0.3714687788004302;0.6;0.0;0;0;1;1
4;0.4166666666666667;0.1610778582641059;0.20556920556920558;0;0.653524665234534;0.2;0.0;0;1;0;1
3;0.08333333333333333;0.005307438518426028;0.26371826371826373;0;0.3485089890522672;0.2;0.0;0;0;1;0
4;0.16666666666666666;0.04148888661134576;0.3963963963963964;1;0.5474248049697089;0.0;0.0;0;1;0;0
1;0.16666666666666666;0.208769113341197;0.27927927927927926;1;0.2376308193933489;0.4;0.0;1;0;0;0
4;0.25;0.06543996046246886;0.457002457002457;0;0.3518075724438772;0.2;0.0;0;1;0;0
4;0.0;0.13489698808449632;0.19656019656019655;1;0.14046122175602654;0.4;0.0;0;1;0;0
4;0.5;0.012092372284030962;0.13022113022113022;1;0.32647055723304796;0.6;0.0;0;1;0;1
3;0.16666666666666666;0.12790983834382008;0.062244062244062245;1;0.3224516147879796;0.2;0.0;0;1;0;0
4;0.4166666666666667;0.19012772482132065;0.0;0;0.5077284151971535;0.4;1.0;0;1;0;0
4;0.25;0.18196571571696774;0.2719082719082719;0;0.23653203454411284;0.0;0.0;0;0;1;0
4;0.16666666666666666;0.06422096043514224;0.3071253071253071;1;0.4042906145258089;0.4;0.0;0;0;1;0
1;0.3333333333333333;0.2608388460718872;0.25307125307125306;0;0.2089073623820769;0.6;1.0;0;1;0;1
4;0.4166666666666667;0.09513157708963982;0.5601965601965602;0;0.2330945156507876;0.0;0.0;0;1;0;1
2;0.25;0.1894236059021274;0.5577395577395577;1;0.4277011358198099;0.2;0.0;0;1;0;0
2;0.4166666666666667;0.026646944484371667;0.3022113022113022;0;0.7714147574305327;0.2;0.0;0;1;0;1
3;0.16666666666666666;0.02619252919018959;0.06306306306306306;1;0.30288474510476904;0.4;0.0;0;1;0;0
4;0.3333333333333333;0.15613832611514228;0.26371826371826373;1;0.08674050749279094;0.0;0.0;0;1;0;0
3;0.08333333333333333;0.11567674039587195;0.2588042588042588;1;0.30227828961314557;0.2;1.0;0;0;1;0
4;0.08333333333333333;0.1254365026145453;0.24897624897624898;0;0.41859553263244403;0.2;0.0;0;1;0;0
0;0.25;0.029965312963215834;0.24242424242424243;1;0.3062354341552602;0.6;0.0;0;1;0;1
3;0.5;0.056698694614808066;0.2497952497952498;1;0.29982856338659386;0.2;0.0;0;1;0;1
4;0.0;0.0331902476314491;0.2932022932022932;1;0.41898345812647403;0.2;0.0;0;1;0;0
2;0.4166666666666667;0.0077812116030662746;0.25225225225225223;1;0.3006736058904754;0.4;0.0;0;1;0;0
4;0.16666666666666666;0.025308553005175583;0.3906633906633907;1;0.3539731102127096;0.0;0.0;0;0;1;0
4;0.5;0.5931775517828923;0.41605241605241605;1;0.31910826857021773;0.2;1.0;0;1;0;1
4;0.08333333333333333;0.029597425124921126;0.2072072072072072;1;0.20659797611082978;0.2;0.0;0;1;0;1
3;0.16666666666666666;0.01923671188030284;0.5651105651105651;0;0.8189600593803611;0.6;0.0;0;0;1;1
3;0.3333333333333333;0.13274089961263305;0.19574119574119575;1;0.575845131002804;0.4;1.0;0;1;0;0
1;0.25;0.10248178595933387;0.09172809172809172;1;0.3769781447679078;0.6;0.0;0;0;1;1
4;0.4166666666666667;0.1524192478742313;0.41932841932841936;1;0.46866840672090965;0.2;0.0;0;1;0;0
2;0.25;0.11791521868656807;0.22276822276822278;1;0.2716480586581986;0.4;0.0;0;1;0;0
4;0.4166666666666667;0.028003916656320165;0.4095004095004095;0;0.2317032584809107;0.4;0.0;0;0;1;0
3;0.3333333333333333;0.07725689199164545;0.0;1;0.32736671426372305;0.0;0.0;0;0;1;0
4;0.08333333333333333;0.02155694773552105;0.5847665847665847;1;0.547437610885716;0.2;0.0;0;1;0;0
4;0.4166666666666667;0.0324661859504726;0.4668304668304668;1;0.1479879363027338;0.8;0.0;0;1;0;1
4;0.0;0.48244019136078425;0.11056511056511056;1;0.28977762768178195;0.4;0.0;0;0;1;0
4;0.16666666666666666;0.14507378857163677;0.11466011466011466;0;0.21806683323818526;0.4;0.0;0;1;0;0
2;0.08333333333333333;0.16985446358234926;0.6306306306306306;1;0.37206367722921807;0.2;1.0;0;1;0;0
3;0.4166666666666667;0.003326358536458925;0.23587223587223588;1;0.23919715263669356;0.4;0.0;0;0;1;0
4;0.5;0.0535038425482244;0.2203112203112203;1;0.29637144412721783;0.4;1.0;0;1;0;1
4;0.3333333333333333;0.09008373463161137;0.0;0;0.5086254171307196;0.2;0.0;0;0;1;0
4;0.08333333333333333;0.01797083936553303;0.2989352989352989;1;0.6350660800139762;0.4;1.0;0;0;1;1
1;0.25;0.20994485687839937;0.3194103194103194;1;0.2666734273389714;0.0;0.0;0;1;0;1
4;0.25;0.01666040280339236;0.4742014742014742;1;0.675364102026122;0.2;0.0;0;0;1;1
4;0.5833333333333334;0.11253198244187772;0.12776412776412777;0;0.11935593496983289;0.0;0.0;0;1;0;1
3;0.25;0.08956914012779255;0.10728910728910729;1;0.5522905103270687;0.4;0.0;0;1;0;1
2;0.4166666666666667;0.21050961467643584;0.4307944307944308;0;0.33772309182790755;0.2;0.0;0;1;0;0
3;0.25;0.04151009314774701;0.5217035217035217;1;0.5043504434311281;0.0;0.0;0;0;1;0
4;0.0;0.0371151077136879;0.0990990990990991;0;0.23525840753071714;0.2;0.0;0;0;1;0
4;0.25;0.20838852691340515;0.533988533988534;1;0.13912993212787464;0.4;0.0;0;1;0;0
3;0.08333333333333333;0.027776810909925065;0.3628173628173628;1;0.3983853348330947;0.0;0.0;0;1;0;1
3;0.3333333333333333;0.1524316597366809;0.5356265356265356;1;0.4352896084217722;0.2;0.0;0;0;1;1
4;0.4166666666666667;0.02353433568933855;0.3447993447993448;0;0.5005130566066732;0.4;0.0;0;1;0;0
4;0.16666666666666666;0.23192507633124518;0.0;1;0.6274640303730838;0.0;1.0;0;1;0;1
3;0.16666666666666666;0.20318754275806875;0.3316953316953317;0;0.1910996156870108;0.2;0.0;0;1;0;1
4;0.5;0.17224340777754363;0.5307125307125307;1;0.6252441688215635;0.2;0.0;1;0;0;1
4;0.08333333333333333;0.07517315307328827;0.21048321048321048;1;0.2574359193311514;0.4;0.0;0;0;1;0
3;0.4166666666666667;0.003760837566340621;0.2932022932022932;0;0.1222340823844673;0.0;0.0;0;0;1;0
4;0.75;0.015741505008247694;0.3276003276003276;1;0.2961423600893778;0.2;0.0;0;1;0;1
4;0.3333333333333333;0.0677945041783459;0.0;1;0.6569977477244902;0.2;0.0;0;0;1;1
4;0.16666666666666666;0.004896191458660215;0.6306306306306306;0;0.6424304969083602;0.4;0.0;0;1;0;0
4;0.5833333333333334;0.007226960295991255;0.20884520884520885;0;0.5175486888174692;0.6;0.0;0;0;1;1
4;0.3333333333333333;0.014852225216409864;0.4398034398034398;1;0.4206604042160566;0.6;0.0;0;1;0;1
4;0.4166666666666667;0.0335609964477183;0.34234234234234234;1;0.3918954481669166;0.2;0.0;0;1;0;0
0;0.0;0.15387871087018104;0.5626535626535627;0;0.5177101086016821;0.6;1.0;0;1;0;1
4;0.25;0.005401666676215712;0.42342342342342343;0;0.22116540162843318;0.4;0.0;0;1;0;1
3;0.25;0.4575594591134455;0.3185913185913186;1;0.24103640327941395;0.2;0.0;0;0;1;1
3;0.3333333333333333;0.03553271310934295;0.21048321048321048;1;0.27699433089647363;0.4;0.0;1;0;0;0
4;0.25;0.042874453388337064;0.4873054873054873;1;0.15769277654111555;0.4;0.0;0;1;0;0
3;0.25;0.03162672080929455;0.049959049959049956;1;0.1081321499269305;0.2;0.0;0;0;1;0
4;0.0;0.10255070176743605;0.46273546273546273;0;0.31825735239518244;0.8;0.0;0;1;0;1
4;0.16666666666666666;0.002113278316047463;0.1769041769041769;1;0.10265880757791186;0.4;0.0;0;0;1;0
4;0.4166666666666667;0.010861464478439258;0.5618345618345618;1;0.6787873709105424;0.4;0.0;0;0;1;1
4;0.08333333333333333;0.011502596515850963;0.3832923832923833;0;0.230842421907657;0.8;0.0;0;0;1;1
4;0.08333333333333333;0.12145995441938263;0.4619164619164619;1;0.12961610837494325;0.8;0.0;0;1;0;1
0;0.3333333333333333;0.04441112439343757;0.3701883701883702;0;0.3526064637988435;0.2;0.0;0;1;0;0
4;0.4166666666666667;0.06394853158662883;0.06961506961506962;1;0.10220262112881169;0.2;0.0;0;0;1;0
3;0.0;0.3331982616110168;0.2153972153972154;1;0.31819740523010953;0.6;0.0;0;1;0;1
4;0.16666666666666666;0.024765005337813218;0.4668304668304668;1;0.7227926929908947;0.4;1.0;0;0;1;1
2;0.16666666666666666;0.008028750747746628;0.3841113841113841;0;0.27574012374035517;0.0;1.0;1;0;0;0
4;0.08333333333333333;0.06472844871627467;0.5503685503685504;1;0.30136619658331737;0.4;0.0;0;1;0;1
4;0.9166666666666666;0.01987114567005152;0.4226044226044226;1;0.4642264897170046;0.2;0.0;0;0;1;1
4;0.5;0.017316297925088025;0.1981981981981982;0;0.5735114270896142;0.0;0.0;0;0;1;1
2;0.16666666666666666;0.05866364848312877;0.22604422604422605;1;0.09670881554832338;0.6;1.0;0;1;0;1
4;0.16666666666666666;0.12317081221890841;0.37346437346437344;1;0.3089403976225817;0.2;0.0;0;1;0;1
4;0.25;0.030884624847709926;0.0;1;0.742227866161588;0.6;0.0;0;0;1;1
3;0.16666666666666666;0.23216565994312077;0.6306306306306306;1;0.1544286021297439;0.2;0.0;0;1;0;0
4;0.16666666666666666;0.05001402971576637;0.42915642915642915;1;0.6410205117923835;0.4;0.0;0;1;0;0
3;0.4166666666666667;0.302447599632017;0.5577395577395577;0;0.14959701807551884;0.2;1.0;0;0;1;1
3;0.0;0.07537551007549456;0.09746109746109746;0;0.14457662083736922;0.8;1.0;0;1;0;1
4;0.25;0.14428019867609782;0.5601965601965602;0;0.5776065252790291;0.0;0.0;0;0;1;0
4;0.16666666666666666;0.21029100791082822;0.7223587223587223;1;0.023984187896795822;0.6;1.0;0;1;0;1
4;0.16666666666666666;0.08387349671003767;0.14004914004914004;0;0.10723802561740324;0.0;0.0;0;1;0;0
3;0.25;0.2112580938842975;0.4832104832104832;1;0.48480452810997743;0.6;0.0;0;0;1;1
4;0.08333333333333333;0.05275861064142506;0.3570843570843571;0;0.6165251325322024;0.6;0.0;0;1;0;1
4;0.3333333333333333;0.05018102091684204;0.10401310401310401;1;0.740487559045557;0.2;0.0;0;0;1;1
3;0.3333333333333333;0.17575360858497174;0.43734643734643736;1;0.15795638394140982;0.4;0.0;0;0;1;0
2;0.4166666666666667;0.0306523575174505;0.49303849303849306;0;0.2064857005780225;0.6;0.0;0;0;1;1
4;0.16666666666666666;0.14039925655296717;0.257985257985258;1;0.46487899952812295;0.2;0.0;0;1;0;0
3;0.3333333333333333;0.008856350883477703;0.547911547911548;1;0.35409526668917946;0.0;1.0;0;1;0;0
0;0.25;0.11226281196223778;0.08353808353808354;1;0.2499082896719845;0.6;0.0;0;0;1;1
4;0.08333333333333333;0.3165701799281165;0.1122031122031122;0;0.09880187774471594;0.0;0.0;0;1;0;0
2;0.16666666666666666;0.0677660015867452;0.37919737919737917;0;0.22595395052741152;0.0;0.0;0;1;0;1
1;0.5833333333333334;0.059769395785307156;0.36117936117936117;1;0.3323174525452584;0.2;1.0;0;1;0;1
4;0.16666666666666666;0.08646363492833006;0.23914823914823916;0;0.07280824039781479;0.4;0.0;0;1;0;0
4;0.4166666666666667;0.1413976292137181;0.48894348894348894;1;0.24708833147673556;0.2;0.0;0;0;1;0
4;0.6666666666666666;0.04938549548155852;0.4438984438984439;1;0.21754265881133006;0.4;0.0;0;0;1;1
4;0.08333333333333333;0.0;0.49713349713349714;0;0.4087865018833824;0.4;0.0;1;0;0;0
0;0.4166666666666667;0.07751997351134386;0.3366093366093366;1;0.674110738446436;0.4;0.0;0;1;0;1
3;0.3333333333333333;0.060402396306745675;0.45536445536445536;1;0.5640909582194411;0.6;0.0;0;0;1;1
2;0.25;0.0845815607421853;0.2833742833742834;1;0.4603820185918006;0.0;0.0;0;1;0;1
4;0.0;0.13972253114573316;0.6928746928746928;1;0.3385864518682286;0.6;0.0;0;1;0;1
4;0.08333333333333333;0.03700750760556429;0.22358722358722358;1;0.3716132983615303;0.2;0.0;0;1;0;0
1;0.3333333333333333;0.07823174344956701;0.7018837018837019;0;0.21140199610086957;0.0;0.0;0;0;1;1
4;0.5833333333333334;0.03244395171091711;0.361998361998362;0;0.4503495010343945;0.6;0.0;0;0;1;1
0;0.5;0.06835729051971709;0.13104013104013104;1;0.17191938736859388;0.0;0.0;0;0;1;1
2;0.3333333333333333;0.04693162283219802;0.5806715806715806;1;0.4431409593834824;0.4;0.0;0;0;1;0
4;0.08333333333333333;0.05117071109496813;0.3775593775593776;0;0.38780635136930636;0.2;0.0;0;0;1;0
4;0.16666666666666666;0.09628577344376084;0.4963144963144963;0;0.14756395242018638;0.0;1.0;0;1;0;0
2;0.4166666666666667;0.13010530548767202;0.556920556920557;0;0.6863191108716027;0.6;0.0;0;0;1;1
4;0.4166666666666667;0.0013479254940073483;0.411957411957412;1;0.24745478448448258;0.2;0.0;0;1;0;0
3;0.3333333333333333;0.23277494073269578;0.2596232596232596;0;0.18719159783121003;0.4;0.0;0;1;0;0
3;0.4166666666666667;0.05034392319782663;0.5167895167895168;1;0.1366843981691945;0.4;0.0;0;1;0;0
3;0.16666666666666666;0.11472834556020625;0.3570843570843571;1;0.5426418829354044;0.4;0.0;0;1;0;0
0;0.16666666666666666;0.014457045043167313;0.4692874692874693;0;0.14185596774258244;0.4;0.0;0;1;0;0
4;0.4166666666666667;0.09421415792679368;0.004095004095004095;1;0.04787394959977516;0.2;0.0;0;1;0;0
0;0.25;0.12617789894685927;0.42997542997543;1;0.27890973636625577;0.2;0.0;0;1;0;0
2;0.25;0.018991448354727887;0.25225225225225223;1;0.48316393999542756;0.4;0.0;0;0;1;0
4;0.5;0.2705525006870092;0.6273546273546273;1;0.5278356045547193;0.2;0.0;0;0;1;1
3;0.16666666666666666;0.15755341067009965;0.45864045864045866;1;0.46202302323686195;0.6;1.0;0;1;0;1
3;0.0;0.08487159700372386;0.3955773955773956;0;0.19882538999506832;0.2;0.0;0;1;0;0
4;0.25;0.02013672018042463;0.43652743652743653;0;0.09602592629000559;0.0;0.0;0;1;0;1
2;0.4166666666666667;0.22319645661757567;0.19328419328419327;0;0.19511804584549686;0.4;0.0;0;1;0;0
2;0.5;0.007840933149291336;0.6224406224406225;0;0.5809721733672958;0.2;0.0;0;1;0;1
4;0.16666666666666666;0.013545293868367541;0.683046683046683;1;0.445935273910233;0.0;0.0;1;0;0;0
2;0.5;0.13321817225489768;0.42096642096642095;0;0.1822342870182975;0.4;0.0;0;1;0;1
2;0.08333333333333333;0.032514331113793656;0.6175266175266175;0;0.5428394651711714;0.4;0.0;0;1;0;0
4;0.25;0.06835137653464347;0.26371826371826373;1;0.07148748071251754;0.4;1.0;0;1;0;1
3;0.3333333333333333;0.0860694175589788;0.22604422604422605;1;0.14430822173547742;0.2;0.0;0;1;0;0
4;0.4166666666666667;0.06812857606001826;0.36363636363636365;1;0.5717387836839132;0.4;0.0;0;1;0;0
4;0.25;0.009680014443983984;0.4275184275184275;1;0.12767047555966232;0.6;0.0;0;1;0;1
4;0.25;0.14874012410946189;0.29238329238329236;1;0.11116028939610917;0.2;0.0;1;0;0;0
3;0.08333333333333333;0.030464875206987575;0.44471744471744473;1;0.09734129982415747;0.4;0.0;0;1;0;0
0;0.0;0.1491891242582352;0.407043407043407;1;0.06145444571205854;0.4;0.0;0;1;0;0
4;0.4166666666666667;0.22298101084170227;0.19328419328419327;1;0.3819012053528113;0.2;0.0;0;1;0;0
4;0.0;0.08545905133856609;0.44144144144144143;1;0.3321298747642906;0.4;0.0;0;1;0;0
4;0.08333333333333333;0.13628373825726217;0.49795249795249796;1;0.5156300687548129;0.2;0.0;0;1;0;0
4;0.4166666666666667;0.004118255338512433;0.38493038493038495;1;0.4920926969605216;0.6;1.0;0;1;0;1
4;0.25;0.004096344101658999;0.5454545454545454;1;0.6619569738630621;0.2;0.0;0;1;0;1
4;0.0;0.024365059420879003;0.15724815724815724;0;0.5262456074515345;0.4;0.0;0;1;0;0
4;0.25;0.0493069067230581;0.4332514332514332;0;0.39267672448497304;0.2;0.0;0;1;0;0
4;0.3333333333333333;0.022389948760778846;0.16461916461916462;0;0.6762128176780582;0.4;0.0;0;1;0;1
3;0.6666666666666666;0.11205999210961719;0.17444717444717445;0;0.19523792903678883;0.4;1.0;0;1;0;1
3;0.25;0.03600227868872311;0.25307125307125306;1;0.3942188152853146;0.0;0.0;0;1;0;0
1;0.0;0.20790990557785305;0.2022932022932023;1;0.3459500098600207;0.2;0.0;0;1;0;0
3;0.3333333333333333;0.09143155321183652;0.266994266994267;1;0.4196980938152467;0.2;0.0;0;1;0;0
4;0.3333333333333333;0.05277609704594025;0.32186732186732187;1;0.24419945290968656;0.0;0.0;0;1;0;0
4;0.25;0.24868603570705747;0.49385749385749383;0;0.11984463756107526;0.6;0.0;0;1;0;1
3;0.4166666666666667;0.19602506447159965;0.30384930384930386;0;0.24092533645413242;0.4;0.0;0;1;0;0
4;0.3333333333333333;0.19075320220825825;0.09664209664209664;1;0.7047996641989539;0.2;0.0;0;1;0;1
4;0.3333333333333333;0.14493907450462296;0.5438165438165438;1;0.38116933720705976;0.4;0.0;0;1;0;0
4;0.5833333333333334;0.10590960884400419;0.2194922194922195;1;0.25145846289360607;0.4;0.0;0;0;1;1
4;0.0;0.050780277872999394;0.34725634725634724;1;0.1328393426045035;0.0;0.0;0;0;1;0
4;0.4166666666666667;0.06104077605106224;0.42997542997543;1;0.10645146437242005;0.4;1.0;0;0;1;0
2;0.08333333333333333;0.11583078110572177;0.389025389025389;1;0.595282517621535;0.0;0.0;0;0;1;1
4;0.16666666666666666;0.021048439355725392;0.5356265356265356;0;0.6663977031796398;0.6;0.0;1;0;0;1
1;0.3333333333333333;0.19567009332253554;0.4348894348894349;1;0.16864873958475798;0.2;0.0;0;0;1;1
2;0.0;0.3105320269691796;0.2153972153972154;1;0.19048869017434242;0.4;0.0;0;1;0;1
4;0.0;0.01140524772241376;0.7133497133497133;0;0.7367828560934679;0.0;0.0;0;1;0;1
4;0.0;0.002457522135139664;0.3882063882063882;1;0.09928778868994495;0.0;0.0;0;1;0;0
4;0.16666666666666666;0.017062015665053082;0.3325143325143325;1;0.1609255424545781;0.4;0.0;0;1;0;0
3;0.4166666666666667;0.15867671830760907;0.5143325143325144;0;0.15903080492899677;0.0;0.0;1;0;0;1
4;0.4166666666666667;0.012625471584746212;0.3972153972153972;1;0.5697003611587615;0.2;0.0;0;1;0;1
4;0.6666666666666666;0.05173791865639849;0.4217854217854218;0;0.22410284384584644;0.6;0.0;0;0;1;1
1;0.25;0.0071855244452038725;0.764946764946765;1;0.3162158761839736;0.4;0.0;0;1;0;1
4;0.16666666666666666;0.06297621787801844;0.31122031122031124;1;0.5583784307491579;0.2;0.0;0;1;0;0
0;0.16666666666666666;0.10296234951945908;0.3046683046683047;0;0.12777247329147245;0.4;0.0;0;1;0;0
4;0.08333333333333333;0.11011094214561531;0.3759213759213759;0;0.14894131376071965;0.8;0.0;0;1;0;1
3;0.3333333333333333;0.08134609051600063;0.5323505323505323;1;0.7627402092637365;0.2;1.0;0;1;0;1
3;0.16666666666666666;0.3095165076241905;0.10974610974610975;1;0.26578990940815156;0.2;0.0;0;0;1;0
2;0.25;0.08420918037546872;0.0343980343980344;1;0.4641859750477609;0.4;0.0;0;0;1;0
0;0.0;0.21809060421515386;0.26044226044226043;0;0.6710069355557612;0.0;0.0;0;0;1;1
4;0.16666666666666666;0.5524316196357025;0.08927108927108927;0;0.46980343335391667;0.4;0.0;0;1;0;0
4;0.16666666666666666;0.028975028760275436;0.28746928746928746;1;0.35653045116943427;0.4;0.0;0;0;1;1
2;0.16666666666666666;0.03426905372249293;0.438984438984439;1;0.7246235038997557;0.2;0.0;0;1;0;1
4;0.5;0.08203145408424208;0.21048321048321048;0;0.511408608477881;0.2;0.0;0;1;0;1
4;0.0;0.02233475705833094;0.12285012285012285;0;0.04956429785154438;0.2;0.0;0;0;1;0
4;0.4166666666666667;0.09232682844336351;0.3677313677313677;1;0.18060752145827894;0.4;0.0;0;1;0;0
4;0.5;0.12824923385258696;0.49795249795249796;1;0.16031303835712074;0.4;0.0;0;1;0;1
4;0.4166666666666667;0.006862235575731841;0.07944307944307945;1;0.3618616300548395;0.6;0.0;0;1;0;1
3;0.4166666666666667;0.12719833331813657;0.4914004914004914;0;0.1539919880933018;0.2;0.0;0;0;1;0
4;0.0;0.019259693158718016;0.4905814905814906;0;0.25423571947204265;0.4;0.0;0;1;0;0
3;0.25;0.03950846428071945;0.5126945126945127;1;0.8130614005773338;0.4;0.0;0;1;0;1
4;0.16666666666666666;0.14930754943797173;0.5561015561015561;0;0.17177030565467363;0.4;0.0;0;1;0;1
3;0.08333333333333333;0.019806844990764023;0.7174447174447175;1;0.43486431814996185;0.4;0.0;0;0;1;0
4;0.16666666666666666;0.08433895165749761;0.29811629811629814;0;0.16988461366337346;0.4;0.0;0;0;1;0
2;0.16666666666666666;0.09891260285956124;0.37428337428337427;0;0.26988664864437734;0.4;1.0;0;1;0;0
2;0.3333333333333333;0.01990904232838704;0.2882882882882883;1;0.62361482791466;0.0;0.0;0;1;0;0
4;0.25;0.03567866730938137;0.3570843570843571;0;0.46966596323699716;0.2;1.0;0;1;0;1
2;0.08333333333333333;0.103696411820434;0.6076986076986077;0;0.2393961829238745;0.2;0.0;0;1;0;0
3;0.25;0.06873906270542496;0.13595413595413594;1;0.6073579693717988;0.4;0.0;0;0;1;0
4;0.25;0.11996060373653276;0.2153972153972154;0;0.5496780137355973;0.2;1.0;0;1;0;0
4;0.3333333333333333;0.2145729964950419;0.5823095823095823;0;0.3670243741784031;0.6;0.0;0;1;0;1
4;0.16666666666666666;0.016071462836178222;0.5241605241605242;0;0.5503461328501837;0.2;0.0;0;0;1;0
4;0.16666666666666666;0.008080929154566985;0.2972972972972973;1;0.19080165293624335;0.2;0.0;0;1;0;1
4;0.4166666666666667;0.12219009452294691;0.4963144963144963;1;0.3421909703894675;0.0;1.0;0;0;1;0
4;0.5;0.16376917092733043;0.41277641277641275;0;0.14683176617822064;0.4;1.0;0;0;1;1
4;0.4166666666666667;0.06631006480757631;0.6027846027846028;0;0.5750093613568408;0.4;0.0;0;0;1;0
4;0.4166666666666667;0.055644885829300356;0.36855036855036855;0;0.4505543600515591;0.2;1.0;0;1;0;0
3;0.3333333333333333;0.10098930432033784;0.5249795249795249;1;0.48992307484227476;0.2;0.0;0;1;0;1
4;0.0;0.08913835240220402;0.7895167895167895;1;0.5122138211202643;0.2;0.0;1;0;0;0
0;0.5;0.07488894440736617;0.45454545454545453;0;0.3739810524008198;0.2;1.0;0;1;0;1
4;0.16666666666666666;0.18993391245113364;0.36445536445536447;0;0.3606291493643275;0.4;0.0;0;1;0;1
4;0.0;0.021133103274246074;0.475020475020475;0;0.03571261622291364;0.6;0.0;0;1;0;1
4;0.3333333333333333;0.12713339806463952;0.2964782964782965;0;0.48566858177929684;0.4;0.0;0;1;0;0
0;0.0;0.15039055093021095;0.7477477477477478;0;0.5518796724996643;0.4;0.0;0;0;1;0
4;0.4166666666666667;0.2575911442439672;0.38656838656838655;1;0.24888979815622053;0.6;0.0;0;1;0;1
2;0.25;0.32285553493106367;0.31203931203931207;1;0.1972976799200825;0.2;0.0;0;1;0;0
4;0.08333333333333333;0.07881937205086503;0.2194922194922195;1;0.5292715980497439;0.4;0.0;0;0;1;0
4;0.0;0.06318875135697641;0.5364455364455365;1;0.19693819638098423;0.6;0.0;0;0;1;1
3;0.4166666666666667;0.0779282917513989;0.4987714987714988;0;0.31537104881298184;0.4;0.0;0;1;0;0
3;0.3333333333333333;0.14668448727357727;0.2751842751842752;1;0.27100112456745684;0.0;0.0;0;1;0;0
4;0.3333333333333333;0.00185766417242048;0.4512694512694513;1;0.24040934885507437;0.6;0.0;0;1;0;1
4;0.3333333333333333;0.021219764747839872;0.10974610974610975;1;0.4764829461241547;0.4;0.0;0;1;0;1
2;0.08333333333333333;0.26500773580212483;0.38656838656838655;0;0.09958306095508342;0.2;0.0;0;0;1;0
4;0.0;0.02412588300452447;0.4307944307944308;1;0.5534673207344613;0.2;0.0;0;1;0;1
4;0.25;0.0287928695816573;0.6363636363636364;1;0.4539818567982309;0.4;0.0;0;1;0;0
2;0.0;0.31198215824853137;0.23013923013923013;1;0.5790956763556703;0.0;0.0;0;1;0;1
4;0.6666666666666666;0.03871125397992642;0.14742014742014742;1;0.4752454349863812;0.4;1.0;0;1;0;1
4;0.25;0.038107840516508874;0.20966420966420968;1;0.3283743115390612;0.4;0.0;0;1;0;0
4;0.08333333333333333;0.28624331980571344;0.1375921375921376;1;0.34526982962525965;0.4;0.0;0;1;0;0
4;0.3333333333333333;0.05224109785335465;0.5757575757575758;0;0.8218220363643007;0.6;0.0;0;0;1;1
4;0.16666666666666666;0.07571507443865527;0.6101556101556102;1;0.3274286475545402;0.2;0.0;0;1;0;0
4;0.16666666666666666;0.09138181633295563;0.4095004095004095;1;0.3819602840492712;0.2;0.0;0;0;1;0
4;0.5;0.22547994594289777;0.556920556920557;0;0.22269668352385857;0.4;0.0;0;1;0;1
4;0.4166666666666667;0.00891477447386644;0.3783783783783784;1;0.5120061536538361;0.0;0.0;0;1;0;0
0;0.6666666666666666;0.03356243219034659;0.3407043407043407;0;0.28491279056984437;0.0;1.0;0;1;0;1
4;0.5;0.09832718089540676;0.3022113022113022;0;0.4985633346599768;0.4;0.0;0;1;0;1
0;0.3333333333333333;0.06338002435964012;0.30548730548730546;1;0.2555165396798922;0.6;0.0;0;1;0;1
4;0.0;0.036216849729226896;0.10319410319410319;0;0.5679345883364263;0.4;1.0;0;1;0;1
3;0.5;0.058571290939936425;0.39967239967239965;1;0.90062176777059;0.6;0.0;0;0;1;1
4;0.25;0.3769660598257385;0.3497133497133497;0;0.02548016168186386;0.2;0.0;0;0;1;0
4;0.16666666666666666;0.0022956561790329296;0.47911547911547914;0;0.6651105798048406;0.4;0.0;0;1;0;1
3;0.08333333333333333;0.01761816015507851;0.37182637182637185;0;0.6311040289801246;0.4;0.0;0;1;0;1
4;0.25;0.002025773908497378;0.33005733005733007;1;0.22723546497002145;0.0;0.0;0;0;1;0
3;0.08333333333333333;0.10006182391963157;0.21375921375921375;1;0.3852427147248312;0.0;0.0;0;1;0;0
2;0.5;0.0013793013897678396;0.36855036855036855;1;0.34153049857593376;0.6;0.0;1;0;0;1
4;0.25;0.06726560519448496;0.4774774774774775;1;0.7711733195981043;0.0;0.0;0;0;1;1
4;0.3333333333333333;0.21805755895555692;0.16953316953316952;1;0.4783582797135041;0.4;0.0;0;1;0;0
4;0.08333333333333333;0.011308626937906002;0.371007371007371;1;0.5526638929603944;0.2;1.0;0;1;0;0
0;0.08333333333333333;0.05049081765185809;0.39475839475839475;1;0.5508717943334457;0.0;0.0;0;1;0;0
3;0.0;0.052761496835514315;0.23914823914823916;0;0.6528808030014066;0.6;0.0;0;0;1;1
4;0.16666666666666666;0.049980232753024996;0.26044226044226043;0;0.20978037019188936;0.2;0.0;0;1;0;1
4;0.25;0.1445754514048803;0.39475839475839475;1;0.2509186744442214;0.4;0.0;0;0;1;0
3;0.3333333333333333;0.0004221871268017246;0.17117117117117117;1;0.3221556827980783;0.2;0.0;0;1;0;0
4;0.08333333333333333;0.16838572230434973;0.4135954135954136;1;0.40558502680118413;0.6;0.0;0;1;0;1
0;0.25;0.20317219091996752;0.20966420966420968;0;0.5178509747039268;0.2;0.0;0;1;0;0
4;0.08333333333333333;0.06276198419228587;0.5307125307125307;1;0.5985142355992856;0.4;0.0;0;1;0;1
4;0.5;0.24268878640052127;0.7395577395577395;0;0.5053641057021333;0.4;0.0;0;1;0;1
4;0.25;0.05330683916528146;0.2153972153972154;1;0.564478545710725;0.4;0.0;0;1;0;0
0;0.16666666666666666;0.1319530216588319;0.4438984438984439;1;0.3783086414481308;0.0;0.0;0;1;0;0
4;0.25;0.05471534032820703;0.2375102375102375;1;0.3046672461180228;0.2;0.0;0;1;0;1
4;0.5833333333333334;0.004222937026295867;0.5274365274365275;1;0.35709605782122544;0.2;0.0;0;1;0;1
3;0.16666666666666666;0.009623274162845804;0.14905814905814907;0;0.45393280035691164;0.0;1.0;0;0;1;0
1;0.16666666666666666;0.06485325364716069;0.4357084357084357;1;0.36159371555661046;0.6;0.0;0;1;0;1
4;0.16666666666666666;0.513409752383967;0.21375921375921375;1;0.344029634074498;0.2;1.0;0;1;0;1
2;0.5;0.02168053951536805;0.3226863226863227;1;0.22309988219497034;0.4;0.0;0;0;1;1
4;0.4166666666666667;0.2513225762731412;0.18755118755118755;1;0.7581812483520347;0.2;0.0;0;0;1;1
2;0.25;0.28012208676168326;0.4914004914004914;0;0.46937525911869327;0.6;0.0;0;1;0;1
4;0.16666666666666666;0.058572527177436814;0.2194922194922195;0;0.20717524822450767;0.4;0.0;0;1;0;0
4;0.25;0.06886861503270104;0.44717444717444715;0;0.39481752167393347;0.4;0.0;0;0;1;0
4;0.08333333333333333;0.07768450646581623;0.30057330057330056;1;0.12844817969573508;0.2;0.0;0;0;1;0
4;0.16666666666666666;0.16365435236516176;0.33824733824733827;1;0.537173588769527;0.2;0.0;0;0;1;1
4;0.08333333333333333;0.01462604271855386;0.3808353808353808;1;0.45419294852497083;0.2;0.0;0;1;0;0
2;0.3333333333333333;0.04426444149373336;0.23177723177723178;1;0.22624643132537203;0.2;0.0;0;1;0;0
4;0.25;0.02075704296790511;0.3914823914823915;1;0.2491134651281253;0.0;0.0;0;1;0;0
4;0.5833333333333334;0.23438567683013695;0.6076986076986077;1;0.46798790996644607;0.0;1.0;0;0;1;1
2;0.4166666666666667;0.00806720504572953;0.22932022932022933;0;0.08814169947025938;0.2;0.0;0;1;0;0
4;0.3333333333333333;0.1531625610142864;0.5487305487305487;1;0.10396878591629669;0.2;0.0;0;1;0;0
3;0.16666666666666666;0.06439388861271182;0.601965601965602;0;0.48766458228742615;0.0;1.0;0;0;1;0
4;0.25;0.1394461075486196;0.22276822276822278;1;0.06128434349817129;0.2;1.0;0;1;0;0
3;0.25;0.24542211192412702;0.11793611793611794;1;0.39571805636104335;0.4;1.0;0;1;0;1
4;0.08333333333333333;0.046106830863560766;0.4062244062244062;1;0.660842540347371;0.6;0.0;0;1;0;1
3;0.3333333333333333;0.028579347770185278;0.266994266994267;1;0.46031028480172853;0.0;0.0;0;1;0;0
3;0.16666666666666666;0.11681086101531124;0.6625716625716626;1;0.7097241943880098;0.4;0.0;0;1;0;1
3;0.3333333333333333;0.6677403236798916;0.361998361998362;1;0.4268160703800582;0.4;0.0;0;1;0;0
4;0.5;0.14541406282384478;0.22522522522522523;0;0.20798851856926975;0.4;0.0;0;1;0;1
4;0.08333333333333333;0.17659914866313814;0.16871416871416872;1;0.4012228180919878;0.6;0.0;0;1;0;1
2;0.4166666666666667;0.11051531255007785;0.5348075348075348;1;0.4601367005646495;0.6;0.0;0;1;0;1
4;0.5;0.05101953603073055;0.2628992628992629;1;0.19067341587425427;0.4;0.0;0;1;0;1
2;0.0;0.11822767922688077;0.36363636363636365;1;0.24724716829178858;0.6;1.0;0;1;0;1
4;0.3333333333333333;0.01524051257728316;0.5135135135135135;1;0.3498675677501092;0.0;0.0;0;1;0;0
3;0.5833333333333334;0.07459412698715336;0.27764127764127766;1;0.37635159555946124;0.2;0.0;0;1;0;1
4;0.4166666666666667;0.0946309203959567;0.3488943488943489;1;0.7520915104954523;0.2;1.0;0;1;0;1
3;0.4166666666666667;0.2639089445129747;0.3538083538083538;0;0.6003292642439355;0.0;0.0;0;1;0;0
4;0.16666666666666666;0.2805718192352964;0.46846846846846846;1;0.24404485968230122;0.2;0.0;0;1;0;1
2;0.08333333333333333;0.006829907073237209;0.4537264537264537;0;0.5366982324663777;0.8;0.0;0;1;0;1
4;0.3333333333333333;0.11112537914568722;0.3202293202293202;0;0.14380492965876535;0.4;0.0;0;1;0;1
4;0.25;0.17701823524664378;0.3669123669123669;1;0.3745961827436321;0.4;0.0;0;0;1;0
3;0.25;0.08547696048446073;0.29565929565929566;1;0.3870846543794384;0.4;0.0;0;1;0;1
4;0.6666666666666666;0.01111962305542739;0.11466011466011466;0;0.4796593860909236;0.2;1.0;0;1;0;1
0;0.3333333333333333;0.02940690804346498;0.3988533988533989;1;0.3908923172440229;0.0;0.0;0;1;0;1
2;0.25;0.041806890247374544;0.6666666666666666;1;0.56549037892288;0.2;0.0;0;0;1;0
2;0.3333333333333333;0.12088663052036953;0.21212121212121213;1;0.4866787204154575;0.4;0.0;0;1;0;0
2;0.16666666666666666;0.007477458234061758;0.23013923013923013;1;0.565391033250541;0.4;0.0;0;1;0;0
3;0.16666666666666666;0.08868437459462881;0.21375921375921375;1;0.34543987209778215;0.2;0.0;0;1;0;0
3;0.3333333333333333;0.012763730828165894;0.475020475020475;1;0.4709140050816297;0.0;0.0;0;1;0;1
4;0.08333333333333333;0.055867300618604086;0.42997542997543;0;0.18739147199897593;0.4;0.0;0;0;1;0
3;0.4166666666666667;0.06161184502988536;0.3308763308763309;0;0.09895904439495529;0.2;0.0;0;1;0;0
4;0.25;0.06682260376834567;0.20638820638820637;1;0.46500231960518884;0.2;0.0;0;0;1;0
4;0.25;0.1379994754846712;0.37182637182637185;1;0.050754769866407395;0.4;0.0;0;1;0;0
1;0.16666666666666666;0.009352897845052832;0.10073710073710074;1;0.20392560701923731;0.4;0.0;0;1;0;0
0;0.3333333333333333;0.03467989224720952;0.38001638001638;1;0.4851294513122092;0.8;1.0;0;1;0;1
0;0.16666666666666666;0.11395658372657831;0.4995904995904996;1;0.30399395796456063;0.2;0.0;0;1;0;0
3;0.16666666666666666;0.319787893745344;0.15151515151515152;0;0.24004648652943275;0.0;0.0;0;1;0;0
4;0.16666666666666666;0.10782469336547762;0.10565110565110565;0;0.40800369654756835;0.6;0.0;0;1;0;1
4;0.08333333333333333;0.23901225268370904;0.6150696150696151;1;0.02551646347733015;0.2;0.0;0;1;0;0
4;0.5833333333333334;0.3843351569001804;0.25634725634725636;0;0.27230752972455097;0.8;0.0;0;0;1;1
4;0.16666666666666666;0.23952688784320106;0.542997542997543;1;0.698342382234029;0.2;0.0;0;1;0;1
4;0.4166666666666667;0.39859753091663097;0.3316953316953317;1;0.3459971348691448;0.2;0.0;0;1;0;0
3;0.16666666666666666;0.1669170342329671;0.33005733005733007;1;0.6303683071737848;0.0;0.0;0;1;0;0
4;0.16666666666666666;0.24268817919099064;0.4283374283374283;0;0.37560048764683984;0.0;0.0;0;1;0;0
4;0.0;0.07516883401201575;0.21212121212121213;0;0.3376248409934615;0.0;0.0;0;1;0;0
2;0.25;0.04708449931541223;0.3783783783783784;0;0.4299176536392295;0.4;0.0;0;0;1;1
4;0.4166666666666667;0.906514704795607;0.294021294021294;1;0.17963678965807656;0.4;0.0;1;0;0;0
4;0.08333333333333333;0.011377039822637073;0.14004914004914004;1;0.6539335947478745;0.8;0.0;0;1;0;1
4;0.3333333333333333;0.35318487423900263;0.411957411957412;1;0.30506140537097287;0.2;0.0;0;1;0;0
2;0.4166666666666667;0.06264672001347693;0.31367731367731366;1;0.14243483668633217;0.0;0.0;0;1;0;1
4;0.4166666666666667;0.0024492850836774493;0.3308763308763309;0;0.33252975989941747;0.2;0.0;0;0;1;1
4;0.16666666666666666;0.18069922678482017;0.15806715806715807;1;0.3343481430962813;0.4;0.0;0;1;0;0
1;0.25;0.06528629571972307;0.6175266175266175;1;0.2641983091433201;0.4;0.0;0;1;0;1
4;0.0;0.1782797311572253;0.5004095004095004;0;0.4546292908978893;0.0;0.0;1;0;0;0
4;0.16666666666666666;0.0050322623043543456;0.5143325143325144;1;0.4724094009987936;0.8;0.0;0;0;1;1
4;0.0;0.40664691508860495;0.3063063063063063;0;0.12601997618626576;0.2;0.0;0;1;0;1
4;0.0;0.12363889371963592;0.07371007371007371;0;0.025535397961470797;0.2;0.0;0;0;1;0
4;0.25;0.005403277987487802;0.6764946764946765;0;0.381352353050836;0.2;0.0;0;1;0;0
4;0.25;0.0004486972486074708;0.3464373464373464;1;0.4123288705146542;0.4;0.0;0;1;0;1
4;0.08333333333333333;0.1002274841459523;0.23423423423423423;0;0.41260639316917286;0.6;0.0;0;1;0;1
4;0.08333333333333333;0.4172635596389982;0.4250614250614251;0;0.3908555647908175;0.4;0.0;0;0;1;0
3;0.5833333333333334;0.08252823051653325;0.547911547911548;1;0.24618437724746378;0.0;0.0;0;1;0;1
1;0.5;0.04853116332063558;0.35298935298935297;0;0.2512098751220684;0.4;1.0;0;1;0;1
3;0.16666666666666666;0.3109969270316935;0.5659295659295659;0;0.08799475083567228;0.4;0.0;1;0;0;0
2;0.08333333333333333;0.4597172145400416;0.533988533988534;1;0.6556935072296896;0.4;1.0;0;1;0;1
4;0.0;0.17069506156891107;0.18018018018018017;0;0.4380395690856301;0.2;0.0;0;0;1;0
4;0.25;0.1407443589272068;0.24651924651924653;0;0.38861315858628404;0.2;1.0;0;1;0;0
2;0.4166666666666667;0.0001603178151282553;0.5135135135135135;1;0.11604753477064493;0.0;0.0;0;1;0;0
3;0.3333333333333333;0.04181316127031752;0.0;0;0.15606803114557846;0.2;0.0;0;1;0;0
4;0.5833333333333334;0.2884043082909226;0.3325143325143325;1;0.34287802856030497;0.4;0.0;0;0;1;1
2;0.25;0.05101114511334558;0.12203112203112203;1;0.4069437540027667;0.2;0.0;0;1;0;0
4;0.0;0.045253664527660414;0.2784602784602785;1;0.01797082576043396;0.0;1.0;0;1;0;0
4;0.08333333333333333;0.0856528542560209;0.30794430794430794;1;0.3536091048992902;0.0;0.0;0;1;0;0
3;0.25;0.06600324606684524;0.29811629811629814;1;0.1655451409520668;0.4;0.0;0;0;1;0
1;0.08333333333333333;0.21774322890624456;0.26617526617526616;0;0.3581622487811597;0.2;0.0;0;1;0;0
4;0.16666666666666666;0.009413422148192534;0.1769041769041769;1;0.558556313043473;0.6;0.0;0;1;0;1
0;0.16666666666666666;0.11955818020006749;0.7321867321867321;0;0.1482608084283445;0.4;0.0;0;1;0;0
1;0.5833333333333334;0.1328559945708698;0.6625716625716626;1;0.12750452388345143;0.2;0.0;0;0;1;1
4;0.0;0.23595109387310348;0.16625716625716624;1;0.5083531434809813;0.2;0.0;0;1;0;0
4;0.8333333333333334;0.059734992174100984;0.6158886158886159;1;0.16701417329632975;0.0;0.0;0;1;0;1
4;0.0;0.03882562302572515;0.2915642915642916;1;0.17127480470652456;0.4;0.0;0;0;1;0
4;0.16666666666666666;0.10952878958826352;0.3775593775593776;0;0.3597661558971479;0.2;0.0;0;0;1;0
4;0.4166666666666667;0.1435444879661076;0.3464373464373464;1;0.2167159878551779;0.4;0.0;0;1;0;0
2;0.5;0.020794206156705103;0.24897624897624898;0;0.5886905392831603;0.2;0.0;1;0;0;1
0;0.08333333333333333;0.019087308368320174;0.5176085176085176;1;0.3081279792711384;0.2;0.0;0;1;0;0
4;0.0;0.033976708979395774;0.3775593775593776;1;0.20451928081802964;0.2;1.0;0;1;0;0
4;0.3333333333333333;0.03163151901272625;0.2784602784602785;0;0.10355055877312037;0.4;1.0;0;1;0;0
4;0.3333333333333333;0.1544712133175992;0.14332514332514332;0;0.42823962506488344;0.6;1.0;0;1;0;1
4;0.5833333333333334;0.08410625013391526;0.21048321048321048;0;0.2519306891101058;0.6;0.0;0;0;1;1
4;0.08333333333333333;0.08823336639197156;0.08763308763308764;0;0.2505073980251309;0.0;0.0;0;1;0;0
3;0.3333333333333333;0.00157847305616152;0.35872235872235875;1;0.2232958173466972;0.6;0.0;0;1;0;1
2;0.3333333333333333;0.5740547665098807;0.16052416052416052;0;0.37363649319207815;0.0;0.0;0;1;0;1
3;0.3333333333333333;0.1969540252514574;0.31285831285831284;1;0.21369802859030987;0.8;1.0;0;1;0;1
4;0.25;0.06517580233012085;0.5814905814905815;1;0.08397065279018338;0.0;0.0;0;1;0;0
3;0.08333333333333333;0.007632809540656978;0.5528255528255528;1;0.21092965966072236;0.2;0.0;0;1;0;0
4;0.4166666666666667;0.13179465868560336;0.35135135135135137;1;0.38648704367802705;1.0;1.0;0;1;0;1
0;0.16666666666666666;0.08514087151248137;0.34234234234234234;1;0.20135356295052154;0.2;1.0;0;0;1;0
3;0.25;0.12585977678281968;0.6642096642096642;1;0.8257653929965275;0.6;0.0;0;1;0;1
2;0.0;0.12587308827498092;0.44226044226044225;1;0.6584661281453439;0.4;1.0;0;1;0;1
4;0.08333333333333333;0.018634976251178006;0.30303030303030304;1;0.1171521930997352;0.2;1.0;0;1;0;0
3;0.4166666666666667;0.04429304806226012;0.12285012285012285;1;0.450621511018246;0.2;0.0;0;1;0;0
4;0.0;0.001924329593983154;0.42096642096642095;1;0.40959245354147705;0.0;1.0;1;0;0;0
4;0.08333333333333333;0.4485705612424169;0.49221949221949224;1;0.2256754855267711;0.0;0.0;0;0;1;0
4;0.0;0.1826647078780729;0.25307125307125306;1;0.2838295915616467;0.2;0.0;0;1;0;0
2;0.3333333333333333;0.29394128296486577;0.4045864045864046;0;0.44687311524507994;0.6;1.0;0;1;0;1
4;0.4166666666666667;0.004952399700445634;0.2972972972972973;1;0.316311512170983;0.4;0.0;0;1;0;0
3;0.16666666666666666;0.0771323289013988;0.32678132678132676;0;0.32917271228647715;0.4;0.0;0;1;0;0
1;0.16666666666666666;0.15304337262404258;0.0;1;0.5354538529323247;0.6;0.0;0;1;0;1
2;0.3333333333333333;0.012112604190696498;0.3202293202293202;0;0.21099532902633086;0.4;0.0;0;0;1;0
3;0.3333333333333333;0.16693975125415733;0.5151515151515151;0;0.32336360087697985;0.8;0.0;0;0;1;1
4;0.4166666666666667;0.11595012251208385;0.25307125307125306;1;0.414492944287883;0.2;0.0;0;1;0;0
4;0.25;0.46688930308431825;0.3652743652743653;1;0.3294634778311355;0.2;1.0;0;0;1;1
3;0.3333333333333333;0.0168241897000101;0.2325962325962326;0;0.3024964196839144;0.2;0.0;0;0;1;0
4;0.08333333333333333;0.11034111492656262;0.41605241605241605;1;0.27460608634154937;0.2;0.0;0;0;1;0
4;0.3333333333333333;0.32705655493835034;0.32104832104832104;1;0.7162791309295347;0.4;0.0;1;0;0;1
3;0.16666666666666666;0.15139724226215182;0.2031122031122031;1;0.3855764988315073;0.2;0.0;0;1;0;0
2;0.0;0.04551623273836491;0.5749385749385749;0;0.0978056341066937;0.4;1.0;0;1;0;0
3;0.5;0.014059449496091073;0.5085995085995086;0;0.32082033744217175;0.2;0.0;0;0;1;1
2;0.3333333333333333;0.36908994979032844;0.257985257985258;1;0.17531815630794484;0.2;0.0;0;0;1;0
2;0.16666666666666666;0.00823320251683796;0.4381654381654382;1;0.6381503066176386;0.0;0.0;0;0;1;0
3;0.16666666666666666;0.41113445580460434;0.44471744471744473;1;0.4129509709116801;0.4;0.0;0;1;0;0
4;0.25;0.040176322311451074;0.4619164619164619;0;0.8425695602067735;0.4;0.0;0;1;0;1
3;0.3333333333333333;0.2189420906368757;0.07944307944307945;1;0.4928715513164256;0.0;0.0;0;1;0;0
4;0.4166666666666667;0.0898495391579105;0.5217035217035217;1;0.21537597382454363;0.0;0.0;0;1;0;0
2;0.3333333333333333;0.2711057769624754;0.26371826371826373;0;0.5802801351911726;0.0;0.0;0;1;0;1
4;0.08333333333333333;0.0618178660901907;0.29811629811629814;1;0.3355185445607859;0.2;0.0;0;1;0;0
4;0.16666666666666666;0.21087258386671923;0.7886977886977887;0;0.12429833533504225;0.0;0.0;0;1;0;0
4;0.25;0.03023012773868219;0.4062244062244062;0;0.4931033204838978;0.2;0.0;0;1;0;0
4;0.16666666666666666;0.06988967279030482;0.2932022932022932;0;0.10673938874472226;0.2;0.0;0;1;0;0
3;0.25;0.2083083910692059;0.0;1;0.5198100594139832;0.4;0.0;0;1;0;1
4;0.25;0.013947176312238225;0.583947583947584;1;0.3922516513041102;0.6;0.0;0;1;0;1
4;0.08333333333333333;0.1450550695200404;0.13595413595413594;1;0.2859493084425338;0.2;1.0;0;1;0;0
4;0.0;0.0638254929815567;0.19246519246519248;1;0.528048326800726;0.2;0.0;0;0;1;0
0;0.25;0.08003543034650035;0.3022113022113022;1;0.2802184288503575;0.4;0.0;0;1;0;0
2;0.08333333333333333;0.09619874644252654;0.5888615888615889;1;0.3619235341338732;0.0;0.0;0;1;0;0
2;0.25;0.03581355567572676;0.4832104832104832;1;0.15681024724255324;0.4;0.0;0;0;1;0
4;0.25;0.011205997908096947;0.3308763308763309;0;0.2799496385089505;0.4;0.0;0;1;0;1
1;0.4166666666666667;0.00202624840764389;0.407043407043407;1;0.0861606905749624;0.0;0.0;0;0;1;1
4;0.16666666666666666;0.06265606629878337;0.257985257985258;1;0.597264957482063;0.2;1.0;0;1;0;0
4;0.5;0.0347754863188827;0.37919737919737917;0;0.4973559945016854;0.4;0.0;0;0;1;1
2;0.3333333333333333;0.11144288662163007;0.36855036855036855;1;0.3423666236074097;0.0;0.0;0;1;0;0
4;0.08333333333333333;0.1399673083099426;0.5151515151515151;0;0.3596148016908721;0.2;0.0;1;0;0;0
1;0.08333333333333333;0.07789155538276045;0.5151515151515151;0;0.15830192609353563;0.2;0.0;0;0;1;1
4;0.0;0.10728721386703728;0.43734643734643736;1;0.12340648421531844;0.2;0.0;0;1;0;0
4;0.25;0.0914676001450065;0.2972972972972973;1;0.516689001156953;0.2;1.0;0;1;0;0
4;0.3333333333333333;0.0004410149544874687;0.4782964782964783;0;0.3740343791308203;0.6;0.0;0;1;0;1
4;0.5;0.20502676932356184;0.3415233415233415;0;0.08217522813552726;0.6;0.0;0;1;0;1
4;0.0;0.006763396539812946;0.17936117936117937;0;0.37175017103118485;0.2;0.0;0;1;0;0
2;0.0;0.05870295478783121;0.29074529074529076;1;0.42789853827065444;0.4;0.0;1;0;0;0
4;0.08333333333333333;0.01302426831896853;0.3701883701883702;0;0.3197849759660222;0.0;0.0;0;1;0;1
2;0.16666666666666666;0.12072655512746537;0.5061425061425061;1;0.10270906282991085;0.2;0.0;0;1;0;0
4;0.0;0.04376018084332568;0.32678132678132676;0;0.6085718546444066;0.2;1.0;0;0;1;1
2;0.5;0.008143138218420908;0.1588861588861589;0;0.1199523937198205;0.6;0.0;0;1;0;1
4;0.3333333333333333;0.005094757848928912;0.36609336609336607;0;0.27452194617457815;0.0;0.0;0;1;0;0
3;0.4166666666666667;0.030048633609585297;0.3751023751023751;0;0.606380987434119;0.2;0.0;0;0;1;0
4;0.3333333333333333;0.12236992007208679;0.38738738738738737;1;0.7756649840384093;0.2;0.0;0;0;1;1
4;0.3333333333333333;0.14086541870379654;0.506961506961507;0;0.19645945104459242;0.4;0.0;0;1;0;0
4;0.25;0.015225215547273194;0.5233415233415234;1;0.25826615596991365;0.6;0.0;1;0;0;1
4;0.4166666666666667;0.016597312798552658;0.2596232596232596;1;0.3493136100406204;0.0;1.0;0;1;0;0
3;0.3333333333333333;0.10001539015733657;0.25552825552825553;1;0.22906319553731336;0.8;0.0;0;1;0;1
0;0.08333333333333333;0.3507305452633565;0.18591318591318592;0;0.40533790566489375;0.4;0.0;0;1;0;0
3;0.3333333333333333;0.0895003947970538;0.47092547092547093;1;0.22516417736309122;0.4;0.0;0;1;0;0
2;0.25;0.13833584942049582;0.5937755937755937;1;0.16683734929341631;0.2;1.0;0;1;0;0
4;0.4166666666666667;0.09524708280892111;0.3046683046683047;1;0.3297297080452773;0.6;0.0;0;1;0;1
3;0.16666666666666666;0.012253100825037402;0.31695331695331697;0;0.42494556553397855;0.2;0.0;0;0;1;1
4;0.25;0.3256545235798624;0.597051597051597;0;0.35281759076271074;0.4;0.0;0;1;0;0
1;0.75;0.008242940054858134;0.4398034398034398;0;0.1621047005684163;0.4;1.0;0;0;1;1
3;0.16666666666666666;0.15866167540481646;0.4283374283374283;0;0.16393105235400943;0.4;0.0;0;1;0;0
4;0.3333333333333333;0.4316640924987379;0.16134316134316135;1;0.8375061046741319;0.4;0.0;1;0;0;1
2;0.5;0.04267812199590756;0.46764946764946763;0;0.4495904350916488;0.0;0.0;0;1;0;1
3;0.16666666666666666;0.020881610364493323;0.20475020475020475;0;0.22719663478171967;0.0;0.0;0;1;0;0
4;0.16666666666666666;0.09285119062678017;0.17117117117117117;0;0.8943090767159512;0.4;0.0;0;1;0;1
3;0.3333333333333333;0.17629694676461913;0.29975429975429974;0;0.08707906782280365;0.2;0.0;0;0;1;0
3;0.4166666666666667;0.33209543718832957;0.26044226044226043;0;0.08931355099317859;0.6;0.0;0;0;1;1
3;0.0;0.13157150949446053;0.3202293202293202;1;0.43520938241737117;0.2;0.0;0;1;0;0
2;0.5;0.04547017331229244;0.12039312039312039;0;0.34950084471534376;0.4;0.0;0;1;0;1
4;0.0;0.07580396813372539;0.5135135135135135;1;0.40388036720661075;0.2;0.0;0;1;0;1
2;0.5;0.15927986774732186;0.5413595413595413;1;0.40882488411846885;0.2;0.0;1;0;0;1
4;0.6666666666666666;0.1724894062928072;0.03767403767403767;1;0.3159302845386739;0.2;0.0;0;0;1;1
4;0.25;0.008537357133800001;0.5167895167895168;0;0.557511636775387;0.2;0.0;1;0;0;1
4;0.25;0.10577278819795244;0.22358722358722358;1;0.36940268123723974;0.4;0.0;0;0;1;0
4;0.4166666666666667;0.38074559830836835;0.49713349713349714;1;0.37486626395731376;0.8;0.0;0;0;1;1
4;0.3333333333333333;0.17109429472331167;0.34561834561834565;1;0.3071506193408588;0.2;0.0;0;1;0;0
1;0.16666666666666666;0.0007482425449679445;0.36117936117936117;1;0.7734212530497688;0.0;0.0;0;0;1;1
4;0.25;0.028283245595103843;0.32596232596232594;1;0.2213620787263026;0.4;0.0;0;0;1;0
4;0.4166666666666667;0.06544498427071138;0.5552825552825553;1;0.22179326045354678;0.0;0.0;1;0;0;0
4;0.08333333333333333;0.13624320967244494;0.15397215397215397;1;0.3539176733985536;0.2;0.0;0;1;0;0
4;0.08333333333333333;0.09008319314147543;0.4561834561834562;1;0.38950918336786045;0.6;0.0;0;1;0;1
4;0.4166666666666667;0.00888539794962147;0.5372645372645373;0;0.5237747193982323;0.2;0.0;0;1;0;0
4;0.16666666666666666;0.14907721973450636;0.4742014742014742;1;0.14721300288813421;0.4;0.0;0;1;0;0
2;0.25;0.2029459208666615;0.7371007371007371;1;0.3648775607665806;0.6;0.0;0;1;0;1
4;0.08333333333333333;0.02556275973256633;0.2702702702702703;1;0.33619444067457444;0.4;0.0;0;1;0;0
3;0.08333333333333333;0.007697387831119747;0.5135135135135135;1;0.41806228298924014;0.4;0.0;0;1;0;0
4;0.25;0.17408803911399773;0.33906633906633904;1;0.7695418614415486;0.2;1.0;0;1;0;1
4;0.16666666666666666;0.11374489184499412;0.5585585585585585;1;0.32531639011160557;0.6;0.0;0;1;0;1
0;0.3333333333333333;0.18097498964608766;0.35544635544635544;1;0.3800873883040268;0.2;1.0;0;1;0;0
4;0.25;0.09295958156530382;0.2932022932022932;1;0.5189382927663665;0.2;0.0;0;0;1;1
4;0.3333333333333333;0.06219087423540862;0.5708435708435708;0;0.4201903161729888;0.2;0.0;0;0;1;0
4;0.08333333333333333;0.36699464486477695;0.276003276003276;0;0.42476634349746145;0.2;1.0;0;1;0;1
4;0.4166666666666667;0.1683830326532843;0.12530712530712532;0;0.15498627012997798;0.4;0.0;0;0;1;0
2;0.25;0.05900070679205492;0.2719082719082719;1;0.4195578244450405;0.2;1.0;0;0;1;0
4;0.16666666666666666;0.2648292476793775;0.45782145782145783;0;0.6777774736635159;0.4;0.0;0;1;0;1
3;0.16666666666666666;0.5602545335367656;0.5847665847665847;1;0.1773182437044318;0.6;0.0;0;1;0;1
4;0.16666666666666666;0.0409337057621107;0.3751023751023751;0;0.5423534832313053;0.6;0.0;0;1;0;1
4;0.25;0.24806197050905987;0.5724815724815725;1;0.25986466767822575;0.6;1.0;0;1;0;1
4;0.4166666666666667;0.005099962775114218;0.13431613431613432;1;0.30798568674952403;0.2;0.0;0;0;1;0
1;0.4166666666666667;0.026772875217660082;0.2841932841932842;0;0.37147878971634196;0.4;0.0;0;1;0;1
1;0.0;0.01945119743285579;0.3095823095823096;0;0.08143252356089574;0.2;0.0;0;1;0;0
4;0.3333333333333333;0.048996972234736806;0.33824733824733827;0;0.3194722807750748;0.4;0.0;1;0;0;0
4;0.16666666666666666;0.0919439420151866;0.3701883701883702;0;0.515807348023224;0.2;0.0;0;1;0;0
1;0.08333333333333333;0.14156192282775046;0.4701064701064701;1;0.5365369485591883;0.4;0.0;0;0;1;0
4;0.25;0.2592971983321147;0.2841932841932842;1;0.3514104871121864;0.0;0.0;0;1;0;0
4;0.25;0.019138075169401192;0.37919737919737917;0;0.3414981436533733;0.2;1.0;0;1;0;0
1;0.16666666666666666;0.09600110839094819;0.3488943488943489;1;0.07705268643220183;0.2;0.0;0;1;0;0
2;0.4166666666666667;0.08994483466147978;0.20475020475020475;0;0.3451010717469467;0.2;0.0;0;1;0;0
3;0.16666666666666666;0.068177817647389;0.33824733824733827;1;0.5753562066300253;0.4;0.0;0;1;0;0
2;0.16666666666666666;0.13190195716585573;0.3333333333333333;1;0.7282853094137545;0.2;1.0;0;1;0;1
4;0.16666666666666666;0.08006884249138262;0.32923832923832924;1;0.19532297479485294;0.4;0.0;0;1;0;0
4;0.16666666666666666;0.08882560037263806;0.361998361998362;1;0.01673035710417664;0.4;1.0;0;1;0;0
4;0.3333333333333333;0.25990236528180427;0.36936936936936937;1;0.11278061021377146;0.6;0.0;0;1;0;1
0;0.0;0.21891111050910456;0.2858312858312858;1;0.45261434232672826;0.0;0.0;0;0;1;0
4;0.08333333333333333;0.09575086652776069;0.5651105651105651;1;0.2697686999356889;0.0;0.0;0;1;0;0
0;0.3333333333333333;0.018829347479136452;0.16543816543816545;1;0.4331986687210984;0.4;0.0;0;1;0;0
4;0.08333333333333333;0.35453147139142044;0.23832923832923833;1;0.3982353647918368;0.0;0.0;0;1;0;0
3;0.16666666666666666;0.10838431986163212;0.8116298116298116;0;0.07086666794094912;0.2;0.0;0;1;0;0
2;0.6666666666666666;0.18324639819873909;0.18673218673218672;0;0.27532674052819145;0.6;1.0;0;1;0;1
4;0.08333333333333333;0.0062274529611770916;0.13513513513513514;1;0.25074384219675744;0.2;0.0;0;1;0;0
4;0.3333333333333333;0.2526555115495239;0.47665847665847666;1;0.9274587052426426;0.2;1.0;0;0;1;1
0;0.25;0.13150661096114188;0.01638001638001638;1;0.17705226282152767;0.4;1.0;0;1;0;0
2;0.16666666666666666;0.12861471330798216;0.3177723177723178;1;0.36635985902537027;0.8;0.0;0;1;0;1
3;0.5833333333333334;0.012910909862211979;0.7084357084357085;0;0.11148601424003336;0.0;0.0;0;1;0;1
4;0.08333333333333333;0.13876945918125666;0.10401310401310401;1;0.3009044162496809;0.6;1.0;0;0;1;1
1;0.08333333333333333;0.008802146724476583;0.03194103194103194;1;0.4545630343523344;0.4;0.0;0;1;0;0
4;0.6666666666666666;0.006322182555479351;0.11138411138411139;0;0.4544569037950866;0.4;0.0;0;1;0;1
2;0.16666666666666666;0.043720619276253425;0.5036855036855037;1;0.4896318113997162;0.2;1.0;0;1;0;0
3;0.0;0.0025388163750418523;0.5405405405405406;1;0.13868026179057755;0.4;0.0;0;1;0;0
0;0.3333333333333333;0.01928065922886086;0.2727272727272727;0;0.7612126504936161;0.0;0.0;0;1;0;1
3;0.08333333333333333;0.14403162725597576;0.46846846846846846;1;0.13310755998105275;0.2;0.0;0;0;1;0
4;0.3333333333333333;0.20036274907403354;0.5847665847665847;1;0.5049958642086376;0.2;0.0;0;1;0;0
2;0.25;0.021946640701690466;0.6494676494676495;1;0.13088069199042202;0.4;1.0;0;1;0;0
4;0.5;0.19278875789929842;0.31613431613431614;1;0.09764888563265788;0.2;0.0;0;0;1;1
4;0.16666666666666666;0.07280458540289994;0.0;1;0.4246947235587829;0.0;1.0;0;1;0;1
4;0.16666666666666666;0.35237861938724835;0.22194922194922195;1;0.2748975137764154;0.6;0.0;0;1;0;1
3;0.5833333333333334;0.016622743812098655;0.28665028665028663;0;0.15509128396024977;0.0;0.0;0;1;0;1
4;0.08333333333333333;0.006056030116884037;0.3144963144963145;0;0.5176557409754428;0.2;0.0;0;1;0;1
1;0.25;0.20742684434979394;0.32596232596232594;1;0.3374225388826832;0.2;0.0;0;1;0;1
3;0.5;0.04993335937930447;0.5397215397215397;1;0.3685473363835417;0.6;0.0;0;1;0;1
4;0.25;0.06791027399101789;0.5651105651105651;1;0.18279319728767418;0.0;0.0;1;0;0;0
3;0.0;0.0797111079587017;0.3284193284193284;1;0.25620258067618146;0.4;0.0;0;0;1;0
3;0.08333333333333333;0.19397203062361337;0.5364455364455365;1;0.242094987449496;0.2;1.0;0;0;1;1
4;0.5;0.008725429210585696;0.4152334152334152;1;0.30135084290893815;0.4;0.0;0;1;0;1
4;0.08333333333333333;0.08905660001590543;0.3669123669123669;1;0.6004502392965284;0.6;0.0;0;1;0;1
3;0.25;0.06258689945498981;0.5053235053235053;1;0.0644565568839461;0.2;0.0;0;1;0;0
4;0.16666666666666666;0.04621101175044054;0.36855036855036855;1;0.5157885889760503;0.4;1.0;0;1;0;0
4;0.5;0.04754307667852328;0.6936936936936937;0;0.37867059971243483;0.2;0.0;0;0;1;1
4;0.25;0.2963621448299806;0.12121212121212122;1;0.09078195447124288;0.4;1.0;0;1;0;1
0;0.25;0.034660157523487105;0.2719082719082719;1;0.2251108531484637;0.6;0.0;0;0;1;1
4;0.16666666666666666;0.0673885984190136;0.3357903357903358;1;0.09564228022808587;0.2;0.0;0;1;0;0
4;0.16666666666666666;0.07546477578705457;0.4283374283374283;0;0.2742558924804692;0.2;1.0;0;1;0;1
3;0.08333333333333333;0.1415158126822684;0.5642915642915642;1;0.22240071330433395;0.4;0.0;0;1;0;0
3;0.3333333333333333;0.08136256216009194;0.35298935298935297;1;0.18228747789483216;0.2;0.0;0;1;0;1
3;0.3333333333333333;0.10795247783758109;0.12366912366912367;1;0.1193950116360977;0.4;0.0;0;0;1;0
4;0.25;0.05655205177734409;0.49467649467649466;0;0.3428131689613295;0.4;0.0;1;0;0;0
2;0.08333333333333333;0.14102155859673401;0.4799344799344799;1;0.12994726747559912;0.2;0.0;0;1;0;0
4;0.0;0.06970418284702184;0.03849303849303849;1;0.27016504802280533;0.2;0.0;0;1;0;0
1;0.0;0.027963787687973498;0.35626535626535627;1;0.33671909346479323;0.2;1.0;0;1;0;0
3;0.08333333333333333;0.18884988301201036;0.09582309582309582;1;0.49705818849598143;0.0;0.0;0;1;0;1
3;0.25;0.16127871815889153;0.24815724815724816;1;0.3244117330611017;0.4;0.0;0;1;0;0
3;0.3333333333333333;0.1098060174309323;0.20884520884520885;0;0.4379822010828679;0.2;0.0;0;0;1;0
4;0.16666666666666666;0.08204953268017122;0.48894348894348894;1;0.25031700684670205;0.2;0.0;0;1;0;1
4;0.08333333333333333;0.025947034961301584;0.3759213759213759;1;0.7453795676971149;0.4;0.0;0;1;0;1
4;0.3333333333333333;0.225540450310391;0.1457821457821458;1;0.6903319945844218;0.2;0.0;0;0;1;1
3;0.16666666666666666;0.011307068002998154;0.5012285012285013;0;0.1683955700499525;0.0;0.0;0;1;0;0
1;0.25;0.053693059907600905;0.12203112203112203;1;0.15662114293863913;0.6;0.0;0;1;0;1
4;0.25;0.21293396130045886;0.41113841113841115;1;0.38033198957922754;0.6;0.0;0;1;0;1
4;0.5;0.10065727186196824;0.22358722358722358;0;0.27124042181689145;0.4;1.0;0;1;0;1
2;0.3333333333333333;0.06417142369136233;0.2964782964782965;0;0.5842068911584767;0.0;0.0;0;1;0;1
0;0.16666666666666666;0.1743029024746647;0.438984438984439;1;0.3862401949155882;0.4;0.0;0;1;0;0
1;0.08333333333333333;0.507055542485927;0.44226044226044225;1;0.18454923615272859;0.6;0.0;0;0;1;1
2;0.3333333333333333;0.023213940038516862;0.5757575757575758;1;0.2367253342300072;0.6;0.0;0;0;1;1
4;0.16666666666666666;0.005723609937531512;0.34316134316134317;0;0.6744667121261411;0.2;0.0;0;0;1;1
2;0.08333333333333333;0.0691092319924225;0.407043407043407;1;0.2682436944331099;0.0;0.0;0;1;0;0
4;0.4166666666666667;0.03763111416304618;0.28501228501228504;1;0.10392737548364554;0.2;0.0;0;0;1;0
2;0.0;0.12219843085747881;0.38656838656838655;1;0.2240382980320456;0.0;0.0;0;1;0;0
4;0.08333333333333333;0.07578464992831552;0.4283374283374283;1;0.0691549228551184;0.2;0.0;0;1;0;0
3;0.5;0.07683342676502838;0.3407043407043407;0;0.1897077632038815;0.0;0.0;0;1;0;1
4;0.16666666666666666;0.04871862749384525;0.06142506142506143;0;0.40092417973437494;0.4;0.0;0;1;0;0
3;0.08333333333333333;0.026253484820299385;0.41113841113841115;0;0.4939317288371566;0.2;0.0;0;1;0;0
4;0.3333333333333333;0.026646236774995277;0.41605241605241605;0;0.04052098990230586;0.2;1.0;0;1;0;0
4;0.25;0.05437820560292694;0.24488124488124488;1;0.10227148784203643;0.2;0.0;1;0;0;0
2;0.25;0.12735240899854522;0.1466011466011466;1;0.42060212584875645;0.4;1.0;0;1;0;0
4;0.4166666666666667;0.0456841680161833;0.5986895986895987;0;0.279479663889238;0.2;0.0;0;0;1;1
3;0.16666666666666666;0.04383104014394836;0.43734643734643736;0;0.7614678354220046;0.2;0.0;0;1;0;1
4;0.3333333333333333;0.06150426006192089;0.3194103194103194;0;0.0911427294734247;0.4;0.0;0;1;0;1
3;0.3333333333333333;0.522358773291352;0.17035217035217035;1;0.11459064365276764;0.4;0.0;0;1;0;0
4;0.16666666666666666;0.010575340629687804;0.22194922194922195;0;0.1014140749382865;0.2;0.0;0;1;0;0
2;0.5;0.03876994604417084;0.5700245700245701;0;0.26892361488031097;0.8;1.0;0;1;0;1
3;0.16666666666666666;0.03835263676945871;0.37919737919737917;0;0.2013307477189416;0.4;1.0;0;1;0;0
4;0.25;0.40818218025939695;0.26617526617526616;0;0.17578156962301966;0.4;0.0;0;1;0;0
1;0.3333333333333333;0.05810780782462046;0.4398034398034398;0;0.2771483987646205;0.0;0.0;0;1;0;1
4;0.3333333333333333;0.09305594153202196;0.22358722358722358;1;0.25353159229484784;0.0;0.0;0;0;1;0
4;0.5;0.02449939116211495;0.6027846027846028;1;0.4173912221741568;0.4;0.0;0;1;0;1
1;0.25;0.0013535425572457156;0.5782145782145782;1;0.3406735128028548;0.6;0.0;0;1;0;1
4;0.4166666666666667;0.04604064675788385;0.2800982800982801;1;0.5416612855088176;0.2;0.0;0;0;1;1
4;0.16666666666666666;0.113308392293063;0.2538902538902539;0;0.6314159302819261;0.0;0.0;0;1;0;0
3;0.25;0.1307991404595111;0.0;1;0.4867016279778377;0.4;1.0;0;0;1;0
1;0.3333333333333333;0.15591823435611624;0.11384111384111384;1;0.2300914784285165;0.6;0.0;0;0;1;1
4;0.08333333333333333;0.21922325223782668;0.1375921375921376;1;0.4525316414616329;0.4;1.0;1;0;0;0
3;0.4166666666666667;0.013602082583874646;0.37919737919737917;1;0.1668336612898031;0.6;0.0;0;1;0;1
4;0.08333333333333333;0.009546365457044641;0.30303030303030304;1;0.5033731465795014;0.6;0.0;0;1;0;1
3;0.3333333333333333;0.17235987541137612;0.13595413595413594;1;0.22756552467629343;0.2;0.0;0;1;0;0
0;0.25;0.06360431778465214;0.3104013104013104;1;0.25673928476104335;0.4;0.0;0;1;0;0
4;0.25;0.32701944311806697;0.4398034398034398;1;0.32671111066526126;0.0;0.0;0;1;0;0
2;0.0;0.3196286019611188;0.4430794430794431;0;0.35679111597209096;0.0;0.0;0;1;0;0
4;0.0;0.016926071878995887;0.04586404586404586;0;0.3016908589511986;0.2;0.0;0;0;1;0
3;0.16666666666666666;0.13068531586315732;0.3357903357903358;0;0.3956288711290315;0.0;0.0;0;1;0;0
3;0.25;0.007659653476655386;0.13022113022113022;0;0.5629601533175612;0.0;0.0;0;0;1;0
3;0.16666666666666666;0.05740283101634808;0.5045045045045045;1;0.30178241946213924;0.2;0.0;0;0;1;0
4;0.08333333333333333;0.20503247698985094;0.48484848484848486;1;0.5964344190827838;0.4;1.0;0;1;0;0
4;0.5;0.06868972110054329;0.20966420966420968;0;0.22006809311462242;0.0;1.0;0;1;0;1
4;0.75;0.0037348378798207995;0.23095823095823095;1;0.47707664629971747;0.4;1.0;0;1;0;1
4;0.08333333333333333;0.030514434099677017;0.2809172809172809;1;0.24869471306162136;0.4;0.0;1;0;0;0
2;0.4166666666666667;0.009981244321619372;0.0;0;0.10552209443307016;0.8;0.0;0;1;0;1
2;0.08333333333333333;0.058306429086039474;0.411957411957412;1;0.19343707812602043;0.0;0.0;0;1;0;0
2;0.08333333333333333;0.13267567229794014;0.31203931203931207;1;0.8392720287418711;0.4;0.0;0;1;0;1
1;0.16666666666666666;0.12008373719318087;0.515970515970516;1;0.2052719424541095;0.2;0.0;0;0;1;0
4;0.4166666666666667;0.14114949745909464;0.1769041769041769;0;0.14545420038675894;0.0;0.0;0;0;1;1
4;0.16666666666666666;0.053807167929450915;0.25552825552825553;1;0.29942001686239367;0.4;1.0;0;1;0;0
0;0.4166666666666667;0.03423030551389308;0.10974610974610975;1;0.5542449541985387;0.2;0.0;0;1;0;0
4;0.5;0.0064526391753213525;0.19246519246519248;1;0.4529535952296618;0.2;0.0;0;1;0;1
3;0.3333333333333333;0.31593158639081204;0.16298116298116297;1;0.22978003859602739;0.4;0.0;0;1;0;0
3;0.25;0.013936903555963312;0.5200655200655201;0;0.22542448018919498;0.2;1.0;0;0;1;0
2;0.0;0.02177356269453886;0.24242424242424243;1;0.18612900845991323;0.2;0.0;0;0;1;0
2;0.25;0.00274759385636964;0.37674037674037675;1;0.06012181904540124;0.2;1.0;0;0;1;0
4;0.08333333333333333;0.04237968968090234;0.294021294021294;1;0.23231180628293288;0.2;0.0;0;1;0;0
3;0.25;0.1900210000876076;0.14905814905814907;0;0.2814009774903598;0.2;0.0;0;1;0;0
0;0.25;0.044864264591465176;0.32923832923832924;0;0.6790649667771613;0.2;0.0;0;1;0;1
0;0.16666666666666666;0.1219420307164346;0.45454545454545453;1;0.29106106145409144;0.0;0.0;0;1;0;0
3;0.4166666666666667;0.3746886615344887;0.1588861588861589;1;0.4804231547424735;0.2;0.0;0;1;0;0
4;0.0;0.2481176680270782;0.48894348894348894;1;0.4317645486124272;0.0;1.0;0;0;1;0
4;0.08333333333333333;0.02200778197309964;0.21785421785421785;1;0.142004656391566;0.2;0.0;0;1;0;0
4;0.3333333333333333;0.04944990218843628;0.27764127764127766;0;0.19393407767071943;0.2;0.0;0;0;1;0
3;0.5;0.15468847099348013;0.4438984438984439;0;0.585539057240213;0.4;0.0;0;1;0;1
3;0.4166666666666667;0.42289274622235573;0.24815724815724816;1;0.5683549821191877;0.4;0.0;0;1;0;0
4;0.4166666666666667;0.13996615704163765;0.3628173628173628;1;0.3463349764291719;0.2;0.0;0;1;0;0
4;0.08333333333333333;0.032268796377198025;0.30548730548730546;1;0.10891079830151783;0.2;0.0;0;1;0;0
1;0.0;0.01578736682605;0.3775593775593776;1;0.03260993504643964;0.2;0.0;0;1;0;0
2;0.3333333333333333;0.07598312626253123;0.0;0;0.21032555602145506;0.6;0.0;0;0;1;1
4;0.3333333333333333;0.023782980966032978;0.05733005733005733;0;0.44840426493672;0.6;0.0;0;1;0;1
2;0.3333333333333333;0.028667677161163415;0.45782145782145783;0;0.41425673561664084;0.4;0.0;0;0;1;0
4;0.0;0.11189902677245217;0.5266175266175266;1;0.742460349170707;0.2;1.0;0;0;1;1
4;0.4166666666666667;0.08040643118066439;0.2072072072072072;0;0.5421496798566185;0.2;1.0;0;1;0;0
2;0.25;0.014241826186261042;0.31695331695331697;1;0.26782651511158834;0.2;0.0;0;0;1;0
3;0.5;0.018496022303829136;0.4045864045864046;0;0.20230190388894762;0.4;0.0;0;1;0;1
4;0.25;0.002114159587356558;0.4701064701064701;1;0.572547967259662;0.6;0.0;0;0;1;1
4;0.4166666666666667;0.02752757907423725;0.02457002457002457;0;0.5890545078192098;0.6;1.0;0;1;0;1
4;0.3333333333333333;0.24284287703614763;0.2113022113022113;0;0.1345326069708903;0.4;0.0;0;1;0;1
4;0.5;0.17519846417629809;0.3022113022113022;1;0.13942976099595134;0.4;0.0;0;1;0;1
4;0.08333333333333333;0.05954422316430139;0.47174447174447176;1;0.3922953337190868;0.0;0.0;0;1;0;0
4;0.0;0.15064652035483997;0.7657657657657657;1;0.32061991583661664;0.4;0.0;0;0;1;0
1;0.4166666666666667;0.05806863631261882;0.3194103194103194;0;0.30053611357165333;0.4;0.0;0;0;1;1
4;0.3333333333333333;0.17469997803957257;0.12612612612612611;1;0.20755148757586944;0.6;0.0;0;0;1;1
2;0.3333333333333333;0.02227592782050898;0.4226044226044226;1;0.08661000797363713;0.2;0.0;0;1;0;1
0;0.25;0.018343520988902514;0.5733005733005733;1;0.30890802339707435;0.0;0.0;0;1;0;0
2;0.8333333333333334;0.008959315306052113;0.37428337428337427;0;0.18321328142093504;0.0;0.0;0;1;0;1
4;0.3333333333333333;0.030731080050425116;0.20802620802620803;0;0.44872417623193345;0.2;0.0;0;1;0;0
1;0.5;0.0175323294851739;0.5135135135135135;0;0.5339945360438152;0.4;0.0;0;1;0;1
4;0.4166666666666667;0.1782549945864872;0.4651924651924652;0;0.7578618070072438;0.2;0.0;0;1;0;1
4;0.4166666666666667;0.030462164215136804;0.18837018837018837;0;0.23720716066468633;0.4;0.0;0;1;0;0
4;0.08333333333333333;0.08072158909553204;0.41932841932841936;1;0.6809196736974714;0.4;0.0;0;1;0;1
4;0.08333333333333333;0.15697263206953121;0.5200655200655201;0;0.4167580605297666;0.6;1.0;0;1;0;1
3;0.5;0.12569962902321102;0.5503685503685504;1;0.3564809043771011;0.4;0.0;0;1;0;1
4;0.25;0.025399216685914938;0.34561834561834565;1;0.28296590851838105;0.4;0.0;0;0;1;0
4;0.16666666666666666;0.008854529170286405;0.29811629811629814;0;0.8726445586831637;0.4;0.0;0;1;0;1
3;0.4166666666666667;0.2700556207686191;0.5577395577395577;1;0.3918091778877695;0.0;1.0;0;0;1;0
2;0.5;0.10817625528870783;0.15806715806715807;0;0.20960400551556665;0.8;0.0;0;1;0;1
4;0.08333333333333333;0.1363547228545116;0.4283374283374283;1;0.05953974155055038;0.0;0.0;0;0;1;0
2;0.0;0.054204787860281656;0.13185913185913187;1;0.18085567446959105;0.2;0.0;0;1;0;0
4;0.16666666666666666;0.030701808658588594;0.5315315315315315;0;0.062079606186120115;0.4;0.0;0;1;0;0
3;0.0;0.08408606772092816;0.3144963144963145;1;0.13812557343480533;0.2;0.0;0;1;0;0
3;0.25;0.008952227395810116;0.5642915642915642;1;0.6819860827664185;0.4;0.0;0;0;1;1
2;0.0;0.17899518824457405;0.43734643734643736;1;0.1193003299531322;0.6;0.0;0;1;0;1
2;0.16666666666666666;0.11818282302853722;0.15642915642915642;1;0.33582125297563914;0.4;0.0;0;1;0;0
2;0.08333333333333333;0.1594819937726123;0.5896805896805897;0;0.3250965269759647;0.4;0.0;0;0;1;0
3;0.08333333333333333;0.0936456513974371;0.6109746109746109;1;0.3783718672464299;0.2;1.0;0;1;0;1
4;0.16666666666666666;0.09590237656327291;0.5012285012285013;1;0.05621243013958519;0.2;0.0;0;1;0;0
4;0.5;0.10198821305187344;0.23177723177723178;0;0.6476591082288418;0.4;0.0;0;1;0;1
2;0.16666666666666666;0.17052701249196534;0.3063063063063063;1;0.17514820637560172;0.4;0.0;0;1;0;1
3;0.25;0.028346981010049208;0.3808353808353808;1;0.4066294666171705;0.4;0.0;0;1;0;0
4;0.25;0.12724626145416992;0.2416052416052416;1;0.47179747413546147;0.2;0.0;0;1;0;1
4;0.0;0.08944928847903737;0.6339066339066339;1;0.29320296072113156;0.6;0.0;1;0;0;1
2;0.3333333333333333;0.07597168064401048;0.38001638001638;1;0.07616399106395128;0.4;0.0;0;0;1;0
3;0.08333333333333333;0.08655222971238463;0.0;0;0.06535452005692924;0.0;0.0;0;1;0;0
4;0.5833333333333334;0.035283329842391145;0.411957411957412;1;0.19819452380058905;0.0;0.0;0;1;0;1
4;0.6666666666666666;0.0041347610043984484;0.29975429975429974;1;0.2870294828726988;0.6;1.0;1;0;0;1
1;0.3333333333333333;0.15833493688057226;0.3447993447993448;0;0.5487936860261183;0.2;0.0;0;0;1;1
4;0.16666666666666666;0.2757628402272101;0.2964782964782965;1;0.5272002728812499;0.4;0.0;0;0;1;0
3;0.0;0.0728543934031507;0.48894348894348894;0;0.6273175452597285;0.2;0.0;0;1;0;1
4;0.6666666666666666;0.20238723238032583;0.5397215397215397;1;0.4634908012791236;0.2;0.0;0;0;1;1
2;0.25;0.09008562509384496;0.40294840294840295;1;0.4289960573186499;0.4;0.0;0;0;1;0
0;0.08333333333333333;0.2963006128633293;0.3013923013923014;0;0.14533789570838077;0.4;0.0;0;1;0;0
4;0.08333333333333333;0.07894422000487986;0.3497133497133497;0;0.21484382913034544;0.8;0.0;0;1;0;1
0;0.4166666666666667;0.025436032819307675;0.3595413595413595;0;0.6133571494395541;0.4;0.0;0;1;0;0
4;0.25;0.22703892032938358;0.22522522522522523;1;0.2529770297148232;0.2;0.0;0;1;0;0
3;0.0;0.17915960413916765;0.4512694512694513;0;0.6309463755138924;0.4;0.0;0;0;1;1
4;0.08333333333333333;0.05640036325660824;0.43243243243243246;1;0.1330026890919694;0.4;0.0;0;0;1;0
4;0.25;0.2051742093445262;0.6093366093366094;0;0.6221386542548085;0.4;0.0;0;0;1;0
2;0.16666666666666666;0.0009420644204470698;0.5626535626535627;1;0.35080065952194095;0.0;1.0;0;0;1;1
0;0.08333333333333333;0.17886774069444683;0.24406224406224405;1;0.6191405306390891;0.4;0.0;0;1;0;0
3;0.16666666666666666;0.12954361947806872;0.4914004914004914;0;0.16024606354651819;0.6;0.0;0;1;0;1
4;0.16666666666666666;0.05306246354143621;0.20065520065520065;0;0.2749874250317981;0.2;0.0;0;0;1;0
4;0.16666666666666666;0.17442297279064306;0.47092547092547093;1;0.6005861376922125;0.0;0.0;0;1;0;0
4;0.08333333333333333;0.014999667331532542;0.2719082719082719;1;0.5163636664279866;0.2;0.0;0;1;0;0
4;0.0;0.025221680862718268;0.1891891891891892;1;0.17015084568846203;0.8;0.0;0;1;0;1
4;0.4166666666666667;0.08479057070048296;0.40294840294840295;1;0.5466141757737714;0.4;0.0;0;1;0;0
4;0.25;0.23680218309922235;0.0;1;0.1955120617155411;0.2;0.0;0;1;0;1
1;0.16666666666666666;0.0154392078386973;0.06961506961506962;1;0.5209644454012055;0.2;0.0;0;1;0;0
3;0.3333333333333333;0.09236349415881051;0.3276003276003276;1;0.502381252150095;0.8;0.0;0;1;0;1
4;0.08333333333333333;0.15558233652264877;0.3701883701883702;0;0.5925394163149762;0.2;0.0;1;0;0;1
3;0.5;0.15126018417508463;0.2964782964782965;0;0.354452363929534;0.2;0.0;0;0;1;1
2;0.0;0.10994678835668198;0.09828009828009827;0;0.3509230186175379;0.2;0.0;0;0;1;0
4;0.5;0.3146924383445558;0.22276822276822278;0;0.5198387603751764;0.2;0.0;0;1;0;1
2;0.3333333333333333;0.07314933614820984;0.42096642096642095;1;0.04178625172312932;0.0;0.0;0;0;1;0
2;0.6666666666666666;0.23607357512846755;0.4520884520884521;1;0.3039617861425689;0.4;0.0;0;0;1;1
4;0.25;0.10746917490147989;0.3538083538083538;0;0.03308412057229917;0.8;0.0;0;1;0;1
4;0.08333333333333333;0.14873683529790982;0.5462735462735463;1;0.15772620360031614;0.2;0.0;1;0;0;0
4;0.3333333333333333;0.06949199127014756;0.4217854217854218;1;0.07818306416768073;0.4;0.0;0;1;0;0
4;0.3333333333333333;0.020344162391675927;0.23423423423423423;0;0.36491267470167993;0.2;0.0;0;0;1;0
2;0.25;0.012783830296551122;0.3104013104013104;0;0.29018449416739844;0.2;0.0;0;1;0;0
4;0.16666666666666666;0.12752552544343818;0.12694512694512694;1;0.39311607664346004;0.4;0.0;0;1;0;0
4;0.6666666666666666;0.05248961374360486;0.33906633906633904;1;0.5118208535154545;0.2;0.0;0;1;0;1
4;0.5;0.09318729064065562;0.5389025389025389;0;0.4198680968262452;0.4;0.0;0;1;0;1
4;0.16666666666666666;0.15243513650175058;0.4692874692874693;1;0.3550697551626302;0.4;0.0;0;1;0;0
2;0.5;0.1717308384358845;0.5864045864045864;1;0.36521447905272963;0.8;0.0;1;0;0;1
3;0.3333333333333333;0.07922587989775262;0.3071253071253071;1;0.6027169236711034;0.4;0.0;1;0;0;0
1;0.3333333333333333;0.04194613945805228;0.5773955773955773;1;0.28894353318414423;0.4;0.0;1;0;0;1
3;0.16666666666666666;0.16633905905489682;0.32514332514332517;0;0.19783432015893943;0.2;0.0;0;1;0;1
4;0.3333333333333333;0.059651388441516136;0.5978705978705978;1;0.4190130342782868;0.2;0.0;1;0;0;0
4;0.25;0.307067854547561;0.35298935298935297;1;0.13037458323474524;0.2;1.0;0;1;0;0
3;0.25;0.1935941917916116;0.4725634725634726;1;0.8243455673851295;0.2;0.0;0;0;1;1
3;0.16666666666666666;0.15281583278170344;0.5986895986895987;0;0.2934140472635417;0.0;0.0;0;1;0;0
1;0.25;0.030648604518020463;0.32514332514332517;1;0.482768874236955;0.2;0.0;0;1;0;1
4;0.3333333333333333;0.05006885363839361;0.3923013923013923;0;0.39480240688370033;0.2;0.0;1;0;0;0
1;0.25;0.21026438660201346;0.5675675675675675;1;0.32831445319992086;0.4;1.0;0;0;1;1
4;0.3333333333333333;0.002535414251606712;0.33497133497133497;0;0.4235634608334066;0.4;0.0;0;1;0;0
4;0.0;0.1691487094711979;0.14004914004914004;1;0.16224974895657723;0.2;0.0;0;0;1;0
1;0.25;0.05754121731821847;0.7076167076167076;0;0.2927331139164623;0.0;0.0;0;1;0;1
4;0.3333333333333333;0.17864674829696214;0.2800982800982801;0;0.2702309627463766;0.4;1.0;0;0;1;0
1;0.0;0.08937126479050983;0.3824733824733825;1;0.0842559978976797;0.4;0.0;0;1;0;0
1;0.4166666666666667;0.08318637172062288;0.5462735462735463;0;0.13994396051201244;0.2;0.0;0;1;0;1
4;0.4166666666666667;0.13448506677963845;0.2571662571662572;1;0.27373034368666216;0.2;0.0;0;1;0;0
4;0.08333333333333333;0.18258904173294438;0.19164619164619165;1;0.38857035987821315;0.4;0.0;0;1;0;0
4;0.0;0.13149182361875397;0.39803439803439805;1;0.10000344931081914;0.4;0.0;0;0;1;1
2;0.6666666666666666;0.0665947766694194;0.06306306306306306;0;0.3444722514393016;0.2;0.0;0;1;0;1
4;0.25;0.04297897661712668;0.3095823095823096;1;0.3768329680343163;0.2;0.0;0;1;0;0
4;0.4166666666666667;0.2078225509794431;0.3972153972153972;0;0.26666908414074464;0.2;0.0;0;1;0;0
2;0.25;0.08177764082029262;0.31285831285831284;1;0.2701684415434177;0.4;0.0;0;1;0;0
2;0.08333333333333333;0.17016760933181296;0.10401310401310401;0;0.48787822832774724;0.2;0.0;0;0;1;0
2;0.25;0.6066939403777738;0.6175266175266175;1;0.6026947641634651;0.2;0.0;0;1;0;0
4;0.08333333333333333;0.11481494094340394;0.37346437346437344;1;0.25427652931827066;0.4;0.0;0;1;0;0
3;0.25;0.03622694077519048;0.5913185913185913;0;0.5984347538585246;0.2;0.0;0;1;0;0
4;0.25;0.22320079117485583;0.31367731367731366;1;0.15720210083758912;0.2;1.0;0;1;0;1
3;0.25;0.03550874014905357;0.21212121212121213;0;0.20287614958177955;0.4;1.0;0;0;1;0
4;0.5;0.03349391950491064;0.4004914004914005;0;0.028973817561562937;0.4;0.0;0;1;0;1
0;0.3333333333333333;0.008477238130419413;0.32104832104832104;1;0.2723059899236268;0.2;0.0;0;1;0;0
3;0.3333333333333333;0.009034409978805688;0.1638001638001638;1;0.4658375899702412;0.0;0.0;0;0;1;0
2;0.3333333333333333;0.22055496844929937;0.597051597051597;1;0.21142957505089102;0.4;0.0;0;1;0;0
4;0.16666666666666666;0.029117280503088802;0.2547092547092547;0;0.2173412753171625;0.4;0.0;0;0;1;0
2;0.16666666666666666;0.01273298066026253;0.054873054873054876;0;0.09955602602489183;0.0;0.0;0;1;0;0
4;0.3333333333333333;0.048306414580803425;0.5741195741195741;0;0.22287114277229766;0.4;1.0;0;0;1;0
4;0.16666666666666666;0.13903359496747092;0.27436527436527436;0;0.25798443119735764;0.4;1.0;0;1;0;0
1;0.3333333333333333;0.04610156383784636;0.2571662571662572;0;0.5640821599528341;0.6;0.0;0;1;0;1
4;0.3333333333333333;0.04110168369545882;0.06715806715806716;1;0.28131242389306316;0.8;0.0;0;1;0;1
4;0.16666666666666666;0.07443049440350012;0.6420966420966421;0;0.4489593623173834;0.4;0.0;0;0;1;0
3;0.16666666666666666;0.0023147044244900446;0.1457821457821458;1;0.41789109691929377;0.8;0.0;1;0;0;1
2;0.25;0.07508614594733468;0.36609336609336607;0;0.19690180724801143;0.4;0.0;0;1;0;1
4;0.4166666666666667;0.5125472331044866;0.5061425061425061;1;0.3454653779748645;0.4;0.0;0;0;1;0
4;0.3333333333333333;0.1786464842045161;0.4258804258804259;1;0.13614769052578204;0.4;0.0;0;1;0;0
4;0.4166666666666667;0.00806405958452348;0.34725634725634724;1;0.3947885195688504;0.4;0.0;1;0;0;0
4;0.3333333333333333;0.11828510811520343;0.07780507780507781;1;0.6054188322212027;0.4;0.0;0;0;1;0
3;0.16666666666666666;0.06872124356027937;0.2244062244062244;1;0.2563973527105212;0.4;0.0;0;1;0;0
2;0.25;0.19466267326598477;0.38738738738738737;0;0.4339496447399063;0.4;0.0;0;0;1;0
3;0.16666666666666666;0.011471584147328406;0.22768222768222768;1;0.16560960229541566;0.2;0.0;0;1;0;0
4;0.16666666666666666;0.02940683517061476;0.38984438984438985;1;0.3766355105859412;0.2;0.0;0;1;0;0
2;0.25;0.1741857857125363;0.46846846846846846;1;0.16304468449326037;0.2;1.0;0;1;0;0
4;0.08333333333333333;0.21042556722516031;0.5143325143325144;0;0.5011985646596963;0.2;0.0;0;0;1;0
4;0.4166666666666667;0.08377792656684785;0.15561015561015562;1;0.7637724786858467;0.2;0.0;0;0;1;1
2;0.25;0.002143965263996564;0.7166257166257166;1;0.16589285143815893;0.0;0.0;0;0;1;0
3;0.16666666666666666;0.24935075694905132;0.4823914823914824;1;0.35122346291194595;0.2;1.0;1;0;0;0
1;0.25;0.05361758472369202;0.35626535626535627;1;0.5355934875129528;0.4;0.0;0;0;1;1
4;0.08333333333333333;0.004435590611068515;0.5348075348075348;1;0.11602007502406719;0.2;0.0;0;1;0;0
3;0.08333333333333333;0.18999967388940917;0.7444717444717445;0;0.37489061901942705;0.6;0.0;0;1;0;1
2;0.16666666666666666;0.060170983291502535;0.12121212121212122;1;0.5450243145793768;0.2;1.0;0;1;0;1
4;0.3333333333333333;0.02337548748181643;0.3194103194103194;1;0.13103985726139783;0.2;0.0;0;1;0;0
4;0.3333333333333333;0.17988982176615476;0.0;0;0.8278234165047961;0.4;0.0;0;1;0;1
4;0.16666666666666666;0.06802214170432114;0.3882063882063882;1;0.19448260112699609;0.0;0.0;0;1;0;0
4;0.3333333333333333;0.10407752683976684;0.4168714168714169;1;0.1684156058060397;0.6;0.0;0;0;1;1
4;0.16666666666666666;0.19267791397605802;0.35053235053235055;0;0.5489030714138528;0.2;0.0;0;0;1;0
4;0.3333333333333333;0.08216011547655254;0.2497952497952498;1;0.5615863735720404;0.4;0.0;0;1;0;0
4;0.3333333333333333;0.01295664210765131;0.021294021294021293;1;0.38922379830780995;0.4;0.0;0;0;1;0
4;0.3333333333333333;0.369075593391052;0.4176904176904177;1;0.4880714950560104;0.2;0.0;0;1;0;0
4;0.08333333333333333;0.037497598749387885;0.5954135954135954;1;0.2406968181009941;1.0;0.0;0;0;1;1
4;0.5833333333333334;0.57389806873716;0.2596232596232596;0;0.09795491554798791;0.0;1.0;0;1;0;1
3;0.0;0.0006028194730631939;0.42915642915642915;0;0.1818568623883952;0.6;0.0;0;1;0;1
2;0.16666666666666666;0.07350461881590402;0.09991809991809991;1;0.06812576293773055;0.0;0.0;0;0;1;0
4;0.4166666666666667;0.1357388468142011;0.43161343161343163;0;0.5754768687739782;0.2;0.0;0;1;0;1
4;0.16666666666666666;0.2633756012477702;0.29238329238329236;0;0.06764337035593167;0.6;1.0;0;1;0;1
4;0.25;0.16857392926752263;0.23177723177723178;0;0.46511851888506567;0.2;0.0;0;1;0;0
3;0.25;0.03277814095952039;0.23177723177723178;0;0.08561301693994432;0.0;0.0;0;1;0;1
4;0.0;0.030951143330244738;0.29238329238329236;1;0.47971401864526464;0.4;0.0;1;0;0;0
4;0.25;0.04899577651282255;0.41932841932841936;0;0.4131377637017538;0.2;0.0;0;1;0;0
4;0.5;0.01296441884571183;0.1416871416871417;1;0.04880411335458247;0.2;0.0;0;0;1;1
3;0.25;0.12314457368616465;0.2915642915642916;1;0.07749181708217207;0.2;0.0;0;1;0;0
3;0.16666666666666666;0.315329471211721;0.3497133497133497;1;0.5681232895316256;0.4;0.0;0;1;0;0
4;0.08333333333333333;0.11425917073403274;0.1769041769041769;0;0.5558494825278719;0.4;0.0;0;1;0;0
0;0.3333333333333333;0.08474134315008326;0.6511056511056511;1;0.5817065814407096;0.2;0.0;0;0;1;0
4;0.16666666666666666;0.0778029074316911;0.21703521703521703;1;0.327465085070267;0.6;0.0;0;1;0;1
2;0.0;0.09984761618380864;0.24733824733824733;1;0.5124342067899373;0.2;0.0;0;1;0;0
4;0.25;0.1379008296687141;0.19656019656019655;1;0.5737277871518089;0.4;1.0;0;1;0;1
2;0.16666666666666666;0.1762604613182264;0.6511056511056511;1;0.10434266894161623;0.4;0.0;0;1;0;0
2;0.0;0.13327235226677853;0.44717444717444715;0;0.36844450719609434;0.2;0.0;0;0;1;0
4;0.5833333333333334;0.13577538418741883;0.2031122031122031;1;0.1323305567606579;0.8;0.0;0;1;0;1
4;0.3333333333333333;0.3371843537431398;0.538083538083538;0;0.3535288238875207;0.2;0.0;0;1;0;0
2;0.4166666666666667;0.2554047199487535;0.38984438984438985;1;0.19102070309449892;0.6;1.0;0;1;0;1
4;0.08333333333333333;0.19318350116119898;0.3988533988533989;1;0.27959471688285614;0.0;0.0;0;1;0;1
3;0.4166666666666667;0.004862758376820935;0.30057330057330056;1;0.2483627091758358;0.2;0.0;0;1;0;1
3;0.3333333333333333;0.12290712429581523;0.23423423423423423;0;0.5867478027761198;0.2;0.0;0;1;0;0
3;0.25;0.06746239796872512;0.411957411957412;0;0.4825143821602223;0.6;0.0;0;1;0;1
4;0.16666666666666666;0.106890175832945;0.266994266994267;1;0.4867816549187905;0.2;0.0;0;1;0;0
4;0.4166666666666667;0.1289183540785955;0.6543816543816544;1;0.4236179806904142;0.2;0.0;0;1;0;0
3;0.4166666666666667;0.13946471744171826;0.14905814905814907;1;0.1952688527967481;0.4;1.0;0;0;1;0
1;0.3333333333333333;0.22645039143632426;0.6085176085176085;0;0.27937707646115617;0.2;0.0;0;0;1;1
3;0.25;0.2678451817167243;0.33824733824733827;1;0.3755278131686748;0.2;0.0;0;1;0;0
3;0.5;0.10379951490764043;0.40540540540540543;1;0.509236011318191;0.2;0.0;0;1;0;1
4;0.16666666666666666;0.24982202352665356;0.49303849303849306;1;0.3275384537531292;0.4;0.0;0;0;1;1
0;0.08333333333333333;0.16088545592319628;0.25307125307125306;1;0.2901051085694106;0.8;0.0;0;0;1;1
3;0.5;0.025138747170752297;0.49795249795249796;1;0.1609684482975029;0.2;0.0;0;1;0;1
3;0.16666666666666666;0.003930566952860617;0.0;1;0.42530139456801735;0.4;1.0;0;0;1;0
2;0.3333333333333333;0.0010361805042877043;0.23914823914823916;1;0.29861080849553073;0.6;1.0;0;0;1;1
3;0.08333333333333333;0.09822353059858632;0.20556920556920558;1;0.42633630152609236;0.8;1.0;0;1;0;1
4;0.16666666666666666;0.08196717912444526;0.15151515151515152;1;0.07692954439277047;0.4;0.0;0;1;0;0
3;0.4166666666666667;0.13255449418229545;0.32186732186732187;0;0.27451029320571513;0.2;0.0;0;0;1;0
4;0.3333333333333333;0.20582131725116326;0.4201474201474201;0;0.7592486126671688;0.4;0.0;0;1;0;1
2;0.0;0.019920310769536823;0.47174447174447176;1;0.5944811403097431;0.4;0.0;0;0;1;0
4;0.5;0.21589418317575995;0.3963963963963964;0;0.2549101591673987;0.2;0.0;0;0;1;1
4;0.6666666666666666;0.011416774488774453;0.24733824733824733;1;0.5434005857461436;0.2;0.0;0;0;1;1
4;0.0;0.23889520452841984;0.4168714168714169;0;0.31487738677915444;0.2;1.0;0;1;0;0
4;0.25;0.2113793261329757;0.37674037674037675;0;0.40615023447070475;0.4;0.0;0;1;0;0
0;0.5;0.13276990353662382;0.5102375102375102;0;0.30557365615720644;0.6;0.0;0;1;0;1
4;0.08333333333333333;0.03962136574348195;0.48402948402948404;1;0.35744350063254193;0.4;0.0;0;0;1;0
4;0.16666666666666666;0.010842308487552663;0.361998361998362;1;0.3335344651904697;0.2;0.0;0;0;1;1
2;0.3333333333333333;0.16744008042569317;0.20966420966420968;1;0.4195229943718594;0.2;0.0;0;1;0;0
4;0.25;0.027273994210786037;0.2497952497952498;1;0.3185532281650323;0.0;0.0;0;1;0;1
0;0.16666666666666666;0.06463165144424396;0.266994266994267;1;0.7582666665394234;0.2;0.0;0;0;1;1
4;0.16666666666666666;0.08414335413196375;0.3046683046683047;1;0.08335490264801246;0.0;0.0;1;0;0;0
2;0.08333333333333333;0.1286208779432065;0.4004914004914005;0;0.8195954115521054;0.2;0.0;0;1;0;1
3;0.5833333333333334;0.074294158621743;0.4742014742014742;1;0.27387203482020095;0.2;1.0;0;1;0;1
4;0.3333333333333333;0.13188396844852357;0.34807534807534807;1;0.29207796412423764;0.0;1.0;0;0;1;0
4;0.3333333333333333;0.18710591652593045;0.3595413595413595;1;0.472676244759271;0.0;0.0;0;0;1;0
4;0.5;0.13884605791115906;0.38001638001638;0;0.598786814967451;0.6;0.0;1;0;0;1
0;0.5;0.03953770311667479;0.2719082719082719;1;0.8530932887255547;0.2;0.0;0;1;0;1
0;0.5;0.24995026907670498;0.20475020475020475;1;0.39066196536929765;0.4;1.0;0;1;0;1
1;0.25;0.08891964925890816;0.0687960687960688;1;0.6260064242267201;0.2;0.0;0;1;0;1
2;0.25;0.06960486784282055;0.24242424242424243;1;0.38356843022325177;0.4;0.0;0;0;1;0
0;0.16666666666666666;0.09515043539298948;0.43407043407043405;1;0.34278874303409285;0.0;0.0;0;0;1;0
3;0.16666666666666666;0.0733822436154715;0.2416052416052416;1;0.38926489254092933;0.2;0.0;1;0;0;1
4;0.0;0.15647756267797175;0.3177723177723178;1;0.22353955982691548;0.2;1.0;0;1;0;0
3;0.25;0.06066823830234294;0.4332514332514332;1;0.5040950990903987;0.4;0.0;0;0;1;0
2;0.08333333333333333;0.16675829961744199;0.44226044226044225;1;0.547173291181875;0.0;0.0;0;1;0;0
2;0.4166666666666667;0.15879385590584452;0.18018018018018017;1;0.1888709157041262;0.4;0.0;0;1;0;0
4;0.4166666666666667;0.03599963212289198;0.5200655200655201;0;0.23559220057225985;0.4;0.0;0;1;0;0
4;0.3333333333333333;0.011152992879895088;0.5413595413595413;1;0.4326625385347083;0.2;0.0;0;0;1;1
4;0.3333333333333333;0.2117308231410691;0.171990171990172;0;0.18643381671641232;0.6;1.0;1;0;0;1
4;0.16666666666666666;0.02051813472797025;0.22194922194922195;1;0.44002277919527744;0.2;0.0;0;1;0;0
4;0.5833333333333334;0.0034553023331992654;0.552006552006552;1;0.3271387209972518;0.0;0.0;0;1;0;1
4;0.3333333333333333;0.05720093016646928;0.3325143325143325;1;0.47938867915670164;0.0;0.0;0;0;1;0
4;0.3333333333333333;0.03255737325231203;0.0;0;0.3618181779892685;0.2;0.0;0;1;0;0
4;0.25;0.027627625191094875;0.12776412776412777;1;0.40276654622083996;0.0;0.0;1;0;0;1
1;0.0;0.020973436016169633;0.31613431613431614;1;0.4967888928022533;0.0;0.0;0;1;0;0
4;0.16666666666666666;0.15382269801220078;0.16625716625716624;1;0.09008381406021738;0.2;0.0;0;1;0;0
4;0.08333333333333333;0.17014806833322416;0.2891072891072891;1;0.33749659867468057;0.2;0.0;0;1;0;1
3;0.3333333333333333;0.005215662006974928;0.361998361998362;0;0.11995333981650813;0.0;0.0;0;1;0;0
4;0.08333333333333333;0.08799271663566333;0.5962325962325963;1;0.3999109740509001;0.2;0.0;0;1;0;0
3;0.5;0.016085796838208183;0.30876330876330876;1;0.14764363106035716;0.6;0.0;0;1;0;1
3;0.08333333333333333;0.07695590554981688;0.5323505323505323;1;0.5266222021148396;0.6;1.0;0;1;0;1
0;0.08333333333333333;0.04750870303569379;0.5904995904995906;1;0.3164565981114702;0.0;0.0;0;1;0;0
4;0.3333333333333333;0.02501193261373547;0.5913185913185913;1;0.10810463076564335;0.4;0.0;1;0;0;0
2;0.3333333333333333;0.3290213821203187;0.40294840294840295;1;0.10449224101336263;0.2;0.0;0;1;0;0
3;0.3333333333333333;0.34938433663435847;0.03521703521703522;0;0.16680018072680233;0.4;1.0;0;1;0;1
4;0.3333333333333333;0.09228738358778144;0.43243243243243246;1;0.3070039673315889;0.2;0.0;0;0;1;1
4;0.0;0.023109286212517968;0.5282555282555282;0;0.47208221916006005;0.8;0.0;0;1;0;1
4;0.5;0.09732351927557971;0.34316134316134317;0;0.6708692847893561;0.4;0.0;0;1;0;1
4;0.5833333333333334;0.2934589277022321;0.6420966420966421;1;0.32479861749330935;0.4;0.0;0;0;1;1
4;0.25;0.05271908375937263;0.49713349713349714;0;0.09825440603384074;0.6;0.0;0;0;1;1
3;0.25;0.016419685978011963;0.44963144963144963;0;0.4813520319899882;0.0;0.0;0;0;1;0
4;0.25;0.13157729606373156;0.5348075348075348;0;0.19994264431549424;0.2;0.0;0;1;0;0
4;0.25;0.11875234739238938;0.41113841113841115;0;0.40444795143945605;0.0;0.0;0;0;1;0
2;0.0;8,50E+09;0.0;0;0.5670141200769648;0.0;0.0;0;1;0;0
4;0.25;0.21372513419690864;0.2751842751842752;0;0.5923224068470914;0.4;0.0;0;1;0;1
4;0.5833333333333334;0.12021147414258526;0.5528255528255528;0;0.07882979327651117;0.4;0.0;0;0;1;1
3;0.16666666666666666;0.024162386896628828;0.2244062244062244;1;0.16258147983760962;0.0;0.0;0;1;0;0
4;0.08333333333333333;0.000291410764644335;0.3202293202293202;1;0.5384395187027051;0.2;0.0;0;0;1;0
4;0.3333333333333333;0.39897152864652985;0.18591318591318592;1;0.4105272085366621;0.6;0.0;0;1;0;1
4;0.16666666666666666;0.15628225634566004;0.6486486486486487;0;0.5331551569609636;0.0;0.0;0;1;0;1
3;0.25;0.05046928681040035;0.6322686322686323;0;0.2742494832213808;0.0;0.0;0;0;1;0
2;0.5;0.06302157454141642;0.21212121212121213;1;0.15575458418328963;0.4;0.0;0;1;0;1
4;0.16666666666666666;0.0860574463616845;0.3808353808353808;0;0.198291979245938;0.2;0.0;0;0;1;0
4;0.08333333333333333;0.1410260138563601;0.24488124488124488;1;0.6917779993638496;0.4;0.0;1;0;0;1
2;0.08333333333333333;0.021056461729947785;0.457002457002457;1;0.3681672092054354;0.6;0.0;0;0;1;1
1;0.25;0.024166600309195912;0.4398034398034398;1;0.5841671938564309;0.0;1.0;0;1;0;1
4;0.4166666666666667;0.005435248154412026;0.48976248976248976;0;0.3626287016662163;0.2;0.0;0;1;0;0
4;0.08333333333333333;0.4732735896552056;0.41113841113841115;1;0.6579046732001341;0.4;0.0;0;0;1;1
2;0.16666666666666666;0.23181375688271766;0.8378378378378378;1;0.5404947275270009;0.2;0.0;0;0;1;0
4;0.4166666666666667;0.0895120800904962;0.18837018837018837;1;0.4265493130964795;0.4;0.0;0;1;0;1
3;0.25;0.0625293505835499;0.07616707616707617;1;0.10946806816968671;0.4;0.0;1;0;0;0
4;0.5833333333333334;0.03009213656668971;0.29238329238329236;1;0.33375968821821106;0.4;0.0;0;1;0;1
3;0.3333333333333333;0.10049672080966232;0.09991809991809991;1;0.24225008487368366;0.2;0.0;1;0;0;0
3;0.3333333333333333;0.13042817566298565;0.1122031122031122;0;0.45239199593135687;0.4;1.0;0;1;0;1
2;0.3333333333333333;0.1299519047831812;0.19246519246519248;1;0.33458131173566424;0.0;0.0;0;1;0;1
2;0.0;0.0006489042119409231;0.20556920556920558;1;0.4614177631726538;0.4;0.0;0;1;0;0
4;0.5;0.13465207753702893;0.20065520065520065;1;0.15666436815811183;0.4;0.0;0;1;0;1
3;0.0;0.22387838590930084;0.44144144144144143;1;0.39449759942380824;0.6;0.0;0;0;1;1
4;0.08333333333333333;0.013513248149431709;0.27354627354627353;1;0.3442742391319635;0.4;0.0;0;1;0;0
3;0.4166666666666667;0.1565989628472449;0.3276003276003276;1;0.6232428069590431;0.2;0.0;1;0;0;0
0;0.5;0.19275164468456327;0.5028665028665029;1;0.29518486086591433;0.4;0.0;0;1;0;1
4;0.25;0.0358918171963695;0.23095823095823095;0;0.3952683459755021;0.2;0.0;0;1;0;0
4;0.5833333333333334;0.13847646688897222;0.31367731367731366;0;0.584167582529582;0.4;0.0;0;1;0;1
3;0.08333333333333333;0.011253164968250033;0.4168714168714169;1;0.06636030070517115;0.6;0.0;0;1;0;1
4;0.25;0.11649115971069113;0.03849303849303849;1;0.38067398817192866;0.6;0.0;0;1;0;1
4;0.5833333333333334;0.07937779734424537;0.0;1;0.2700859344201745;0.2;0.0;0;1;0;1
1;0.16666666666666666;0.2109082839504508;0.4135954135954136;0;0.21079947985175848;0.4;0.0;0;0;1;1
4;0.08333333333333333;0.06684894529488644;0.43734643734643736;1;0.5102390001784262;0.8;1.0;0;1;0;1
3;0.25;0.062104834676324036;0.6945126945126945;0;0.8426667915594385;0.4;0.0;0;1;0;1
2;0.16666666666666666;0.30200407099300686;0.3824733824733825;0;0.34642685971833753;0.6;0.0;0;0;1;1
4;0.3333333333333333;0.30281682465781684;0.4905814905814906;1;0.4236986698987865;0.2;0.0;0;1;0;0
3;0.08333333333333333;0.003976681756411189;0.32432432432432434;0;0.6695437139997574;0.4;1.0;0;1;0;1
3;0.25;0.07388830324910502;0.40540540540540543;1;0.2545081340901934;0.0;0.0;0;1;0;0
1;0.25;0.01945720843614541;0.6298116298116299;1;0.1462673480974628;0.2;0.0;0;1;0;1
4;0.16666666666666666;0.03551382164723805;0.009009009009009009;0;0.6886904555409953;0.0;1.0;0;1;0;1
4;0.3333333333333333;0.12199454778057528;0.42424242424242425;1;0.3075348115576564;0.0;1.0;0;1;0;0
3;0.0;0.015334735746999438;0.7067977067977068;1;0.3756755565080936;0.2;1.0;0;0;1;0
4;0.3333333333333333;0.0011916158290534102;0.40294840294840295;1;0.5687439380159444;0.6;0.0;0;0;1;1
4;0.0;0.14443737973370757;0.6273546273546273;1;0.1752147590092103;0.2;0.0;0;1;0;0
4;0.5;0.11402311298427123;0.2538902538902539;1;0.19361083174147234;0.2;0.0;1;0;0;1
4;0.25;0.2591376027727843;0.35135135135135137;0;0.40237111782858914;0.4;0.0;0;1;0;0
3;0.0;0.08689292372948668;0.361998361998362;1;0.15995486935520514;0.2;0.0;0;1;0;0
3;0.16666666666666666;0.3233236582155347;0.0;1;0.5704583359108885;0.4;0.0;0;1;0;1
4;0.0;0.10450498538915579;0.16543816543816545;0;0.3369917539135279;0.0;0.0;0;1;0;0
4;0.16666666666666666;0.05441090385901602;0.1769041769041769;1;0.20017242877500915;0.2;0.0;0;1;0;0
3;0.08333333333333333;0.10426326663704363;0.4914004914004914;0;0.5732056763320533;0.4;0.0;0;1;0;0
2;0.16666666666666666;0.15381546923377964;0.4995904995904996;0;0.5087366575888752;0.8;0.0;0;0;1;1
4;0.4166666666666667;0.0474424036844618;0.4095004095004095;1;0.4405770529334287;0.6;0.0;0;0;1;1
4;0.5;0.05178674009545922;0.4914004914004914;0;0.2259385854276146;0.0;0.0;0;1;0;1
1;0.16666666666666666;0.11053938334033674;0.33005733005733007;1;0.4417469299797876;0.4;0.0;0;0;1;1
4;0.4166666666666667;0.06758724216598018;0.5536445536445537;1;0.5011584067110877;0.4;0.0;0;0;1;0
4;0.9166666666666666;0.08322553088236258;0.3579033579033579;1;0.1183033596136788;0.4;0.0;0;1;0;1
4;0.08333333333333333;0.4474396950623733;0.36609336609336607;0;0.3660588881439062;0.0;0.0;0;1;0;0
4;0.0;0.004911001824981892;0.31285831285831284;0;0.18720171994176446;0.2;0.0;0;1;0;0
0;0.25;0.11607585553625933;0.46846846846846846;1;0.2642807940947266;0.2;1.0;0;1;0;0
3;0.08333333333333333;0.2850488907140323;0.28746928746928746;0;0.6147283538551317;0.0;0.0;0;1;0;1
4;0.5833333333333334;0.029913020141732305;0.5167895167895168;0;0.3012702197090106;0.6;0.0;0;1;0;1
2;0.25;0.026444592032925464;0.17117117117117117;1;0.3908630881429218;0.4;1.0;0;1;0;0
4;0.16666666666666666;0.050110078541898244;0.1769041769041769;1;0.6921192194711525;0.2;1.0;0;1;0;1
2;0.25;0.008494242052387913;0.4692874692874693;1;0.7253753368630981;0.6;0.0;0;1;0;1
3;0.0;0.09135080132950209;0.34234234234234234;0;0.4058970690229293;0.6;1.0;0;1;0;1
3;0.16666666666666666;0.1153069792836752;0.28255528255528256;1;0.6495030698104224;0.2;0.0;0;1;0;1
3;0.25;0.190661527488766;0.5028665028665029;0;0.5537097906964271;0.2;0.0;0;1;0;0
2;0.3333333333333333;0.00754864174504345;0.2571662571662572;1;0.748207965586786;0.2;0.0;0;1;0;1
2;0.16666666666666666;0.06368986257872401;0.3235053235053235;1;0.4114358241255452;0.2;0.0;0;0;1;0
3;0.4166666666666667;0.1705516423336348;0.5855855855855856;0;0.21030645229941713;0.4;0.0;0;1;0;0
2;0.25;0.1626388656015723;0.6085176085176085;0;0.0961830940853698;0.2;0.0;0;1;0;1
2;0.08333333333333333;0.008441623599071286;0.6142506142506142;1;0.24720670896595165;0.4;0.0;0;1;0;0
4;0.4166666666666667;0.001205694503781911;0.3104013104013104;0;0.17110939066667732;0.6;0.0;0;0;1;1
4;0.16666666666666666;0.1700992852002411;0.5585585585585585;0;0.7177478664332336;0.0;0.0;0;0;1;1
2;0.25;0.016450768297452022;0.20147420147420148;1;0.21821603650231727;0.4;0.0;0;1;0;0
4;0.16666666666666666;0.09587085886673964;0.20802620802620803;1;0.3029306166588125;0.0;0.0;0;1;0;0
2;0.0;0.010944555789915246;0.0;1;0.4043778572299938;0.2;0.0;0;1;0;0
2;0.16666666666666666;0.03890547915831248;0.6306306306306306;1;0.2779905727350285;0.6;1.0;0;1;0;1
4;0.25;0.019070610640736837;0.2153972153972154;0;0.883483258634361;0.2;0.0;1;0;0;1
4;0.5;0.14828329259647566;0.3357903357903358;0;0.34450697429720306;0.4;0.0;0;1;0;1
2;0.08333333333333333;0.12421078597203421;0.2072072072072072;1;0.2277676126993402;0.4;1.0;0;1;0;0
3;0.0;0.016106387901341165;0.47092547092547093;1;0.1532411408913193;0.4;0.0;0;1;0;0
4;0.16666666666666666;0.0067359295896766945;0.29484029484029484;1;0.2608205562001579;0.8;1.0;0;1;0;1
4;0.4166666666666667;0.0698049349770005;0.14332514332514332;1;0.3677267808912055;0.4;0.0;0;0;1;0
4;0.3333333333333333;0.024141548619184112;0.42915642915642915;1;0.4517750315216919;0.6;0.0;0;1;0;1
3;0.6666666666666666;0.0008401087624169499;0.12203112203112203;1;0.0792101473510729;0.4;0.0;1;0;0;1
4;0.0;0.03407792964883872;0.2194922194922195;0;0.3718664779634496;0.2;0.0;0;1;0;0
3;0.08333333333333333;0.026899655103119518;0.011466011466011465;0;0.07155127312298909;0.2;0.0;0;1;0;0
2;0.25;0.12845013474482073;0.12366912366912367;1;0.2820752842815108;0.8;0.0;0;1;0;1
4;0.3333333333333333;0.21938262516126872;0.3857493857493858;0;0.35115254128872925;0.2;1.0;0;1;0;0
4;0.3333333333333333;0.030121171666767324;0.03521703521703522;1;0.30265807942562345;0.2;0.0;0;1;0;0
4;0.25;0.028011702241346862;0.11384111384111384;0;0.3682661661722233;0.0;0.0;0;1;0;1
4;0.25;0.05452279457920176;0.35626535626535627;1;0.1508293142884332;0.4;0.0;0;0;1;0
4;0.25;0.021006247868650695;0.2678132678132678;0;0.17109273890447618;0.4;0.0;0;1;0;0
4;0.0;0.3263864930573104;0.683046683046683;0;0.18083452327228514;0.2;0.0;0;1;0;0
4;0.0;0.03098381118322288;0.6568386568386568;1;0.08622294633169651;0.6;0.0;0;1;0;1
4;0.08333333333333333;0.0108319570104384;0.21457821457821458;1;0.3010671021102354;0.4;0.0;0;1;0;0
4;0.3333333333333333;0.09049476597071739;0.447993447993448;0;0.19162492268658896;0.2;0.0;0;0;1;0
4;0.25;0.08575841874014345;0.47911547911547914;1;0.347001677078187;0.6;0.0;0;1;0;1
3;0.0;0.11113536739218155;0.2588042588042588;1;0.03809432404922556;0.4;0.0;0;0;1;0
4;0.16666666666666666;0.3784924527484285;0.11138411138411139;1;0.21961899930139678;0.2;0.0;0;1;0;1
0;0.4166666666666667;0.043414157124006654;0.3546273546273546;0;0.3924401394842368;0.2;0.0;0;0;1;0
4;0.3333333333333333;0.04951313199655452;0.3284193284193284;1;0.4326347502321639;0.2;0.0;0;0;1;1
1;0.08333333333333333;0.04566591900523665;0.28501228501228504;1;0.7808226015197317;0.4;0.0;0;0;1;1
4;0.16666666666666666;0.11014690798870179;0.42915642915642915;0;0.398318574679686;0.6;0.0;0;1;0;1
4;0.25;0.10302134121920509;0.2334152334152334;0;0.6107250425606621;0.2;1.0;0;1;0;0
4;0.08333333333333333;0.08365773653736606;0.1678951678951679;1;0.43023342851204616;0.4;1.0;0;1;0;0
4;0.08333333333333333;0.05034226923131883;0.37428337428337427;1;0.533374399020307;0.2;0.0;0;1;0;0
2;0.3333333333333333;0.06201806242622247;0.4201474201474201;1;0.7027510797312165;0.6;0.0;0;1;0;1
2;0.16666666666666666;0.17491596247660218;0.1638001638001638;1;0.1696075871975902;0.6;0.0;0;0;1;1
4;0.3333333333333333;0.10448600922706168;0.5085995085995086;0;0.44424560054312046;0.4;1.0;0;1;0;0
0;0.16666666666666666;0.1401123225473106;0.06633906633906633;1;0.6221599247584946;0.2;0.0;1;0;0;0
4;0.0;0.035977985739395875;0.2620802620802621;1;0.5787596594816299;0.4;0.0;0;1;0;0
1;0.25;0.2697162425740409;0.3144963144963145;1;0.42322402092228745;0.2;0.0;0;0;1;1
1;0.16666666666666666;0.0039133622142951295;0.25225225225225223;1;0.5703969702477764;0.4;0.0;0;1;0;0
4;0.08333333333333333;0.10069306971606078;0.26371826371826373;1;0.2400035460603118;0.2;0.0;0;1;0;0
4;0.08333333333333333;0.18610037321237555;0.6633906633906634;1;0.15505553665127458;0.4;0.0;1;0;0;0
2;0.0;0.2238056585462741;0.21703521703521703;0;0.3954645802226296;0.6;0.0;0;1;0;1
4;0.25;0.04276876122932477;0.7567567567567568;0;0.40042629531742274;0.0;0.0;0;0;1;0
4;0.16666666666666666;0.06844051204177183;0.4283374283374283;1;0.5530754563928929;0.6;0.0;0;1;0;1
4;0.25;0.0038818188810038953;0.37182637182637185;0;0.18212048579914547;0.2;0.0;0;1;0;1
4;0.25;0.1734553173992186;0.4348894348894349;0;0.4938572973788079;0.4;0.0;0;0;1;1
4;0.25;0.014733723575088804;0.7706797706797707;0;0.23792003289324723;0.2;0.0;0;1;0;0
4;0.25;0.062102032563609855;0.1941031941031941;1;0.42290322996227137;0.2;0.0;0;0;1;0
3;0.5;0.5217220490619985;0.17280917280917282;1;0.4917714889259721;0.4;1.0;0;1;0;1
4;0.5;0.277858047014741;0.2334152334152334;1;0.3535630443117458;0.0;0.0;0;0;1;1
4;0.16666666666666666;0.044494434907213914;0.361998361998362;0;0.26013177699805323;0.2;0.0;0;1;0;0
3;0.08333333333333333;0.02813103716298134;0.07371007371007371;1;0.018399486413569;0.2;0.0;0;1;0;0
3;0.4166666666666667;0.03219144315122937;0.36036036036036034;0;0.15059545055470844;0.0;1.0;0;1;0;0
2;0.6666666666666666;0.12838884185906052;0.6339066339066339;0;0.4978784067793797;0.0;0.0;0;1;0;1
3;0.4166666666666667;0.14389785513992964;0.38165438165438165;1;0.4294265504287698;0.4;0.0;0;1;0;0
2;0.0;0.027076943864686474;0.30876330876330876;0;0.36127345428638363;1.0;1.0;0;1;0;1
2;0.0;0.030464838921180813;0.25552825552825553;1;0.2953644157382709;0.8;0.0;0;1;0;1
4;0.16666666666666666;0.04339802332806888;0.5036855036855037;1;0.11805960311809378;0.2;0.0;0;1;0;0
2;0.4166666666666667;0.06309801622329705;0.22113022113022113;1;0.29695808043059146;0.4;0.0;0;1;0;0
4;0.16666666666666666;0.2774983588198257;0.6592956592956593;1;0.35255651849497943;0.4;0.0;0;1;0;0
4;0.25;0.0029197112948678512;0.6732186732186732;1;0.32226433189931025;0.0;0.0;0;1;0;0
0;0.0;0.11305109423066996;0.3988533988533989;1;0.5674608449971532;0.6;0.0;0;1;0;1
3;0.25;0.22005199830381283;0.3546273546273546;0;0.40980354797769425;0.4;1.0;0;1;0;0
4;0.25;0.142914662200044;0.5257985257985258;1;0.48854721923303895;0.2;0.0;0;0;1;0
3;0.4166666666666667;0.027112316133923044;0.5356265356265356;0;0.572508909159334;0.8;0.0;0;1;0;1
4;0.3333333333333333;0.07199713203778278;0.2244062244062244;0;0.22935329673962004;0.2;1.0;0;0;1;0
4;0.25;0.26820352206417697;0.2702702702702703;1;0.3604688529007204;0.2;0.0;0;1;0;0
4;0.4166666666666667;0.013613962988357493;0.14004914004914004;1;0.4419076216538951;0.4;0.0;0;0;1;0
3;0.8333333333333334;0.4876063778867239;0.42342342342342343;1;0.6686790729221178;0.4;0.0;0;1;0;1
0;0.16666666666666666;0.017181939814141855;0.46601146601146604;0;0.19443151765916059;0.4;0.0;0;1;0;0
0;0.25;0.01702533956202827;0.13595413595413594;1;0.5560769048073135;0.0;0.0;0;0;1;0
2;0.5833333333333334;0.18640275365639045;0.28173628173628174;1;0.6596690277241378;0.2;1.0;0;0;1;1
4;0.5;0.19601434051608893;0.13595413595413594;1;0.3902049995786544;0.0;0.0;0;1;0;1
2;0.5;0.004231637818727871;0.20966420966420968;1;0.46170676901908125;0.2;0.0;0;1;0;1
4;0.5833333333333334;0.02043590916920426;0.44717444717444715;0;0.18567568648767085;0.6;0.0;0;1;0;1
0;0.3333333333333333;0.33002837786874606;0.23669123669123668;1;0.1644685562374881;0.2;0.0;0;1;0;0
3;0.3333333333333333;0.03638108799636187;0.3071253071253071;0;0.39307798566883984;0.2;0.0;0;0;1;1
4;0.25;0.001300735688032116;0.09009009009009009;1;0.7003338393416728;0.6;0.0;0;1;0;1
3;0.25;0.03254136298708157;0.38738738738738737;1;0.4938436455168777;0.2;0.0;0;1;0;0
3;0.25;0.14787805561100123;0.3497133497133497;1;0.5792923974285829;0.2;0.0;0;1;0;0
4;0.16666666666666666;0.27613492902552983;0.2375102375102375;1;0.22437156599469824;0.2;1.0;0;1;0;0
2;0.3333333333333333;0.018690569682278658;0.32596232596232594;1;0.12994776125562177;0.0;0.0;0;1;0;0
4;0.16666666666666666;0.028207507600890483;0.38656838656838655;1;0.5379398140771979;0.2;1.0;0;0;1;1
3;0.4166666666666667;0.06474997903388861;0.22358722358722358;1;0.7110518017986799;0.4;0.0;0;1;0;1
2;0.16666666666666666;0.15342669204700296;0.11466011466011466;1;0.1527392956553394;0.0;0.0;0;0;1;0
3;0.08333333333333333;0.11954111867498926;0.6527436527436528;1;0.8049208252579322;0.0;0.0;0;1;0;1
3;0.0;0.044081673729919814;0.25307125307125306;0;0.5564640959260209;0.0;1.0;0;1;0;0
4;0.3333333333333333;0.007569581267626013;0.3407043407043407;1;0.46608580260346666;0.2;0.0;0;1;0;0
4;0.3333333333333333;0.03238016979176457;0.5225225225225225;0;0.39085288256054806;0.4;0.0;0;1;0;1
0;0.16666666666666666;0.027513821936572612;0.9344799344799345;0;0.4720886968232722;0.2;0.0;0;0;1;0
3;0.5;0.002298065524848949;0.15315315315315314;0;0.5638355064679308;0.2;0.0;0;1;0;1
4;0.16666666666666666;0.4105602350131084;0.42997542997543;0;0.24545681401466213;0.2;0.0;0;1;0;0
2;0.3333333333333333;0.03273983821568356;0.24078624078624078;1;0.20318543973259479;0.4;0.0;0;1;0;1
4;0.25;0.201452997005187;0.26863226863226863;1;0.2707535082371397;0.0;1.0;0;1;0;0
4;0.3333333333333333;0.07373625832845265;0.23832923832923833;0;0.49127344451840743;0.4;0.0;0;0;1;0
4;0.16666666666666666;0.39893385099698986;0.171990171990172;1;0.22875228757677676;0.6;0.0;0;1;0;1
2;0.08333333333333333;0.01795502050103762;0.3497133497133497;0;0.3006858235258292;0.4;0.0;0;0;1;0
0;0.0;0.012981052800022829;0.11547911547911548;0;0.26027087909844615;0.4;0.0;0;1;0;1
3;0.25;0.00020483895152798108;0.5118755118755118;0;0.464137012433743;0.0;0.0;0;1;0;0
2;0.0;0.14095453457620555;0.36609336609336607;1;0.03741430804757786;0.4;0.0;0;1;0;0
3;0.25;0.04063489471972801;0.4258804258804259;0;0.6510095924969544;0.2;1.0;0;0;1;1
4;0.16666666666666666;0.22724456710155042;0.2800982800982801;1;0.20943667540458438;0.4;0.0;0;0;1;0
1;0.4166666666666667;0.11170836692848478;0.2964782964782965;1;0.6905818719505372;0.2;0.0;0;1;0;1
4;0.16666666666666666;0.09577663859438157;0.4037674037674038;0;0.5599162955576541;0.4;0.0;0;1;0;0
4;0.5;0.07417557950178315;0.16625716625716624;1;0.7497019868128141;0.2;0.0;0;1;0;1
2;0.16666666666666666;0.03315933840638779;0.29811629811629814;0;0.16630820772444627;0.4;0.0;0;1;0;0
4;0.4166666666666667;0.007371535656915123;0.21621621621621623;1;0.5042684676640747;0.4;0.0;0;1;0;0
3;0.25;0.06515650050359278;0.21048321048321048;1;0.5097053616552507;0.4;0.0;0;1;0;0
3;0.3333333333333333;0.011544855051576446;0.011466011466011465;0;0.6877416599895135;0.6;1.0;0;1;0;1
3;0.25;0.2626998250231805;0.5757575757575758;0;0.42386062678026964;0.4;0.0;0;1;0;0
4;0.08333333333333333;0.1966531006372589;0.24406224406224405;1;0.6767371979356296;0.2;0.0;0;1;0;1
4;0.08333333333333333;0.10752105976826924;0.5470925470925471;1;0.5879788469635444;0.2;0.0;0;0;1;0
4;0.4166666666666667;0.06694483374597844;0.5315315315315315;1;0.4271405562301815;0.4;0.0;0;1;0;0
4;0.4166666666666667;0.06730217682989231;0.1457821457821458;1;0.4350246637564058;0.2;0.0;0;0;1;1
2;0.16666666666666666;0.06942608050958164;0.17854217854217855;1;0.19314583820856468;0.2;0.0;0;1;0;0
4;0.16666666666666666;0.1521785925420877;0.7764127764127764;1;0.2043752319345873;0.0;0.0;0;1;0;0
4;0.25;0.014941482142417422;0.6437346437346437;0;0.08599585273642364;0.2;1.0;0;1;0;0
4;0.25;0.08424697940796451;0.35135135135135137;1;0.31919840219894985;0.0;0.0;0;1;0;0
2;0.16666666666666666;0.1862882657997815;0.3988533988533989;1;0.40266393808559076;0.0;0.0;0;1;0;1
1;0.3333333333333333;0.07933157164726587;0.25307125307125306;1;0.23032865148038958;0.6;0.0;0;1;0;1
4;0.08333333333333333;0.001470009965519769;0.4275184275184275;1;0.30775105396577407;0.4;0.0;0;0;1;0
4;0.25;0.031155160166538538;0.23914823914823916;0;0.46616832514552603;0.6;0.0;0;1;0;1
3;0.25;0.12281217026215427;0.02375102375102375;0;0.5486985058128683;0.2;0.0;0;0;1;0
4;0.3333333333333333;0.3027031728619574;0.14004914004914004;1;0.300022559558686;0.2;0.0;0;1;0;1
3;0.5;0.24938537383427506;0.36036036036036034;0;0.5240837477894515;0.6;0.0;0;1;0;1
3;0.3333333333333333;0.19241621565943623;0.17117117117117117;1;0.49096422204682116;0.4;0.0;0;1;0;0
4;0.25;0.3336234649894168;0.34561834561834565;1;0.3674151284003017;0.4;0.0;0;0;1;0
3;0.08333333333333333;0.03646952962995977;0.180999180999181;0;0.17019336471701235;0.4;1.0;0;1;0;0
4;0.3333333333333333;0.0013185367557400451;0.2285012285012285;0;0.13886948037195324;0.4;1.0;0;0;1;0
2;0.3333333333333333;0.04861389297671971;0.4963144963144963;0;0.3731894313274747;0.4;0.0;0;1;0;0
3;0.25;0.09566586915506695;0.3972153972153972;1;0.4316046902757359;0.2;0.0;0;0;1;1
3;0.4166666666666667;0.04226532126720208;0.35544635544635544;1;0.385755659688974;0.4;0.0;0;1;0;1
4;0.25;0.004960911666952034;0.5004095004095004;0;0.2337371182493801;0.4;0.0;0;1;0;0
4;0.16666666666666666;0.07866604384318779;0.4357084357084357;1;0.627637820236626;0.0;0.0;0;1;0;0
4;0.08333333333333333;0.024716818332251294;0.5937755937755937;0;0.14980648506970767;0.2;0.0;0;1;0;0
2;0.4166666666666667;0.14462005583971002;0.28173628173628174;1;0.4567238349850315;0.4;0.0;0;1;0;0
2;0.5;0.010326572125149371;0.28665028665028663;1;0.1891512042497788;0.6;0.0;0;1;0;1
2;0.08333333333333333;0.3529910962245619;0.14332514332514332;1;0.4250515189801013;0.2;0.0;0;1;0;0
4;0.16666666666666666;0.23281033976119697;0.28665028665028663;1;0.13573021504820607;0.4;0.0;0;1;0;0
4;0.3333333333333333;0.23028901645428798;0.5143325143325144;1;0.3164260037321134;0.0;1.0;0;1;0;0
0;0.3333333333333333;0.17352161282772532;0.5692055692055692;1;0.4106876083690546;0.2;0.0;0;1;0;0
3;0.08333333333333333;0.11164288902337438;0.5143325143325144;0;0.310989089657716;0.2;0.0;0;1;0;0
4;0.16666666666666666;0.006040072686835739;0.06306306306306306;0;0.10417759310865272;0.8;0.0;1;0;0;1
2;0.3333333333333333;0.1207634463363265;0.533988533988534;0;0.6286819292707674;0.8;1.0;0;0;1;1
4;0.3333333333333333;0.1528204726029606;0.055692055692055695;1;0.23865120605190532;0.2;0.0;0;1;0;1
4;0.5;0.015530685482618687;0.5036855036855037;1;0.47403410280454983;0.0;0.0;1;0;0;1
3;0.3333333333333333;0.10635514966211383;0.2964782964782965;0;0.08286991187720141;0.2;0.0;0;1;0;0
4;0.4166666666666667;0.07244903063241445;0.47174447174447176;0;0.29022048364749853;0.4;1.0;0;1;0;0
4;0.0;0.0710854160966979;0.13841113841113842;1;0.22392181899773114;0.4;0.0;0;1;0;0
3;0.08333333333333333;0.02468427202901826;0.5487305487305487;0;0.6142584097801308;0.2;0.0;0;0;1;0
3;0.4166666666666667;0.14957555577383383;0.11711711711711711;1;0.04480661248767186;0.4;0.0;0;1;0;0
4;0.08333333333333333;0.2883276263578793;0.24733824733824733;1;0.1994618532080722;0.6;0.0;0;0;1;1
4;0.3333333333333333;0.17242168700802202;0.19328419328419327;1;0.11327313174754987;0.2;0.0;0;0;1;0
4;0.25;0.05116911023649687;0.06961506961506962;0;0.5504555912292154;0.2;0.0;0;1;0;0
4;0.6666666666666666;0.4612792742970654;0.37182637182637185;1;0.3858471432219578;0.6;0.0;0;1;0;1
4;0.3333333333333333;0.050315027240301;0.6527436527436528;0;0.3656459695060312;0.2;0.0;0;1;0;0
4;0.25;0.029652918367862886;0.7936117936117936;1;0.4301759470339526;0.0;0.0;0;1;0;0
3;0.16666666666666666;0.38320939954302774;0.3726453726453726;0;0.8099914030465104;0.8;1.0;0;1;0;1
4;0.16666666666666666;0.17348237671924313;0.5397215397215397;0;0.396084484122757;0.4;0.0;0;1;0;0
3;0.3333333333333333;0.15930016412106568;0.39475839475839475;1;0.1782805376900398;0.0;0.0;0;1;0;1
4;0.5833333333333334;0.00889795054945354;0.4381654381654382;1;0.30277102996808264;0.2;0.0;0;1;0;1
4;0.3333333333333333;0.023655145888279612;0.30057330057330056;0;0.20272100267989066;0.4;1.0;0;1;0;0
2;0.3333333333333333;0.002010218230547618;0.389025389025389;1;0.7260682809088796;0.6;0.0;0;1;0;1
0;0.25;0.16672144812889306;0.44471744471744473;1;0.2642302842948754;0.2;0.0;0;1;0;0
4;0.4166666666666667;0.036211024987416365;0.2620802620802621;0;0.23488705882071115;0.4;0.0;0;1;0;0
4;0.3333333333333333;0.01571055107177832;0.343980343980344;0;0.20360409698166324;0.0;0.0;0;1;0;0
3;0.0;0.022268478292834612;0.34725634725634724;0;0.29233284294895856;0.6;1.0;0;0;1;1
4;0.25;0.11395725650909146;0.49221949221949224;1;0.2919289437207819;0.4;0.0;0;1;0;0
3;0.08333333333333333;0.06307303244505756;0.18181818181818182;1;0.6662675605923175;0.6;0.0;0;1;0;1
4;0.3333333333333333;0.31559126434123835;0.34807534807534807;0;0.22225356461220974;0.2;0.0;0;0;1;0
4;0.08333333333333333;0.050616657399008266;0.6699426699426699;1;0.08012924953067804;0.6;0.0;0;1;0;1
1;0.3333333333333333;0.19965648232741243;0.5470925470925471;1;0.08012672703582138;0.4;0.0;0;0;1;1
3;0.5;0.08790761662871088;0.5773955773955773;1;0.17289561814223928;0.0;0.0;0;1;0;1
4;0.08333333333333333;0.1358945060397384;0.36036036036036034;1;0.600377606790664;0.2;0.0;0;0;1;0
3;0.25;0.020483460143532358;0.4095004095004095;0;0.5794548533964329;0.4;0.0;0;0;1;1
4;0.08333333333333333;0.15372866816124564;0.5208845208845209;0;0.05958913635845998;0.2;0.0;0;1;0;0
4;0.4166666666666667;0.009894191132938912;0.6126126126126126;1;0.5138218950725081;0.4;0.0;0;1;0;0
3;0.08333333333333333;0.13064807006390813;0.036855036855036855;1;0.44899564470381437;0.2;0.0;0;0;1;0
4;0.3333333333333333;0.0696345876834648;0.14086814086814087;1;0.4801189313969705;0.4;0.0;0;0;1;0
4;0.3333333333333333;0.028799039772765402;0.5708435708435708;0;0.3495670241099279;0.2;0.0;0;0;1;1
4;0.16666666666666666;0.07277396670063596;0.31122031122031124;0;0.4261839996163242;0.2;0.0;0;1;0;0
4;0.16666666666666666;0.2153116296706741;0.24651924651924653;1;0.7352535081061982;0.6;0.0;0;0;1;1
4;0.08333333333333333;0.018632977325032725;0.15151515151515152;1;0.3576599528045067;0.2;1.0;0;1;0;0
3;0.25;0.02061277957377983;0.26535626535626533;1;0.4609944329964216;0.4;0.0;0;1;0;0
4;0.3333333333333333;0.08489014429144356;0.12694512694512694;1;0.1696336762092076;0.2;0.0;0;1;0;0
3;0.0;0.1091402491535444;0.6994266994266994;0;0.24190542041402566;0.4;0.0;0;1;0;0
3;0.3333333333333333;0.060579118938330845;0.35298935298935297;0;0.4229515647130978;0.0;0.0;0;1;0;1
4;0.0;0.034398987818566554;0.34725634725634724;1;0.4659884131230489;0.4;0.0;0;1;0;0
2;0.5833333333333334;0.007669764084801126;0.45290745290745293;0;0.3491781652597485;0.4;1.0;0;1;0;1
0;0.25;0.0056134982429403655;0.5143325143325144;1;0.18739079784269563;0.2;0.0;0;1;0;0
4;0.16666666666666666;0.004567705032407452;0.5118755118755118;0;0.7034940873084833;0.4;0.0;0;0;1;1
2;0.25;0.25756975240432045;0.5323505323505323;1;0.20841188594102514;0.4;0.0;0;1;0;0
4;0.16666666666666666;0.015599481074176646;0.25307125307125306;0;0.3789668439972782;0.2;0.0;0;1;0;0
3;0.25;0.03884426668158389;0.30794430794430794;0;0.22696038442894634;0.2;0.0;0;1;0;0
2;0.5;0.4740442165345037;0.4823914823914824;0;0.7375834697726985;0.4;0.0;0;1;0;1
3;0.16666666666666666;0.2918759111758118;0.2702702702702703;1;0.014535895943213636;0.6;1.0;0;1;0;1
4;0.4166666666666667;0.004804812706035567;0.35544635544635544;1;0.08612932535548154;0.2;0.0;0;1;0;0
1;0.16666666666666666;0.0890911402453644;0.4217854217854218;1;0.23897933704096957;0.0;0.0;0;1;0;0
2;0.16666666666666666;0.11161531967255345;0.4856674856674857;1;0.727944603605381;0.2;1.0;1;0;0;1
4;0.08333333333333333;0.006120632313627377;0.06552006552006552;1;0.2590236551240388;0.6;0.0;0;1;0;1
4;0.08333333333333333;0.14484690183251284;0.47338247338247336;1;0.36899051240838143;0.4;0.0;0;1;0;0
4;0.25;0.4908499224784022;0.3185913185913186;0;0.6827825754796747;0.6;1.0;0;1;0;1
4;0.4166666666666667;0.062354875945131845;0.4725634725634726;0;0.36816430487364843;0.0;0.0;0;1;0;0
4;0.16666666666666666;0.0663324053777447;0.48402948402948404;0;0.3017672870073306;0.2;1.0;0;1;0;0
4;0.25;0.11975318072284694;0.61998361998362;1;0.18494691926157605;0.2;0.0;0;1;0;1
4;0.25;0.14834564828334476;0.5782145782145782;1;0.1930957441963079;0.2;0.0;0;1;0;0
4;0.08333333333333333;0.17345898004196142;0.5773955773955773;0;0.5685902344489747;0.2;0.0;0;1;0;0
4;0.4166666666666667;0.008915789486107589;0.592956592956593;1;0.5050544382193218;0.2;0.0;0;1;0;1
4;0.3333333333333333;0.17939220798666822;0.4045864045864046;1;0.04188269525701482;0.4;0.0;0;1;0;0
2;0.08333333333333333;0.2219804413037763;0.361998361998362;1;0.8547156559935537;0.2;0.0;0;0;1;1
2;0.25;0.0050801227492473;0.4995904995904996;0;0.3084319366902802;0.4;0.0;0;1;0;1
4;0.4166666666666667;0.004372400083323442;0.47665847665847666;0;0.1160144961781002;0.2;0.0;0;1;0;0
4;0.3333333333333333;0.08899866524733102;0.3063063063063063;0;0.3391719777115174;0.8;0.0;0;1;0;1
4;0.4166666666666667;0.07634670342410294;0.4226044226044226;0;0.37839100477576515;0.4;0.0;1;0;0;1
4;0.6666666666666666;0.4357500283670677;0.35053235053235055;0;0.37938705396023525;0.2;0.0;0;0;1;1
4;0.3333333333333333;0.03873036115167572;0.21703521703521703;1;0.6363989993720714;0.4;0.0;0;1;0;0
2;0.16666666666666666;0.0991904709620903;0.5683865683865684;0;0.16283125216567873;0.2;0.0;0;0;1;0
4;0.16666666666666666;0.07855011253324619;0.36609336609336607;0;0.5347652120040448;1.0;0.0;0;1;0;1
3;0.4166666666666667;0.08530544136012484;0.6920556920556921;1;0.08710475738685121;0.2;0.0;1;0;0;0
4;0.4166666666666667;0.1198582188452914;0.09009009009009009;0;0.19019762148056993;0.4;0.0;0;1;0;0
4;0.25;0.08575250983467489;0.26535626535626533;0;0.4903925965923933;0.4;0.0;0;1;0;0
4;0.3333333333333333;0.0007058551856319842;0.361998361998362;1;0.7858456569605691;0.2;0.0;0;1;0;1
4;0.5;0.20644746035727707;0.542997542997543;0;0.12234801184015873;0.2;0.0;0;1;0;1
4;0.16666666666666666;0.024919717445363112;0.4217854217854218;1;0.3506533116397581;0.2;0.0;0;1;0;0
2;0.3333333333333333;0.02917878318684786;0.40786240786240785;0;0.048421123884690456;0.2;0.0;0;1;0;0
2;0.3333333333333333;0.11609873380119633;0.171990171990172;1;0.08260464568701165;0.2;0.0;0;1;0;0
4;0.08333333333333333;0.07221104619926413;0.16707616707616707;0;0.10751919515826144;0.6;0.0;0;1;0;1
4;0.16666666666666666;0.09500206231559905;0.4095004095004095;0;0.5819617285734484;0.2;0.0;0;1;0;0
4;0.08333333333333333;0.07649989784119221;0.1334971334971335;1;0.3517989599910381;0.2;0.0;0;0;1;0
3;0.4166666666666667;0.06013150805389188;0.26945126945126946;1;0.23120723815527736;0.4;0.0;0;0;1;0
4;0.25;0.07340000180423915;0.438984438984439;0;0.15319095948414543;0.4;0.0;1;0;0;0
4;1.0;0.016852635594980927;0.19574119574119575;0;0.45202878370702715;0.0;0.0;0;0;1;1
4;0.0;0.3875502825659613;0.61998361998362;1;0.3561493327043861;0.0;0.0;0;1;0;0
4;0.16666666666666666;0.0950731579494309;0.556920556920557;1;0.4842004814364937;0.2;0.0;0;1;0;0
4;0.3333333333333333;0.037540725294464;0.0990990990990991;0;0.4965254850978965;0.4;1.0;0;1;0;0
4;0.3333333333333333;0.13876053908014277;0.20393120393120392;0;0.20725965996128184;0.4;0.0;0;1;0;0
2;0.25;0.23594492671750822;0.0;1;0.592506476399026;0.4;0.0;0;1;0;1
4;0.25;0.03905665492369074;0.2285012285012285;0;0.08884673759929357;0.2;0.0;0;0;1;0
2;0.5;0.04358276923666741;0.4823914823914824;0;0.4513211294150215;0.4;0.0;0;1;0;1
4;0.25;0.06415731787798114;0.2891072891072891;1;0.514314766070974;0.4;0.0;0;0;1;0
4;0.25;0.027190141177816384;0.43243243243243246;1;0.24990888072225262;0.0;0.0;0;1;0;0
4;0.08333333333333333;0.18459169862787692;0.10728910728910729;1;0.5661194530345014;0.4;0.0;0;0;1;0
3;0.3333333333333333;0.09756694894709857;0.4873054873054873;1;0.2561696543389865;0.4;0.0;0;1;0;1
1;0.5;0.006465876484876587;0.26535626535626533;1;0.3332195588247245;0.4;0.0;0;1;0;1
3;0.08333333333333333;0.6358308258538679;0.35872235872235875;1;0.2718922173858747;0.6;0.0;1;0;0;1
3;0.08333333333333333;0.09513066874533266;0.3415233415233415;0;0.5262864345719814;0.0;1.0;0;1;0;0
4;0.0;0.2454636245828747;0.14823914823914824;0;0.12869222225815502;0.4;0.0;0;1;0;0
4;0.5833333333333334;0.07741576544379707;0.1678951678951679;1;0.3976258151446466;0.2;0.0;0;1;0;1
2;0.08333333333333333;0.09710574293406374;0.5151515151515151;1;0.26503050109245047;0.4;1.0;0;1;0;0
2;0.16666666666666666;0.06735924101294706;0.4217854217854218;0;0.5607836821181623;0.0;1.0;0;1;0;0
4;0.08333333333333333;0.06107167215739299;0.5290745290745291;0;0.36617604483891475;0.0;0.0;0;1;0;0
4;0.4166666666666667;0.027334476716584184;0.4095004095004095;1;0.4820609859414364;0.0;0.0;0;1;0;0
4;0.4166666666666667;0.36415781021247945;0.38001638001638;1;0.4565881309554599;0.2;0.0;0;1;0;0
4;0.25;0.022252164265206553;0.07371007371007371;0;0.4773685682874671;0.0;0.0;0;1;0;0
3;0.25;0.08309178585509508;0.31203931203931207;1;0.5396430063319976;0.2;0.0;0;0;1;1
3;0.3333333333333333;0.010069745219943915;0.3521703521703522;0;0.19589435268716748;0.2;0.0;0;0;1;0
4;0.08333333333333333;0.5581799633200376;0.6764946764946765;1;0.39990280302693515;0.2;0.0;0;1;0;1
4;0.6666666666666666;0.09019074154999336;0.4692874692874693;1;0.2155905401831746;0.0;0.0;0;1;0;1
4;0.16666666666666666;0.18743248177865163;0.6085176085176085;0;0.3895412269344036;0.4;0.0;0;1;0;0
4;0.16666666666666666;0.0920218848255701;0.45454545454545453;1;0.5148304565226537;0.2;0.0;0;0;1;0
4;0.16666666666666666;0.18181690397977812;0.23996723996723995;0;0.1026994742555416;0.6;0.0;0;0;1;1
4;0.08333333333333333;0.08498872359288258;0.3759213759213759;1;0.1603285906955074;0.4;0.0;0;0;1;0
4;0.0;0.0654380860734299;0.3955773955773956;0;0.35777809476181704;0.4;0.0;0;1;0;0
2;0.5833333333333334;0.06765140448805441;0.2031122031122031;1;0.27921902026838163;0.0;0.0;0;1;0;1
4;0.08333333333333333;0.00019152334228548365;0.294021294021294;1;0.07184615816279318;0.6;0.0;0;1;0;1
4;0.3333333333333333;0.05145563700912811;0.3226863226863227;1;0.20097702767968345;0.8;1.0;0;1;0;1
4;0.0;0.3376700896231387;0.61998361998362;0;0.17241739370532969;0.0;0.0;0;1;0;0
4;0.25;0.12518480569832127;0.015561015561015561;0;0.11014573477444142;0.6;0.0;0;1;0;1
3;0.16666666666666666;0.28001835171044837;0.5544635544635544;1;0.03487697714613695;0.2;0.0;0;0;1;0
4;0.16666666666666666;0.024795566983870414;0.2031122031122031;1;0.3436809618260333;0.2;0.0;0;1;0;0
4;0.3333333333333333;0.07510511950052652;0.13185913185913187;1;0.39873272752831795;0.4;0.0;0;0;1;0
2;0.3333333333333333;0.0038348794126085964;0.5495495495495496;0;0.08410531835522313;0.2;0.0;0;1;0;0
2;0.4166666666666667;0.12569194601929815;0.47665847665847666;0;0.46478185036990194;0.0;0.0;0;0;1;0
4;0.16666666666666666;0.1704534247468814;0.5618345618345618;1;0.42944640176047016;0.4;1.0;1;0;0;0
4;0.0;0.15320545355195062;0.4881244881244881;1;0.10669106605845226;0.4;1.0;0;0;1;0
4;0.08333333333333333;0.0100299145466451;0.6936936936936937;0;0.5518772740625939;0.4;0.0;0;0;1;0
2;0.08333333333333333;0.031573884851348655;0.447993447993448;1;0.3182795387680435;0.4;1.0;0;0;1;0
3;0.08333333333333333;0.11860950072863886;0.3308763308763309;0;0.3781122047332814;0.4;0.0;0;1;0;0
4;0.3333333333333333;0.15825510351000402;0.41277641277641275;1;0.07917215642376903;0.0;0.0;0;1;0;0
2;0.5;0.03559111081950567;0.5601965601965602;1;0.45510380008951157;0.4;0.0;0;1;0;1
4;0.08333333333333333;0.0579320885717563;0.22932022932022933;1;0.17194965558425074;0.2;0.0;0;0;1;0
4;0.3333333333333333;0.04807945537831039;0.2497952497952498;1;0.3972195300338379;0.4;0.0;1;0;0;0
4;0.25;0.000439547538751465;0.3063063063063063;1;0.6914926055828113;0.6;1.0;0;1;0;1
1;0.3333333333333333;0.09553497470053854;0.012285012285012284;1;0.3696514399109414;0.4;0.0;0;1;0;1
4;0.5;0.12298962046206385;0.37919737919737917;0;0.09208609463104421;0.4;0.0;0;1;0;1
0;0.25;0.03593276401270716;0.0475020475020475;0;0.2487800510599865;0.0;1.0;1;0;0;0
2;0.25;0.12945247777109076;0.3652743652743653;1;0.04686563466890821;0.2;1.0;0;1;0;0
4;0.25;0.030869474667980103;0.4987714987714988;1;0.07792095041979391;0.2;0.0;0;1;0;0
4;0.3333333333333333;0.13980781018521393;0.2784602784602785;0;0.2204292627642705;0.6;1.0;0;1;0;1
3;0.4166666666666667;0.06791380581246571;0.6314496314496314;1;0.3211998035092035;0.4;0.0;0;1;0;0
4;0.0;0.22860888179695804;0.11711711711711711;0;0.6189219938327494;0.2;0.0;0;1;0;0
4;0.75;0.08748385390306457;0.552006552006552;0;0.2656933638941587;0.4;0.0;0;1;0;1
1;0.25;0.02264471806414405;0.46764946764946763;0;0.8271251783252803;0.2;0.0;0;0;1;1
4;0.08333333333333333;0.19198174643207733;0.07534807534807535;1;0.34335029132601513;0.0;0.0;0;1;0;1
4;0.16666666666666666;0.1672354138798556;0.800982800982801;1;0.2134963143159779;0.4;0.0;0;1;0;0
4;0.16666666666666666;0.009720652165135476;0.3464373464373464;0;0.3198219955121412;0.2;0.0;0;0;1;1
4;0.4166666666666667;0.005408480456700448;0.21294021294021295;1;0.4380372583087491;0.2;0.0;1;0;0;0
4;0.25;0.016233280404604;0.12612612612612611;1;0.3429340026393984;0.2;0.0;1;0;0;0
0;0.08333333333333333;0.20759586690857348;0.3202293202293202;1;0.28207513294749437;0.2;0.0;0;1;0;0
4;0.25;0.04290470117370231;0.3357903357903358;1;0.04554977866238895;0.8;0.0;1;0;0;1
1;0.25;0.07811749777727642;0.37346437346437344;1;0.10447138383483712;0.0;0.0;0;1;0;1
2;0.16666666666666666;0.1027119003503568;0.30794430794430794;1;0.48280094670978696;0.8;0.0;0;0;1;1
4;0.4166666666666667;0.1513156733410286;0.46027846027846026;1;0.285318567245586;0.4;0.0;0;1;0;0
4;0.08333333333333333;0.19706209400230582;0.2932022932022932;0;0.36265262717902047;0.2;0.0;0;1;0;0
4;0.08333333333333333;0.08064293858929003;0.04013104013104013;1;0.4681642135213044;0.0;0.0;0;1;0;0
4;0.16666666666666666;0.059730270032992666;0.3325143325143325;1;0.19480297753793008;0.2;0.0;0;1;0;0
3;0.25;0.024196035239041895;0.0;1;0.3937861891228502;0.2;0.0;0;0;1;0
3;0.08333333333333333;0.10399550671427896;0.4144144144144144;0;0.3809942863815859;0.2;0.0;0;1;0;0
4;0.16666666666666666;0.08874787086927964;0.19656019656019655;0;0.40646242740976757;0.6;0.0;0;1;0;1
4;0.0;0.03822042808037512;0.3832923832923833;1;0.3871945395920635;0.2;0.0;0;1;0;0
4;0.0;0.06568476240284023;0.5716625716625716;1;0.27859173118367814;0.0;0.0;0;1;0;0
2;0.16666666666666666;0.149666481584772;0.20147420147420148;1;0.4377827132670373;0.6;0.0;1;0;0;1
4;0.08333333333333333;0.10968358509121842;0.5307125307125307;0;0.6065674838089474;0.4;0.0;0;0;1;0
3;0.5;0.07306420059470192;0.2858312858312858;0;0.1918726003373657;0.0;0.0;1;0;0;1
2;0.25;0.03530111418512895;0.6437346437346437;1;0.11479048423784079;0.0;0.0;0;1;0;1
4;0.16666666666666666;0.1226175065376861;0.2964782964782965;1;0.08106775613729872;0.8;0.0;0;1;0;1
3;0.3333333333333333;0.1098561618489484;0.21867321867321868;1;0.5231640573655616;0.6;0.0;0;1;0;1
3;0.25;0.06812845226775249;0.4692874692874693;0;0.32428188943909136;0.6;0.0;0;1;0;1
4;0.0;0.030250432521603827;0.28501228501228504;0;0.1924055327235647;0.0;0.0;0;1;0;0
2;0.4166666666666667;0.021318506858835528;0.21867321867321868;1;0.3234811697837856;0.0;0.0;0;0;1;0
3;0.16666666666666666;0.04606255436992682;0.2784602784602785;1;0.3083526200991651;0.8;1.0;0;1;0;1
3;0.25;0.26627851863692864;0.3497133497133497;1;0.2526093271402633;0.8;0.0;0;1;0;1
3;0.3333333333333333;0.1559230977689478;0.5765765765765766;1;0.49258939727660833;0.2;0.0;0;1;0;0
4;0.08333333333333333;0.24661542645873727;0.04013104013104013;0;0.6342628251300457;0.4;0.0;0;1;0;0
0;0.3333333333333333;0.20565910467763987;0.36036036036036034;0;0.12082845695058782;0.4;0.0;0;0;1;0
4;0.3333333333333333;0.06826182487231802;0.45864045864045866;1;0.55756196808769;0.8;0.0;0;1;0;1
2;0.25;0.0840445971240092;0.3882063882063882;1;0.34218878278637177;0.4;0.0;0;1;0;0
3;0.25;0.02060737336385423;0.5708435708435708;1;0.2521253280544694;0.2;0.0;0;1;0;0
4;0.25;0.14191704981607878;0.3447993447993448;1;0.5620317544255491;0.4;0.0;0;0;1;0
0;0.4166666666666667;0.060915280965508314;0.32678132678132676;1;0.07968258780980218;0.2;0.0;0;0;1;1
4;0.08333333333333333;0.019498514798474396;0.4537264537264537;0;0.07893158005802438;0.2;0.0;0;1;0;0
3;0.5833333333333334;0.011080828863683494;0.3726453726453726;1;0.20299150301402352;0.2;0.0;0;1;0;1
3;0.25;0.13246887093187604;0.29238329238329236;1;0.37084386078588905;0.6;0.0;0;1;0;1
3;0.4166666666666667;0.07316348385814431;0.44144144144144143;0;0.47475308895847496;0.2;0.0;0;1;0;0
3;0.0;0.0009358799723334459;0.2497952497952498;0;0.12072603788655392;0.4;0.0;1;0;0;0
4;0.25;0.19355841120987036;0.25634725634725636;0;0.16207360862214612;0.8;0.0;1;0;0;1
3;0.0;0.10743358077182028;0.2702702702702703;0;0.36438963280366377;0.2;1.0;0;0;1;0
3;0.08333333333333333;0.004284590024766938;0.5782145782145782;1;0.3691577879723627;0.4;0.0;0;1;0;1
2;0.5833333333333334;0.04036389384404405;0.0;1;0.20490046279336646;0.0;0.0;1;0;0;1
3;0.25;0.1425300379244123;0.4217854217854218;1;0.30982247960586545;0.6;0.0;0;1;0;1
4;0.5;0.006700377923241816;0.361998361998362;1;0.46768572096269045;0.4;0.0;0;0;1;1
3;0.5;0.14822345117901467;0.08108108108108109;1;0.08395504585851962;0.2;1.0;0;1;0;1
3;0.5;0.07814980961762392;0.407043407043407;1;0.31096648826082585;0.0;0.0;0;1;0;1
1;0.25;0.1698580137621052;0.4348894348894349;0;0.24575074863565644;0.0;0.0;0;1;0;1
4;0.25;0.2149720044964976;0.45290745290745293;1;0.2605700194652628;0.6;0.0;0;1;0;1
4;0.3333333333333333;0.16237821059119137;0.0;1;0.339090795092098;0.2;0.0;0;1;0;0
2;0.25;0.008975523888993487;0.5806715806715806;0;0.47522381495656607;0.4;1.0;0;0;1;0
3;0.08333333333333333;0.06856882038072666;0.23587223587223588;0;0.15262786827383135;0.2;0.0;0;1;0;0
4;0.5833333333333334;0.042635386703578346;0.4692874692874693;1;0.48411199298722;0.6;1.0;0;1;0;1
3;0.25;0.0789611737925362;0.4782964782964783;1;0.08492810229135334;0.2;1.0;0;1;0;0
4;0.16666666666666666;0.3755228785623239;0.21294021294021295;1;0.5790590529134102;0.6;0.0;0;1;0;1
4;0.5;0.01471138341025527;0.4651924651924652;0;0.4264376434745912;0.2;0.0;1;0;0;1
4;0.5;0.22323530946249137;0.2932022932022932;0;0.37241139014429325;0.0;0.0;0;1;0;1
3;0.3333333333333333;0.5222574895809112;0.0171990171990172;1;0.11135622637842216;0.2;0.0;0;1;0;0
4;0.0;0.5125801970544712;0.547911547911548;1;0.6700936187970453;0.4;0.0;0;0;1;1
3;0.5;0.17718150053742943;0.22932022932022933;1;0.09715896211073631;0.6;0.0;0;0;1;1
3;0.16666666666666666;0.06964767833786319;0.21703521703521703;0;0.18570230342856842;0.2;0.0;0;1;0;0
2;0.25;0.021740591747144884;0.29074529074529076;1;0.5688886787863529;0.0;0.0;0;0;1;0
4;0.08333333333333333;0.10419206517361962;0.4013104013104013;1;0.5102831593726352;0.2;1.0;0;1;0;0
4;0.16666666666666666;0.10480708682579853;0.34725634725634724;0;0.7650199323547707;0.6;0.0;0;0;1;1
4;0.25;0.042260199206653956;0.44635544635544633;0;0.5259507908096764;0.2;0.0;0;1;0;0
4;0.3333333333333333;0.1066643207200359;0.1375921375921376;1;0.4699680886522606;0.2;0.0;1;0;0;0
3;0.5;0.013718413093475258;0.23505323505323505;1;0.23822334570544848;0.4;0.0;0;1;0;1
0;0.16666666666666666;0.11177023699596901;0.33742833742833744;1;0.3566340347292123;0.2;0.0;0;1;0;0
0;0.25;0.2525444931788617;0.6674856674856675;1;0.38300421961887154;0.4;0.0;0;1;0;0
4;0.08333333333333333;0.07100609405704351;0.33824733824733827;1;0.49754152477708913;0.0;0.0;0;1;0;0
4;0.08333333333333333;0.1608576898677054;0.5348075348075348;1;0.3470854399289345;0.2;0.0;0;0;1;1
2;0.25;0.11226754587425394;0.3628173628173628;1;0.4436123608207385;0.0;1.0;0;1;0;1
3;0.25;0.0002719183842383625;0.27764127764127766;1;0.45221736581855904;0.4;0.0;0;1;0;0
4;0.16666666666666666;0.014407102298443409;0.31613431613431614;1;0.2568320609004915;0.4;1.0;0;1;0;0
4;0.25;0.16582151406808976;0.32923832923832924;0;0.1417591383590183;0.0;0.0;0;1;0;0
4;0.5;0.004525119868624767;0.45536445536445536;1;0.2538418055765232;0.0;0.0;1;0;0;1
4;0.3333333333333333;0.3481092649290828;0.5814905814905815;1;0.1723691450965194;0.2;0.0;0;1;0;0
2;0.25;0.24972946845167765;0.4152334152334152;0;0.30234792092540813;0.4;0.0;0;1;0;0
2;0.25;0.05000128944348202;0.5511875511875511;0;0.261249343570272;0.2;0.0;0;0;1;0
4;0.16666666666666666;0.04127963536475878;0.19901719901719903;1;0.1964066611675592;0.4;0.0;0;0;1;0
4;0.25;0.10554031263120746;0.2891072891072891;1;0.30226395242402193;0.2;0.0;0;1;0;1
4;0.08333333333333333;0.1052133272397144;0.23832923832923833;1;0.18277829493998324;0.4;0.0;0;1;0;0
0;0.08333333333333333;0.010306003568941022;0.40786240786240785;0;0.3789366876576861;0.2;0.0;0;0;1;0
4;0.16666666666666666;0.026919790819920755;0.29811629811629814;1;0.29483321625939757;0.2;0.0;0;0;1;0
4;0.08333333333333333;0.11252008046909172;0.47583947583947583;1;0.485295477979772;0.4;0.0;0;0;1;0
2;0.5;0.17943778382470385;0.20393120393120392;0;0.47290220164907365;0.4;1.0;1;0;0;1
3;0.4166666666666667;0.023652238900063422;0.36363636363636365;1;0.24282571616074058;0.2;0.0;0;0;1;0
4;0.25;0.13461223781410722;0.4692874692874693;1;0.2700292966297907;0.2;0.0;0;0;1;0
4;0.3333333333333333;0.2273478670993199;0.018018018018018018;0;0.5044419170497686;0.6;0.0;1;0;0;1
2;0.3333333333333333;0.01387696140581804;0.7043407043407044;0;0.8821659299177848;0.0;0.0;0;1;0;1
2;0.08333333333333333;0.06426729964648947;0.3104013104013104;0;0.531187421362109;0.2;0.0;0;1;0;0
3;0.25;0.2114307454407842;0.02457002457002457;1;0.17899865679818816;0.2;0.0;0;1;0;0
2;0.16666666666666666;0.051450677264742214;0.3824733824733825;0;0.09543122380393763;0.2;0.0;0;1;0;1
3;0.6666666666666666;0.03486479336117619;0.361998361998362;1;0.23579959662235833;0.6;0.0;0;0;1;1
1;0.08333333333333333;0.15224489030515476;0.34316134316134317;1;0.05672892214183704;0.0;0.0;0;0;1;0
1;0.16666666666666666;0.05691300841112238;0.5192465192465192;1;0.23964313228807435;0.6;0.0;0;0;1;1
2;0.5833333333333334;0.1362592245189265;0.47911547911547914;1;0.30973045954847167;0.2;0.0;1;0;0;1
3;0.5;0.014965187437827657;0.40540540540540543;1;0.13855960042770318;0.0;0.0;0;1;0;1
4;0.4166666666666667;0.08964977732580119;0.4307944307944308;0;0.23056545321249644;0.2;0.0;0;0;1;1
2;0.4166666666666667;0.05302350082033494;0.33988533988533987;1;0.11020029974318349;0.2;1.0;0;1;0;0
3;0.0;0.6582302099318059;0.6478296478296478;1;0.6948596303967994;0.2;1.0;0;1;0;1
2;0.25;0.09951443731016812;0.11466011466011466;1;0.49824896198811547;0.2;0.0;0;1;0;1
1;0.08333333333333333;0.12746771269385523;0.37919737919737917;1;0.6989639628807902;0.2;0.0;0;0;1;1
1;0.25;0.015558237708225418;0.3677313677313677;1;0.5789493975590542;0.4;0.0;0;1;0;1
4;0.25;0.5367366517578432;0.48976248976248976;0;0.22791636142713442;0.4;0.0;0;0;1;1
4;0.08333333333333333;0.005802342751595708;0.21867321867321868;1;0.42490451629904197;0.4;0.0;0;1;0;0
3;0.3333333333333333;0.008105350327481895;0.07125307125307126;1;0.3361829864421229;0.4;0.0;0;1;0;0
2;0.25;0.008693509872362152;0.3824733824733825;0;0.7144650760126796;0.4;0.0;0;1;0;1
3;0.0;0.22745563578549727;0.40294840294840295;1;0.396368567910193;0.8;0.0;0;1;0;1
4;0.08333333333333333;0.14503662651360094;0.6003276003276004;1;0.479025750488239;0.2;0.0;1;0;0;0
2;0.25;0.4020373463778936;0.14823914823914824;1;0.48760888010316816;0.0;0.0;0;1;0;0
4;0.08333333333333333;0.007594433640072554;0.5454545454545454;0;0.15304408539922765;0.4;1.0;1;0;0;0
4;0.08333333333333333;0.1308479081629872;0.7444717444717445;1;0.39168654615659404;0.2;0.0;1;0;0;1
4;0.4166666666666667;0.084716464776724;0.29484029484029484;1;0.4264613405634837;0.2;1.0;1;0;0;0
4;0.0;0.1133401855680493;0.14496314496314497;1;0.47382552559292956;0.6;0.0;0;1;0;1
4;0.08333333333333333;0.07996720192483167;0.28992628992628994;0;0.3220806183897819;0.2;1.0;1;0;0;0
3;0.3333333333333333;0.1251059891710116;0.35872235872235875;1;0.6471309154330707;0.0;0.0;0;1;0;0
4;0.25;0.2642783882581985;0.4488124488124488;1;0.3500138628347585;0.0;0.0;0;1;0;0
4;0.3333333333333333;0.09845274095248228;0.2596232596232596;0;0.3275684609952305;0.4;0.0;0;1;0;0
4;0.75;0.25221476324979936;0.6117936117936118;0;0.8657313571192993;0.4;1.0;0;0;1;1
3;0.0;0.16950240877021994;0.17444717444717445;1;0.1606100893845712;0.2;0.0;0;1;0;0
3;0.0;0.22267849241418566;0.07207207207207207;1;0.3974417850631683;0.2;0.0;0;1;0;0
4;0.4166666666666667;0.11972182300993768;0.538083538083538;1;0.016720540256057494;0.4;0.0;0;1;0;0
2;0.3333333333333333;0.08127451493492864;0.0;1;0.2121691240459355;0.0;0.0;0;1;0;0
2;0.3333333333333333;0.007951901113795588;0.3235053235053235;1;0.541966641090407;0.0;0.0;0;1;0;0
1;0.4166666666666667;0.20034724272254306;0.8673218673218673;1;0.5818906443448432;0.0;0.0;0;0;1;1
4;0.25;0.030761080036130085;0.3546273546273546;1;0.2503976505457762;0.0;0.0;0;1;0;0
3;0.3333333333333333;0.004086280691248133;0.17280917280917282;1;0.060995001433457874;0.2;0.0;0;0;1;0
4;0.3333333333333333;0.08138213830621556;0.34725634725634724;1;0.19151112857024138;0.2;0.0;0;1;0;0
4;0.25;0.11131733049294551;0.34807534807534807;0;0.4536983095757581;0.2;0.0;1;0;0;0
2;0.5833333333333334;0.12056767065874928;0.3832923832923833;0;0.33138590654955;0.4;0.0;0;1;0;1
3;0.08333333333333333;0.1231925841015671;0.4651924651924652;1;0.7312176888867309;0.2;0.0;0;1;0;1
4;0.25;0.11793105803873513;0.18673218673218672;1;0.5553748386640712;0.2;1.0;0;1;0;0
2;0.25;0.18366185184753842;0.633087633087633;0;0.8278964699806877;0.8;0.0;0;1;0;1
2;0.25;0.16314894948024056;0.3972153972153972;1;0.1896560393874458;0.0;0.0;0;0;1;0
0;0.08333333333333333;0.18638771801829804;0.47583947583947583;1;0.045318524662596144;0.4;0.0;0;1;0;0
4;0.08333333333333333;0.06854586214035652;0.2538902538902539;1;0.3144158904026811;0.6;0.0;0;0;1;1
4;0.25;0.007149322702175821;0.5675675675675675;1;0.5238859453792314;0.0;0.0;0;0;1;0
1;0.16666666666666666;0.11347595948591571;0.3144963144963145;1;0.24107466823151968;0.4;0.0;0;1;0;1
4;0.08333333333333333;0.026188899196579057;0.4021294021294021;1;0.39150755397856807;0.6;0.0;0;1;0;1
3;0.4166666666666667;0.21831495350075658;0.20393120393120392;0;0.2529175183184303;0.0;0.0;0;1;0;0
0;0.25;0.14223383638987844;0.19328419328419327;0;0.7936342820147938;0.4;0.0;0;1;0;1
4;0.16666666666666666;0.16147705374014376;0.4692874692874693;1;0.20851669506752307;0.4;0.0;0;1;0;0
4;0.25;0.037479151315395524;0.2841932841932842;1;0.26666849869736153;0.0;0.0;1;0;0;0
4;0.3333333333333333;0.11148048742860311;0.21703521703521703;1;0.4336307809966449;0.0;0.0;0;1;0;0
4;0.3333333333333333;0.08348710891401308;0.25143325143325146;1;0.22476402829052625;0.2;0.0;0;1;0;1
4;0.25;0.03471175900229711;0.47092547092547093;0;0.39315791854952553;0.4;0.0;0;1;0;0
1;0.16666666666666666;0.18602661963971465;0.2538902538902539;1;0.13470313042093596;0.2;0.0;0;1;0;1
4;0.25;0.0887679833000079;0.33742833742833744;1;0.21253311490674756;0.4;0.0;0;0;1;0
2;0.16666666666666666;0.023485154383875783;0.3595413595413595;1;0.4323853426282093;0.4;0.0;0;0;1;0
4;0.25;0.04045391079447027;0.042588042588042586;1;0.21238625029224867;0.0;0.0;0;0;1;0
4;0.25;0.028594615697229948;0.11547911547911548;1;0.2670798924884361;0.0;0.0;0;0;1;0
4;0.0;0.04160539588613521;0.411957411957412;1;0.20911995690657614;0.2;0.0;0;1;0;0
3;0.25;0.023125612417511817;0.23587223587223588;1;0.19825341124968435;0.2;0.0;0;1;0;0
4;0.16666666666666666;0.051541230963543565;0.5298935298935299;1;0.27582294730083773;0.4;1.0;0;1;0;0
3;0.4166666666666667;0.1316837742505054;0.5151515151515151;1;0.3256910983877498;0.4;1.0;0;0;1;0
3;0.5;0.3561542309233967;0.4742014742014742;0;0.22630827695202338;0.4;0.0;0;0;1;1
4;0.4166666666666667;0.02623417549553293;0.6543816543816544;0;0.39225931635750855;0.4;1.0;0;1;0;0
2;0.16666666666666666;0.039589640227800836;0.34316134316134317;1;0.5407586964361921;0.6;0.0;0;1;0;1
4;0.16666666666666666;0.00017033838291073174;0.46273546273546273;0;0.13084102203242998;0.4;0.0;0;1;0;0
2;0.08333333333333333;0.028335384113696876;0.26126126126126126;0;0.6316421654722693;0.4;0.0;1;0;0;0
4;0.16666666666666666;0.06024418690043042;0.7583947583947583;1;0.2212845267609532;0.4;1.0;0;1;0;0
1;0.4166666666666667;0.06885040553473494;0.6814086814086814;1;0.13574953897298556;0.4;0.0;0;0;1;1
4;0.5;0.03438972003374544;0.35872235872235875;1;0.27431199943067347;0.6;1.0;0;1;0;1
3;0.25;0.01805578830277164;0.4201474201474201;0;0.2835592969046982;0.0;0.0;0;1;0;0
4;0.3333333333333333;0.09205775119123034;0.579033579033579;1;0.2380852516487911;0.2;0.0;0;0;1;0
4;0.3333333333333333;0.058485935919228106;0.3325143325143325;1;0.2767702176871351;0.0;1.0;0;1;0;0
4;0.16666666666666666;0.06174937486827444;0.24897624897624898;0;0.3080836836114297;0.6;0.0;0;0;1;1
4;0.5833333333333334;0.2506835948081586;0.4995904995904996;1;0.6579815157506821;0.2;0.0;0;0;1;1
1;0.4166666666666667;0.09164424110994043;0.36936936936936937;1;0.4059648630535672;0.4;0.0;0;1;0;1
4;0.16666666666666666;0.0546269899120597;0.38656838656838655;1;0.4140369609811767;0.4;0.0;0;0;1;0
3;0.0;0.03250373680485888;0.2203112203112203;1;0.06406479328848998;0.0;0.0;0;1;0;0
4;0.08333333333333333;0.06220252052555823;0.07534807534807535;0;0.41676654626868836;0.0;1.0;0;1;0;0
4;0.25;0.22018953610979666;0.3955773955773956;1;0.03152348070937121;0.0;0.0;0;0;1;0
3;0.16666666666666666;0.3732623267840246;0.5045045045045045;0;0.38321222565512725;0.2;1.0;0;1;0;1
4;0.25;0.05262434802545986;0.3194103194103194;1;0.48180214956165834;0.6;0.0;0;1;0;1
1;0.5;0.026015381185084757;0.5921375921375921;0;0.12393574560848111;0.4;0.0;0;0;1;1
1;0.25;0.27358895319514187;0.2416052416052416;1;0.22150148886630258;0.2;0.0;0;1;0;1
4;0.3333333333333333;0.017287664260366067;0.18427518427518427;1;0.3640488990731244;0.2;1.0;0;0;1;0
4;0.5;0.03920187363017454;0.34561834561834565;0;0.747353991299346;0.4;0.0;0;0;1;1
3;0.16666666666666666;0.025337175549296317;0.34316134316134317;1;0.20245943129175017;0.6;0.0;0;1;0;1
4;0.25;0.09276279941190622;0.4823914823914824;1;0.6399554817844765;0.4;0.0;0;1;0;1
3;0.4166666666666667;0.05838276227382434;0.23013923013923013;0;0.0966904297579874;0.6;0.0;0;1;0;1
4;0.16666666666666666;0.03759524475430156;0.5806715806715806;0;0.29027675711702494;0.0;0.0;0;1;0;0
4;0.25;0.1624595288306667;0.678951678951679;0;0.24521730510057305;0.8;1.0;0;0;1;1
4;0.0;0.12132215530555229;0.35053235053235055;0;0.38410696817666984;0.2;1.0;0;0;1;0
3;0.25;0.6014672702568378;0.561015561015561;0;0.2191971510989635;0.2;0.0;0;1;0;0
2;0.16666666666666666;0.04153879262728624;0.18345618345618345;1;0.07112213408667668;0.4;1.0;0;1;0;0
4;0.16666666666666666;0.20757141711292662;0.5331695331695332;0;0.5109812956119051;0.4;0.0;1;0;0;1
1;0.25;0.040016006915462234;0.5282555282555282;1;0.3912993354448391;0.2;0.0;0;1;0;1
1;0.25;0.0009405919010258772;0.49795249795249796;1;0.5883120561283711;0.4;0.0;0;0;1;1
3;0.16666666666666666;0.018131074498622182;0.3538083538083538;0;0.6139452212391241;0.6;0.0;0;0;1;1
4;0.08333333333333333;0.07895621655958562;0.0;1;0.14665752305429533;0.4;1.0;0;1;0;0
2;0.0;0.1847210296480702;0.25143325143325146;1;0.22509495332021237;0.4;0.0;0;1;0;0
4;0.4166666666666667;0.00650931878304824;0.2538902538902539;1;0.28468745422438707;0.4;0.0;0;0;1;0
2;0.25;0.19841779565593645;0.19656019656019655;1;0.1591055884609269;0.0;0.0;0;1;0;0
2;0.16666666666666666;0.14002079429491346;0.37674037674037675;1;0.8141610002842639;0.4;0.0;0;1;0;1
3;0.16666666666666666;0.003839161008654322;0.2882882882882883;1;0.16290785580648037;0.0;1.0;0;0;1;0
4;0.16666666666666666;0.012434722537989693;0.22194922194922195;1;0.24810807602579327;0.6;1.0;0;0;1;1
3;0.25;0.008680832772127976;0.18345618345618345;1;0.44071612130543264;0.2;1.0;0;1;0;0
2;0.0;0.12636265515895054;0.23914823914823916;1;0.14042388969113215;0.2;1.0;0;1;0;0
3;0.5;0.091539428248574;0.5405405405405406;1;0.062367488798958655;0.4;1.0;0;1;0;1
3;0.08333333333333333;0.04938931087164069;0.24815724815724816;0;0.07141950879541895;0.2;0.0;0;1;0;0
2;0.5;0.010217898563484804;0.2727272727272727;1;0.568388290018617;0.2;0.0;0;1;0;1
4;0.5;0.05547465878593222;0.28173628173628174;0;0.12467084203209508;0.0;0.0;0;1;0;1
2;0.16666666666666666;0.12747042608172682;0.411957411957412;0;0.22201704966699512;0.4;0.0;0;1;0;0
4;0.3333333333333333;0.010842096592033989;0.43161343161343163;0;0.08658073164025766;0.0;0.0;0;1;0;0
4;0.25;0.21601296470902054;0.0;1;0.18652412464980916;0.4;0.0;0;1;0;1
3;0.08333333333333333;0.007159993247078323;0.5241605241605242;0;0.26207437092046404;0.0;0.0;0;1;0;0
4;0.4166666666666667;0.10418657969334819;0.5921375921375921;1;0.3269842794980065;0.0;0.0;0;1;0;0
2;0.25;0.02325980531239348;0.18427518427518427;1;0.7433071760605464;0.4;0.0;0;1;0;1
3;0.16666666666666666;0.010624820711412557;0.19737919737919737;0;0.39798817354646016;0.2;0.0;0;0;1;0
3;0.3333333333333333;0.04871681763612674;0.28255528255528256;0;0.16113438081742826;0.2;0.0;0;1;0;0
2;0.0;0.12225737885271544;0.2325962325962326;1;0.5167792473085523;0.2;0.0;0;1;0;0
1;0.3333333333333333;0.014287348141913075;0.3931203931203931;1;0.22780070166868072;0.4;0.0;0;0;1;1
4;0.25;0.07177422041564659;0.03767403767403767;0;0.2456791359741911;0.2;0.0;0;1;0;0
2;0.6666666666666666;0.057906993853338445;0.17362817362817362;1;0.3274661318146601;0.0;0.0;0;0;1;1
4;0.08333333333333333;0.061980080105046576;0.6085176085176085;1;0.36355006251498595;0.4;0.0;0;1;0;1
4;0.16666666666666666;0.3194948900006869;0.20475020475020475;0;0.5152014501728123;0.4;0.0;0;1;0;0
3;0.5833333333333334;0.04769657812584094;0.5601965601965602;1;0.5512497269589136;0.0;0.0;0;1;0;1
4;0.25;0.5321187887855079;0.4152334152334152;0;0.06829844779801103;0.2;0.0;0;1;0;0
4;0.4166666666666667;0.08594425690955398;0.06060606060606061;1;0.6864231634298047;0.4;0.0;0;1;0;1
3;0.25;0.2055756510874048;0.4610974610974611;1;0.10964204532743536;0.2;0.0;0;1;0;0
3;0.16666666666666666;0.047668282235853114;0.33742833742833744;0;0.1784339392299793;0.2;0.0;0;1;0;1
1;0.5833333333333334;0.009786967788097543;0.28173628173628174;1;0.38496306794835466;0.2;0.0;0;0;1;1
3;0.16666666666666666;0.009741973529715835;0.3963963963963964;1;0.6598429208292989;0.6;0.0;0;1;0;1
3;0.25;0.09491562994661813;0.43407043407043405;0;0.18490487301137842;0.2;0.0;0;1;0;0
4;0.25;0.29568542263896996;0.4725634725634726;0;0.12459093679045895;0.4;1.0;0;1;0;0
2;0.3333333333333333;0.008151361515607128;0.5495495495495496;1;0.5439039363208585;0.2;0.0;0;1;0;0
3;0.25;0.12992846829172316;0.42342342342342343;1;0.16900641060877472;0.2;0.0;0;0;1;0
4;0.5;0.09210394842217193;0.13104013104013104;0;0.17148118561751002;0.6;0.0;0;1;0;1
4;0.4166666666666667;0.11745914191686335;0.27927927927927926;0;0.3229062702077396;0.0;0.0;0;1;0;0
4;0.4166666666666667;0.02694181303611949;0.8386568386568387;1;0.1793547368775616;0.0;1.0;0;0;1;0
4;0.5;0.008066060269213252;0.475020475020475;0;0.36209451006727233;0.4;0.0;0;0;1;1
0;0.25;0.008572343095126759;0.7444717444717445;1;0.41730032180306503;0.0;0.0;0;1;0;0
3;0.5;0.031455227242792455;0.5855855855855856;1;0.18194169319883144;0.2;0.0;0;1;0;1
2;0.5;0.02667240452889308;0.3963963963963964;1;0.3489446296593938;0.2;0.0;0;1;0;1
3;0.3333333333333333;0.014960908632004916;0.4062244062244062;1;0.16404413866888515;0.2;1.0;0;1;0;0
4;0.0;0.034139986355095076;0.35053235053235055;1;0.5418953380020962;0.4;0.0;0;1;0;1
4;0.08333333333333333;0.08488452049700337;0.07207207207207207;0;0.2191265134140353;0.4;0.0;0;1;0;0
4;0.6666666666666666;0.33218082950935257;0.3595413595413595;1;0.37343918028850115;0.0;0.0;0;0;1;1
4;0.25;0.28416259561511376;0.5552825552825553;0;0.2828569275198146;0.4;1.0;0;1;0;0
4;0.08333333333333333;0.03520897949835505;0.2588042588042588;0;0.1372690358677115;0.6;1.0;0;1;0;1
4;0.0;0.007552656748654928;0.42424242424242425;0;0.4714083167434519;0.2;0.0;0;1;0;0
2;0.08333333333333333;0.6045363256430981;0.4963144963144963;1;0.5141357006584404;0.0;0.0;0;1;0;0
3;0.16666666666666666;0.07192521708673695;0.20802620802620803;1;0.26097302736097516;0.2;0.0;0;1;0;0
4;0.3333333333333333;0.42613891467502796;0.28255528255528256;1;0.22707461233233153;0.0;0.0;0;1;0;0
3;0.25;0.08576382642983936;0.19000819000819;0;0.4857178095219097;0.6;0.0;0;1;0;1
4;0.16666666666666666;0.24190648518356714;0.22194922194922195;0;0.20375981750943126;0.2;0.0;0;1;0;0
3;0.08333333333333333;0.06588931776481136;0.1457821457821458;0;0.4358318007017695;0.0;0.0;0;1;0;0
2;0.25;0.10818487201204416;0.20884520884520885;0;0.5044299245704963;0.2;0.0;0;1;0;0
4;0.08333333333333333;0.08530711736375447;0.5888615888615889;1;0.3732723771437079;0.4;0.0;0;1;0;0
3;0.16666666666666666;0.027558587097915088;0.20638820638820637;0;0.4049521786592447;0.6;0.0;0;1;0;1
4;0.0;0.16049688337310017;0.3775593775593776;0;0.1735548351222825;0.2;0.0;0;1;0;0
2;0.0;0.006201999006324757;0.27436527436527436;1;0.4513215316080105;0.4;0.0;0;1;0;0
4;0.08333333333333333;0.05000771198593469;0.5495495495495496;1;0.3605832220757046;0.4;0.0;0;0;1;0
3;0.08333333333333333;0.22685711454511034;0.5716625716625716;1;0.5719641156527335;0.0;1.0;0;0;1;0
3;0.25;0.07765392216922792;0.49795249795249796;0;0.5037826179298526;0.6;1.0;0;1;0;1
2;0.25;0.008923707024672432;0.407043407043407;1;0.21345235999674017;0.2;0.0;0;0;1;0
3;0.16666666666666666;0.025811340907923697;0.3185913185913186;0;0.5312142697212622;0.4;0.0;0;1;0;0
4;0.16666666666666666;0.012851806111446984;0.16134316134316135;1;0.5195374458020455;0.4;0.0;0;0;1;0
4;0.16666666666666666;0.03611707929258743;0.6748566748566749;0;0.3036322033131018;0.4;0.0;0;1;0;0
2;0.0;0.020036136194934502;0.2325962325962326;1;0.3624326562032102;0.0;1.0;0;1;0;0
2;0.0;0.138416419694258;0.4651924651924652;1;0.3311633187368588;0.2;0.0;0;1;0;0
4;0.25;0.1197791266530553;0.5298935298935299;1;0.41120242515622074;0.4;0.0;0;1;0;0
0;0.25;0.01607723150685116;0.26535626535626533;0;0.5687248998748833;0.4;0.0;1;0;0;0
4;0.25;0.06544138689755692;0.5266175266175266;1;0.3461548769028405;0.2;0.0;0;1;0;0
2;0.25;0.03895768203188521;0.48157248157248156;1;0.41146238357815274;0.4;0.0;0;1;0;0
2;0.3333333333333333;0.04569538183326824;0.6396396396396397;1;0.6457975035126604;0.4;1.0;0;1;0;0
2;0.4166666666666667;0.09539493297039862;0.2800982800982801;1;0.24627178499468189;0.4;0.0;0;1;0;0
3;0.3333333333333333;0.2546837325295554;0.1457821457821458;1;0.19655349201931935;0.2;0.0;0;1;0;1
3;0.08333333333333333;0.25319564975201464;0.27354627354627353;0;0.018617371409434563;0.4;1.0;0;1;0;0
2;0.3333333333333333;0.059210020395046276;0.3906633906633907;1;0.1112208882950049;0.4;0.0;0;1;0;0
2;0.3333333333333333;0.055513826917099794;0.36609336609336607;1;0.038241516789263616;0.6;0.0;0;0;1;1
0;0.08333333333333333;0.08112901660154308;0.29238329238329236;0;0.21277374801942545;0.6;0.0;0;1;0;1
2;0.4166666666666667;0.07143892739690634;0.044226044226044224;0;0.5192010473100284;0.4;0.0;0;1;0;0
4;0.25;0.007026661172505419;0.43407043407043405;1;0.6377370604921866;0.2;0.0;0;1;0;1
4;0.25;0.09612411088485628;0.6797706797706797;1;0.1791257583726641;1.0;1.0;1;0;0;1
4;0.25;0.09771576707797107;0.43243243243243246;0;0.25964983047050644;0.8;0.0;0;1;0;1
2;0.16666666666666666;0.06651845582713026;0.4561834561834562;0;0.37964116801629966;0.2;0.0;0;1;0;1
3;0.4166666666666667;0.059388965559146724;0.45045045045045046;1;0.44575005612378665;0.4;0.0;1;0;0;0
1;0.5;0.31103302221657275;0.4217854217854218;1;0.20584077832546982;0.2;0.0;0;1;0;1
2;0.5;0.10211311479954714;0.5094185094185094;0;0.35465937228612204;0.2;0.0;0;1;0;1
0;0.08333333333333333;0.1884550502285514;0.4217854217854218;1;0.12975695985274907;0.6;0.0;0;1;0;1
3;0.16666666666666666;0.342151411372266;0.30548730548730546;0;0.39237858351876537;0.0;0.0;0;0;1;0
4;0.08333333333333333;0.184775127239226;0.22604422604422605;0;0.24228291923637946;0.4;1.0;1;0;0;0
4;0.16666666666666666;0.3186385116284876;0.31613431613431614;0;0.23689121299874627;0.6;0.0;0;0;1;1
4;0.4166666666666667;0.1583948362056829;0.40786240786240785;1;0.14137910601746634;0.4;0.0;0;1;0;0
3;0.4166666666666667;0.02067900773369804;0.3046683046683047;1;0.20315142974125328;0.6;1.0;0;1;0;1
4;0.0;0.02856913204093511;0.40786240786240785;1;0.2795690828877771;0.2;0.0;0;1;0;1
0;0.4166666666666667;0.023913191123157616;0.4283374283374283;1;0.649402435290498;0.4;0.0;0;0;1;1
4;0.25;0.043190520159198914;0.49303849303849306;1;0.06459211708151824;0.4;0.0;0;0;1;0
4;0.5;0.04872048478026303;0.5667485667485668;0;0.20386707148561828;0.8;1.0;0;1;0;1
4;0.08333333333333333;0.18540990908893032;0.36936936936936937;1;0.24089149383847502;0.6;0.0;0;1;0;1
4;0.16666666666666666;0.04973584277750828;0.14250614250614252;1;0.16226667005942808;0.0;1.0;0;1;0;1
0;0.4166666666666667;0.14447613764337036;0.29975429975429974;0;0.4376770379592403;0.0;0.0;0;1;0;0
4;0.3333333333333333;0.26046290875448613;0.36363636363636365;1;0.2700534183589584;1.0;0.0;0;1;0;1
3;0.25;0.013467589503711989;0.055692055692055695;0;0.5627734593299987;0.4;0.0;0;1;0;0
3;0.16666666666666666;0.0;0.583947583947584;1;0.46169030493904906;0.0;0.0;0;1;0;0
2;0.25;0.2441793576819479;0.38001638001638;0;0.6205072426314331;0.2;0.0;0;1;0;1
4;0.4166666666666667;0.030211298664105893;0.41932841932841936;0;0.08181224666739295;0.2;0.0;0;0;1;0
4;0.4166666666666667;0.01846442614469995;0.5806715806715806;1;0.19391564924008065;0.0;1.0;0;0;1;0
4;0.5;0.038857734981973896;0.25307125307125306;1;0.7483249806006795;0.4;0.0;1;0;0;1
4;0.25;0.022832274071385;0.45045045045045046;1;0.35611329600155966;0.6;0.0;0;0;1;1
3;0.4166666666666667;0.1755315585208216;0.33906633906633904;0;0.6111703028343455;0.4;0.0;0;1;0;0
2;0.25;0.11192222687720065;0.32678132678132676;1;0.5024870977177532;0.6;0.0;0;1;0;1
3;0.25;0.020302056234172628;0.23013923013923013;0;0.30002996662544024;0.6;0.0;1;0;0;1
4;0.08333333333333333;0.0974030679958458;0.6298116298116299;1;0.6547337903488873;0.8;0.0;0;1;0;1
4;0.08333333333333333;0.025890108884844432;0.29484029484029484;1;0.33688362268047634;0.4;0.0;0;1;0;0
4;0.8333333333333334;0.024419634395945695;0.47092547092547093;0;0.49496953631821694;0.2;0.0;0;1;0;1
2;0.08333333333333333;0.10062432178866694;0.04914004914004914;1;0.5201135736297237;0.0;0.0;0;0;1;0
4;0.25;0.12151124747864919;0.5495495495495496;1;0.5234898414557637;0.0;0.0;0;1;0;0
2;0.3333333333333333;0.047214273693444074;0.5290745290745291;0;0.3278208150059362;0.4;0.0;0;1;0;0
4;0.25;0.16031298681221404;0.3726453726453726;0;0.08657911189860505;0.2;0.0;0;1;0;0
4;0.16666666666666666;0.20191644346675822;0.3194103194103194;1;0.5550335643715963;0.2;0.0;0;0;1;0
4;0.3333333333333333;0.27598962551186157;0.4226044226044226;0;0.20467016351557063;0.4;0.0;0;1;0;0
4;0.16666666666666666;0.1093796341561255;0.7313677313677314;1;0.5838124966722157;0.4;0.0;0;1;0;0
4;0.5;0.027579636806777028;0.06797706797706797;1;0.47084390523519104;0.4;0.0;0;1;0;1
2;0.08333333333333333;0.15349852875884923;0.48484848484848486;0;0.255738530112675;0.4;0.0;0;0;1;0
4;0.25;0.012627876387064758;0.2072072072072072;0;0.2142125463045203;0.2;1.0;0;0;1;0
4;0.5;0.022176530026088444;0.3538083538083538;1;0.323525035094334;0.4;0.0;0;1;0;1
2;0.4166666666666667;0.19893133518987233;0.31613431613431614;1;0.22231528714028753;0.4;1.0;0;1;0;0
4;0.08333333333333333;0.2688862970503254;0.28665028665028663;1;0.26879540761129384;0.2;0.0;0;0;1;0
4;0.3333333333333333;0.007613118001771727;0.3546273546273546;0;0.12716558619996518;0.4;0.0;0;1;0;0
4;0.25;0.04156035603853519;0.17117117117117117;0;0.35150161116365736;0.0;0.0;0;0;1;0
3;0.5;0.11031117841169584;0.5249795249795249;0;0.08101058566160713;0.4;1.0;0;1;0;1
2;0.4166666666666667;0.3104912493433301;0.06306306306306306;1;0.31124061484902255;0.4;0.0;0;1;0;0
3;0.4166666666666667;0.09402461579284031;0.44471744471744473;1;0.418738866255337;0.4;0.0;0;0;1;0
4;0.25;0.19134672018490223;0.30303030303030304;1;0.530515646276433;0.2;0.0;0;1;0;0
1;0.25;0.2848609747937837;0.16461916461916462;1;0.09783833316211932;0.0;0.0;0;1;0;1
3;0.4166666666666667;0.08137559249427188;0.38984438984438985;1;0.4303766554202721;0.4;0.0;0;1;0;0
4;0.5833333333333334;0.15000828591500953;0.10155610155610155;0;0.23999428852973984;0.4;0.0;0;0;1;1
2;0.0;0.12075916948580234;0.3628173628173628;1;0.22556260319462737;0.2;0.0;0;1;0;1
4;0.08333333333333333;0.12374862935836854;0.12366912366912367;1;0.5395940664793732;0.2;0.0;0;1;0;0
2;0.25;0.08091933957155405;0.43243243243243246;0;0.5583370848469114;0.2;0.0;0;0;1;0
4;0.0;0.10852942620808434;0.20556920556920558;0;0.13651244924718836;0.4;1.0;0;1;0;0
2;0.0;0.08986520027766437;0.28255528255528256;0;0.7726947794230603;0.4;0.0;0;1;0;1
3;0.16666666666666666;0.11291144593427255;0.4045864045864046;1;0.2821569756915503;0.4;0.0;0;1;0;0
3;0.25;0.07821782589071369;0.23013923013923013;1;0.3663127261224526;0.4;0.0;1;0;0;0
3;0.0;0.027932857745841186;0.34725634725634724;0;0.5119625950301003;0.6;0.0;0;1;0;1
4;0.3333333333333333;0.13155124158320033;0.10892710892710893;1;0.4944943935595989;0.6;0.0;0;1;0;1
2;0.16666666666666666;0.0538461203010776;0.46027846027846026;1;0.8576467532474422;0.4;1.0;0;1;0;1
4;0.3333333333333333;0.01513730290127301;0.6453726453726454;0;0.5156654517748304;0.2;0.0;0;0;1;0
4;0.3333333333333333;0.21200452995697944;0.814086814086814;1;0.2944051281477248;0.0;0.0;0;0;1;1
4;0.3333333333333333;0.02219448869159443;0.37182637182637185;1;0.44909028400320594;0.4;0.0;0;1;0;0
3;0.3333333333333333;0.08650435386677668;0.4856674856674857;0;0.3211804988535166;0.4;0.0;0;1;0;0
3;0.3333333333333333;0.14201485106382802;0.0647010647010647;0;0.19812714470245082;0.2;0.0;0;0;1;0
0;0.16666666666666666;0.11601331733639307;0.6027846027846028;1;0.29043077585384613;0.2;0.0;0;1;0;0
4;0.3333333333333333;0.01944419977168209;0.48402948402948404;1;0.49405335534314865;0.0;1.0;0;0;1;0
3;0.16666666666666666;0.023946720509021774;0.27764127764127766;0;0.2900444434092546;0.2;0.0;0;1;0;0
4;0.16666666666666666;0.017862802851286948;0.5593775593775594;1;0.412145149067521;0.0;1.0;0;1;0;0
4;0.16666666666666666;0.00831037353601774;0.3153153153153153;1;0.31048816625608194;0.2;0.0;0;1;0;0
4;0.16666666666666666;0.03698925414513361;0.28173628173628174;0;0.6226471131220166;0.2;0.0;0;0;1;0
4;0.3333333333333333;0.08256069216815938;0.4348894348894349;1;0.4256206883398678;0.4;0.0;0;1;0;0
4;0.3333333333333333;0.021059141778002062;0.18263718263718265;0;0.5183127898709631;0.0;0.0;0;1;0;0
4;0.16666666666666666;0.39332923348446547;0.5241605241605242;1;0.22545851034136588;0.2;0.0;0;1;0;1
3;0.16666666666666666;0.13346035820923757;0.18345618345618345;1;0.2246524218094321;0.0;0.0;0;1;0;0
4;0.16666666666666666;0.09736855473860939;0.18427518427518427;0;0.8299223931259058;0.0;0.0;0;1;0;1
3;0.25;0.12720661408961723;0.20802620802620803;0;0.32312310770761626;0.0;0.0;0;1;0;0
4;0.3333333333333333;0.0636435018184401;0.48075348075348073;1;0.4464545838682787;0.2;0.0;0;0;1;1
2;0.3333333333333333;0.07055238318756102;0.25552825552825553;1;0.3290310738777638;0.4;0.0;0;1;0;0
4;0.4166666666666667;0.24418571491884986;0.13595413595413594;0;0.10119425100725153;0.4;0.0;0;0;1;1
0;0.25;0.14234331856562898;0.2571662571662572;1;0.4814284165781065;0.0;1.0;0;1;0;0
4;0.08333333333333333;0.09864520876566532;0.35135135135135137;0;0.45725921120286095;0.2;0.0;0;1;0;0
4;0.4166666666666667;0.3337315614967146;0.16298116298116297;0;0.1696875178779538;0.6;0.0;0;1;0;1
3;0.3333333333333333;0.12083446758709944;0.1678951678951679;1;0.45847180428537826;0.2;0.0;1;0;0;0
4;0.08333333333333333;0.05652600326021697;0.7027027027027027;1;0.5603530244489224;0.6;0.0;0;0;1;1
4;0.0;0.005340385611217061;0.2153972153972154;1;0.3987618507876134;0.6;0.0;0;1;0;1
2;0.4166666666666667;0.05505287620489655;0.30384930384930386;1;0.5367732400749203;0.2;0.0;0;0;1;0
4;0.08333333333333333;0.28785480145424835;0.2964782964782965;0;0.2508436672756806;0.4;0.0;0;1;0;0
4;0.25;0.005012855665616318;0.28746928746928746;1;0.35469048109417717;0.4;0.0;0;1;0;0
3;0.16666666666666666;0.022632403700955536;0.45864045864045866;0;0.6347042345752302;0.2;0.0;0;1;0;0
4;0.16666666666666666;0.18398451019943282;0.5118755118755118;1;0.21903782815155726;0.4;1.0;0;1;0;0
4;0.25;0.05045239947765;0.3063063063063063;1;0.8309326123166405;0.0;0.0;0;1;0;1
3;0.16666666666666666;0.022814856199295706;0.15397215397215397;0;0.08265981009336737;0.2;0.0;0;0;1;0
1;0.3333333333333333;0.188083633721144;0.5651105651105651;1;0.47081120204717924;0.0;0.0;0;1;0;1
4;0.25;0.09088487378559436;0.3407043407043407;0;0.8815881822654376;0.4;0.0;0;0;1;1
2;0.3333333333333333;0.08839898674719639;0.6404586404586404;0;0.5505553327491373;0.4;0.0;0;1;0;0
2;0.8333333333333334;0.03863317784545719;0.0;1;0.06721444032963836;0.4;0.0;0;1;0;1
4;0.08333333333333333;0.12503326852238475;0.389025389025389;1;0.23951789231885007;0.2;0.0;0;0;1;0
4;0.25;0.22015541813514758;0.6707616707616708;1;0.27491270128806267;0.4;1.0;0;0;1;0
3;0.25;0.15427112291985673;0.2989352989352989;0;0.24400895523021632;0.4;0.0;0;0;1;0
0;0.16666666666666666;0.10539503575108607;0.3194103194103194;0;0.5637000324991079;0.2;0.0;0;1;0;0
2;0.4166666666666667;0.047951485066947325;0.40540540540540543;0;0.42766870311305155;0.6;0.0;0;0;1;1
2;0.3333333333333333;0.21463942958807503;0.26535626535626533;1;0.2162226947571889;0.2;0.0;0;0;1;0
2;0.08333333333333333;0.09283406807813023;0.30548730548730546;0;0.11051335078554166;0.2;1.0;0;1;0;0
4;0.4166666666666667;0.24510879880546121;0.3013923013923014;1;0.24130096076881893;0.2;0.0;0;1;0;0
2;0.5;0.03256172564379106;0.2538902538902539;1;0.5148773296091117;0.6;0.0;0;1;0;1
4;0.5833333333333334;0.118115364431344;0.5577395577395577;1;0.6202716564364477;0.2;0.0;0;1;0;1
3;0.08333333333333333;0.304388808377075;0.43243243243243246;0;0.1213508490773817;0.4;0.0;0;1;0;0
4;0.25;0.052063844371078825;0.39803439803439805;1;0.5138330862124497;0.2;0.0;1;0;0;0
3;0.4166666666666667;0.33611194176213327;0.48894348894348894;1;0.7010322193091789;0.4;0.0;0;1;0;1
2;0.3333333333333333;0.05537947830887307;0.31367731367731366;1;0.056293657049580045;0.8;1.0;0;0;1;1
4;0.25;0.0639868815429299;0.23013923013923013;1;0.24057674799070658;0.8;0.0;0;1;0;1
4;0.5;0.1826542909969433;0.257985257985258;1;0.388220261357516;0.0;1.0;0;1;0;1
4;0.08333333333333333;0.033549699642127465;0.3570843570843571;1;0.31873136794235934;0.4;1.0;0;1;0;1
0;0.3333333333333333;0.1360931449665379;0.18345618345618345;0;0.2897690629912812;0.4;0.0;0;1;0;0
2;0.25;0.03936097183951994;0.27436527436527436;1;0.46521267461927795;0.4;0.0;0;0;1;0
3;0.16666666666666666;0.10016409256014389;0.2719082719082719;1;0.4126682298019295;0.2;0.0;1;0;0;0
4;0.5833333333333334;0.16637908368028817;0.7043407043407044;0;0.2587954048293615;0.2;0.0;0;1;0;1
4;0.16666666666666666;0.0028775967009722807;0.0;1;0.07509881242279326;0.2;0.0;0;0;1;1
1;0.25;0.010238098735883279;0.3276003276003276;0;0.5325365473107405;0.8;0.0;0;1;0;1
4;0.3333333333333333;0.30299911671775265;0.6396396396396397;1;0.43626476040633866;0.0;0.0;0;1;0;0
2;0.3333333333333333;0.18818291257952835;0.37674037674037675;0;0.2664426603990254;0.6;0.0;0;1;0;1
3;0.5833333333333334;0.23310762030375604;0.4799344799344799;0;0.4071237305734589;0.4;0.0;0;1;0;1
2;0.4166666666666667;0.06423522160152631;0.3726453726453726;0;0.12138665408560284;0.4;0.0;0;1;0;0
3;0.4166666666666667;0.14012958886506216;0.24733824733824733;0;0.04837349235196334;0.0;1.0;0;1;0;0
4;0.25;0.7078871763182332;0.0;1;0.47616465635561983;0.4;0.0;0;1;0;0
4;0.16666666666666666;0.06297113339921855;0.3906633906633907;0;0.34882948738621883;0.0;0.0;0;0;1;1
2;0.25;0.20865451839539528;0.22932022932022933;1;0.3938444952257773;0.4;0.0;0;1;0;0
0;0.3333333333333333;0.009121425068878235;0.22522522522522523;1;0.3839583580914136;0.4;0.0;0;1;0;0
3;0.0;0.0872710050476607;0.2751842751842752;1;0.20644334796319738;0.8;0.0;0;1;0;1
3;0.25;0.045029865198123874;0.6420966420966421;0;0.1324107189175428;0.6;0.0;0;0;1;1
3;0.08333333333333333;0.08231592910991506;0.7502047502047502;0;0.5883454536612018;0.2;0.0;0;0;1;0
3;0.3333333333333333;0.013407410279367576;0.3923013923013923;1;0.3051460181911431;0.6;0.0;0;0;1;1
2;0.3333333333333333;0.05093124945045805;0.2809172809172809;1;0.5714398748199216;0.0;0.0;0;1;0;0
2;0.16666666666666666;0.008789192153000724;0.1638001638001638;1;0.30584171702099133;0.2;0.0;0;1;0;0
3;0.5;0.06707769661176076;0.4332514332514332;1;0.25507139552177366;0.6;1.0;0;0;1;1
4;0.16666666666666666;0.06480250656015615;0.6486486486486487;1;0.7824841904737112;0.4;0.0;0;1;0;1
4;0.08333333333333333;0.04444239470848443;0.31613431613431614;1;0.04319213224643645;0.2;0.0;0;1;0;0
4;0.0;0.32956329055745054;0.0;1;0.4963971409515281;0.2;0.0;0;1;0;0
1;0.25;0.009563464961950393;0.4668304668304668;1;0.32530069066418255;0.2;0.0;0;1;0;1
0;0.3333333333333333;0.1937888413487315;0.5184275184275184;1;0.30376185373706005;0.6;1.0;0;1;0;1
4;0.0;0.04870915898527676;0.09664209664209664;1;0.5992404369032661;0.6;0.0;0;1;0;1
4;0.25;0.024663631743566623;0.3857493857493858;1;0.828492075168409;0.4;0.0;0;1;0;1
4;0.25;0.03533819291844769;0.4307944307944308;1;0.18078159590348658;0.0;1.0;0;1;0;0
4;0.4166666666666667;0.25826032625460543;0.3447993447993448;1;0.2405761686528942;0.2;0.0;0;0;1;0
4;0.0;0.19380153258070423;0.22686322686322685;0;0.21745323874495193;0.4;0.0;0;1;0;0
4;0.4166666666666667;0.0016977294989809005;0.5233415233415234;1;0.2730870270440958;0.4;1.0;0;1;0;1
3;0.4166666666666667;0.01766446808351768;0.29074529074529076;0;0.17272756058018965;0.6;0.0;0;1;0;1
3;0.25;0.1249964340566364;0.11302211302211303;1;0.38891418257825244;0.8;0.0;0;1;0;1
1;0.3333333333333333;0.04241974828314308;0.021294021294021293;0;0.07733961892045634;0.2;0.0;0;1;0;1
2;0.5833333333333334;0.2797732879186073;0.5634725634725635;0;0.45677818392565983;0.6;0.0;0;1;0;1
4;0.3333333333333333;0.17174123932534852;0.45782145782145783;1;0.15474455416580143;0.4;0.0;0;1;0;0
4;0.16666666666666666;0.23133884570064014;0.371007371007371;1;0.6178324060921293;0.4;1.0;0;1;0;0
4;0.25;0.02377182805716251;0.2841932841932842;1;0.19209783745198578;0.4;0.0;0;0;1;0
4;0.16666666666666666;0.018105855929460384;0.2702702702702703;0;0.34370301993871727;0.8;0.0;0;1;0;1
2;0.16666666666666666;0.29892996882303513;0.18018018018018017;0;0.6899731933316302;0.2;1.0;0;1;0;1
2;0.4166666666666667;0.05754915022292728;0.2858312858312858;1;0.7365517077298657;0.2;0.0;0;1;0;1
2;0.3333333333333333;0.05972209994287604;0.009009009009009009;1;0.11063961024457938;0.2;0.0;1;0;0;0
4;0.25;0.12831296705789721;0.23587223587223588;1;0.1873100657574937;0.4;1.0;0;1;0;0
4;0.0;0.05629697534049356;0.30548730548730546;1;0.1519111058234736;0.2;0.0;0;0;1;0
3;0.5;0.23147479197425316;0.4561834561834562;0;0.16798014912891704;0.4;0.0;0;1;0;1
4;0.0;0.35554205514910797;0.35053235053235055;0;0.6998804462770832;0.2;1.0;0;1;0;1
4;0.16666666666666666;0.04490964015561896;0.4864864864864865;1;0.8110877538133991;0.0;0.0;0;1;0;1
3;0.08333333333333333;0.02588541819553953;0.5773955773955773;1;0.3922229454629989;0.4;0.0;0;1;0;0
4;0.16666666666666666;0.008641798271266354;0.5298935298935299;0;0.7789655338312923;0.4;1.0;0;1;0;1
4;0.08333333333333333;0.026774827334211874;0.43407043407043405;1;0.62086375405711;0.2;0.0;0;1;0;0
3;0.0;0.016640387630239374;0.35872235872235875;1;0.08718138701902627;0.4;0.0;0;1;0;1
4;0.3333333333333333;0.0032187126131723105;0.19574119574119575;1;0.5079647683208364;0.4;0.0;0;1;0;0
0;0.5;0.005246939863658562;0.4774774774774775;0;0.34361917888076376;0.2;0.0;0;1;0;1
4;0.25;0.07915859777555746;0.6314496314496314;1;0.5769568228478487;0.4;1.0;0;0;1;0
1;0.08333333333333333;0.13682215244210197;0.41277641277641275;1;0.8042339811160913;0.4;0.0;0;0;1;1
2;0.25;0.45499621703679105;0.6707616707616708;0;0.8377223386239283;0.0;0.0;0;1;0;1
3;0.4166666666666667;0.018759585577035706;0.10647010647010648;1;0.3050793648052116;0.2;0.0;1;0;0;0
4;0.08333333333333333;0.13323866475359303;0.1678951678951679;1;0.22424667448421495;0.6;0.0;0;1;0;1
3;0.25;0.08977096185767472;0.49713349713349714;1;0.7617637061195569;0.4;0.0;0;1;0;1
4;0.25;0.07229071213387106;0.39967239967239965;0;0.2526789060725748;0.0;0.0;0;1;0;0
3;0.16666666666666666;0.142303708001715;0.5716625716625716;1;0.6419904176063244;0.6;0.0;0;1;0;1
3;0.16666666666666666;0.03026961307228328;0.3538083538083538;1;0.3473036714335119;0.2;0.0;0;1;0;1
4;0.08333333333333333;0.0414262157238441;0.21457821457821458;1;0.6468185419461671;0.2;0.0;0;1;0;0
1;0.25;0.05395085485689787;0.32186732186732187;1;0.27621272527488894;0.2;0.0;0;1;0;1
4;0.16666666666666666;0.022337181819451057;0.10565110565110565;1;0.24797612372869413;0.4;0.0;0;1;0;0
3;0.0;0.07239651596487869;0.171990171990172;0;0.7994259923384074;0.4;0.0;0;0;1;1
3;0.08333333333333333;0.015664753313345554;0.515970515970516;1;0.7009073616174797;0.4;0.0;0;0;1;1
4;0.0;0.04253866895470338;0.4995904995904996;1;0.19738300227478967;0.4;0.0;0;1;0;1
2;0.5833333333333334;0.01329291439153122;0.41605241605241605;1;0.14539026161629567;0.4;0.0;0;1;0;1
3;0.4166666666666667;0.003996453801344442;0.07452907452907453;0;0.5310244340370269;0.2;1.0;0;1;0;0
1;0.16666666666666666;0.04875795368974204;0.29811629811629814;1;0.37363312378300506;0.6;0.0;0;1;0;1
4;0.3333333333333333;0.10687598283367228;0.15642915642915642;0;0.6238234974990686;0.4;1.0;0;1;0;0
0;0.08333333333333333;0.018261198181345153;0.5495495495495496;1;0.3780904097655033;0.4;0.0;0;1;0;0
3;0.4166666666666667;0.5595372658528055;0.26126126126126126;1;0.39871158582835314;0.0;1.0;0;1;0;1
4;0.16666666666666666;0.035612236897715324;0.17854217854217855;0;0.5933695630614628;0.2;0.0;0;1;0;0
4;0.25;0.002484739953551995;0.36117936117936117;0;0.15273025635760018;0.4;0.0;1;0;0;0
4;0.08333333333333333;0.0030943224819015153;0.25143325143325146;0;0.43347193946334156;0.2;0.0;0;0;1;0
2;0.16666666666666666;0.12213737628153103;0.5995085995085995;1;0.38296172551233804;0.4;0.0;0;1;0;1
4;0.4166666666666667;0.12324467020355916;0.23669123669123668;0;0.20835677371384886;0.2;0.0;0;1;0;0
2;0.25;0.25918169705802885;0.12776412776412777;1;0.5510762148401909;0.4;1.0;0;0;1;0
2;0.08333333333333333;0.010527067811913407;0.004095004095004095;1;0.4137791653331709;0.4;0.0;0;1;0;1
4;0.3333333333333333;0.05247041469630278;0.35135135135135137;1;0.682468511653036;0.2;0.0;0;1;0;1
4;0.25;0.24479514426637758;0.26453726453726456;1;0.4893802584706188;0.0;0.0;0;1;0;0
2;0.5;0.1777235347782419;0.12285012285012285;1;0.6360402214186502;0.2;1.0;0;1;0;1
0;0.4166666666666667;0.029511431258124624;0.5511875511875511;1;0.6893108786424732;0.2;0.0;0;0;1;1
1;0.25;0.24549493570275316;0.46601146601146604;1;0.6143936374915278;0.2;0.0;0;1;0;1
4;0.3333333333333333;0.12699652260296695;0.3521703521703522;1;0.5655572813435299;0.0;0.0;0;1;0;0
4;0.08333333333333333;0.034084629354088763;0.5798525798525799;0;0.7198599521930508;0.2;0.0;0;1;0;1
4;0.3333333333333333;0.00503318406113886;0.4651924651924652;1;0.09126739902226387;0.4;0.0;0;1;0;1
3;0.3333333333333333;0.07648755825481972;0.22194922194922195;0;0.29489669866773344;0.2;0.0;0;1;0;0
0;0.16666666666666666;0.13885254455791177;0.18673218673218672;1;0.772025514510549;0.4;0.0;0;0;1;1
4;0.08333333333333333;0.03474101359813807;0.4905814905814906;1;0.5689788660955877;0.4;0.0;0;1;0;0
4;0.3333333333333333;0.02049353229345803;0.4217854217854218;1;0.3314940654491611;0.0;0.0;0;1;0;1
3;0.5833333333333334;0.008638863249970982;0.3841113841113841;0;0.5174158542688801;0.4;0.0;0;1;0;1
2;0.3333333333333333;0.20525384285629025;0.21785421785421785;1;0.3458298131136804;0.0;0.0;0;1;0;1
4;0.25;0.006193271002816387;0.4561834561834562;1;0.7321694439864948;0.2;0.0;0;1;0;1
4;0.16666666666666666;0.10453073610880771;0.2325962325962326;1;0.2403348868831685;0.6;0.0;0;1;0;1
4;0.25;0.16023571636392195;0.33988533988533987;1;0.16942629745333257;0.6;0.0;0;1;0;1
4;0.25;0.16864736184933343;0.5937755937755937;1;0.11791778218185682;0.2;0.0;0;1;0;1
4;0.16666666666666666;0.11792383562947885;0.24815724815724816;0;0.36716749670544463;0.0;0.0;0;1;0;0
3;0.0;0.11763376885119707;0.0990990990990991;1;0.34827328102574034;0.4;0.0;1;0;0;0
3;0.16666666666666666;0.07143404037786702;0.18427518427518427;0;0.4362937579655822;0.8;0.0;0;1;0;1
4;0.25;0.059910816442132316;0.5192465192465192;1;0.135490568694386;0.4;0.0;0;1;0;1
4;0.25;0.016370401684374238;0.39803439803439805;1;0.07118215332628916;0.2;0.0;0;1;0;0
4;0.3333333333333333;0.08521451250978931;0.3357903357903358;0;0.2460035463725191;0.4;0.0;0;1;0;1
4;0.08333333333333333;0.008128486030110255;0.27354627354627353;0;0.030994383831437586;0.4;1.0;0;1;0;0
2;0.08333333333333333;0.07019381557133969;0.43652743652743653;0;0.03083550852191256;0.4;0.0;0;1;0;0
2;0.25;0.14598828490433305;0.21785421785421785;0;0.17330888041436102;0.6;1.0;0;1;0;1
4;0.08333333333333333;0.06501561581488279;0.407043407043407;1;0.92073226221667;0.6;0.0;0;1;0;1
4;0.5;0.07891377183919057;0.23669123669123668;1;0.522038791925344;0.6;0.0;0;1;0;1
4;0.16666666666666666;0.205381569844336;0.20966420966420968;1;0.146765459488645;0.6;0.0;0;1;0;1
3;0.0;0.11566011548817266;0.25225225225225223;1;0.49448816980920607;0.2;0.0;0;1;0;0
0;0.08333333333333333;0.015118811404377007;0.29484029484029484;1;0.23097593267717714;0.2;0.0;0;1;0;0
2;0.3333333333333333;0.08704545139023959;0.3488943488943489;0;0.21515758639271595;0.2;0.0;0;0;1;0
2;0.16666666666666666;0.05038593463456771;0.3955773955773956;1;0.6995614566277529;0.4;0.0;0;0;1;1
0;0.0;0.02571342279979795;0.0;1;0.5384021960011374;0.0;1.0;0;1;0;0
3;0.3333333333333333;0.11609744356573766;0.2244062244062244;1;0.6502994867005693;0.2;1.0;0;1;0;1
4;0.0;0.05429349049615468;0.29238329238329236;1;0.25658591707362066;0.0;0.0;0;1;0;0
2;0.5;0.16216209588149502;0.6036036036036037;0;0.1510184641575664;0.4;0.0;0;1;0;1
3;0.25;0.09819058681703284;0.17936117936117937;0;0.4280631082923646;0.2;0.0;0;1;0;0
2;0.3333333333333333;0.012181135298933705;0.3832923832923833;1;0.4404701745235309;0.0;1.0;0;1;0;0
3;0.5;0.04792232212994946;0.601965601965602;0;0.46457221874413485;0.0;0.0;0;0;1;1
2;0.16666666666666666;0.034923539418804835;0.1416871416871417;0;0.3623983413529993;0.6;0.0;0;1;0;1
4;0.16666666666666666;0.01800991185608044;0.42096642096642095;1;0.34375619913798316;0.6;0.0;0;1;0;1
3;0.08333333333333333;0.1791304815218268;0.22522522522522523;1;0.22729404544126677;0.4;0.0;0;0;1;1
4;0.0;0.052856486889522554;0.27436527436527436;0;0.23608143634854545;0.2;1.0;0;1;0;0
4;0.16666666666666666;0.10563436983464976;0.22522522522522523;1;0.3889712292215509;0.2;1.0;0;1;0;0
4;0.08333333333333333;0.2377279999086005;0.23669123669123668;1;0.12757853932924443;0.6;0.0;0;1;0;1
2;0.16666666666666666;0.08706237372690881;0.8026208026208026;1;0.546441389074403;0.6;0.0;0;1;0;1
4;0.0;0.03314537626328307;0.49467649467649466;0;0.41432537287935645;0.4;0.0;0;1;0;0
3;0.3333333333333333;0.17394297338208056;0.5372645372645373;1;0.09344400545833441;0.4;0.0;0;1;0;1
2;0.0;0.06360500337735984;0.43734643734643736;0;0.8996218466760227;0.0;0.0;0;1;0;1
4;0.08333333333333333;0.09225319895704101;0.09336609336609336;0;0.4021065929077095;0.4;0.0;0;1;0;0
4;0.16666666666666666;0.2584753429990748;0.42096642096642095;1;0.2768807015708547;0.2;0.0;0;1;0;0
3;0.16666666666666666;0.07469367711615169;0.5323505323505323;0;0.23402493396924964;0.2;0.0;0;0;1;0
4;0.08333333333333333;0.045272836808656736;0.21703521703521703;0;0.5652816716504532;0.6;0.0;0;1;0;1
3;0.4166666666666667;0.14454750294547858;0.5151515151515151;0;0.4854238424942231;0.6;0.0;0;1;0;1
2;0.3333333333333333;0.015874358664068444;0.47174447174447176;0;0.31220457591880973;0.6;0.0;0;1;0;1
3;0.08333333333333333;0.27255834922929983;0.6601146601146601;1;0.12483498008127981;0.2;0.0;0;1;0;0
4;0.0;0.2749335032452277;0.2882882882882883;1;0.31578636051744996;0.2;0.0;0;1;0;0
2;0.3333333333333333;0.09629801964278142;0.1769041769041769;0;0.44701698166012604;0.4;0.0;0;0;1;0
4;0.4166666666666667;0.01857726558888211;0.2972972972972973;1;0.18480783048143218;0.2;0.0;0;1;0;0
4;0.3333333333333333;0.06687401611598041;0.5921375921375921;0;0.27426115810995977;0.4;1.0;0;0;1;0
4;0.4166666666666667;0.061176639763316935;0.05733005733005733;1;0.3920573750210869;0.2;0.0;0;0;1;1
2;0.25;0.03934899440260258;0.018018018018018018;1;0.1236961040231671;0.6;0.0;1;0;0;1
3;0.5;0.021348666184524686;0.371007371007371;0;0.4659548040097356;0.6;0.0;0;1;0;1
4;0.16666666666666666;0.03399067503886676;0.2841932841932842;0;0.6491875689730423;0.4;0.0;1;0;0;1
3;0.16666666666666666;0.09015371199408453;0.3579033579033579;0;0.07029484018846463;0.2;0.0;0;1;0;0
4;0.16666666666666666;0.12871445799433032;0.5118755118755118;1;0.08534238541820766;0.0;0.0;0;1;0;0
4;0.25;0.4329865276518549;0.26617526617526616;1;0.11687979632072872;0.2;0.0;0;1;0;0
2;0.25;0.026972657563846602;0.049959049959049956;1;0.35050309386922934;0.2;1.0;1;0;0;0
0;0.25;0.025319043623370178;0.6912366912366913;1;0.3541286192375345;0.4;0.0;0;1;0;0
4;0.25;0.013779660607758318;0.19328419328419327;0;0.13976776707744076;0.0;0.0;0;1;0;0
4;0.16666666666666666;0.3111200665135129;0.18345618345618345;1;0.7295833003223955;0.0;0.0;0;1;0;1
0;0.25;0.05345255876489694;0.5372645372645373;0;0.30805587757324754;0.2;0.0;0;1;0;0
2;0.25;0.2866406619413337;0.294021294021294;1;0.7943482390077938;0.0;0.0;0;1;0;1
4;0.3333333333333333;0.2449584608302647;0.3464373464373464;0;0.567354604433426;0.2;1.0;0;0;1;0
4;0.16666666666666666;0.004934366540785299;0.4357084357084357;1;0.4677022149298649;0.2;0.0;1;0;0;0
4;0.25;0.03644686462717324;0.533988533988534;1;0.2543687335666004;0.8;1.0;0;0;1;1
2;0.3333333333333333;0.04001846854450153;0.3022113022113022;1;0.23576865610191633;0.2;0.0;0;1;0;1
4;0.08333333333333333;0.03607299648382576;0.6052416052416052;1;0.28053301965225996;0.4;0.0;0;1;0;0
0;0.08333333333333333;0.061569148998960516;0.006552006552006552;0;0.6294554331322213;0.4;0.0;0;1;0;0
4;0.3333333333333333;0.07690116332019452;0.48075348075348073;0;0.07140045682640893;0.2;0.0;0;1;0;1
2;0.3333333333333333;0.15789020709479398;0.2194922194922195;0;0.419288675722287;0.2;0.0;0;1;0;0
4;0.16666666666666666;0.0345979005684162;0.5814905814905815;1;0.24549949835783455;0.4;0.0;0;0;1;0
4;0.4166666666666667;0.039417676029746586;0.38001638001638;1;0.5458689980053617;0.0;0.0;0;1;0;0
2;0.4166666666666667;0.10149647401328518;0.24651924651924653;1;0.5802633181254305;0.4;1.0;0;0;1;0
4;0.25;0.021912408826487838;0.4651924651924652;1;0.3515682092850077;0.4;0.0;0;0;1;0
4;0.3333333333333333;0.0712439879302224;0.5028665028665029;1;0.47347035869646104;0.6;0.0;0;1;0;1
4;0.08333333333333333;0.03208631157336828;0.4619164619164619;0;0.07913123972734665;0.4;0.0;1;0;0;0
4;0.16666666666666666;0.02447984730722271;0.18837018837018837;1;0.6622206344628285;0.2;0.0;0;0;1;1
1;0.3333333333333333;0.17661584638737615;0.27764127764127766;0;0.5307337854651508;0.4;0.0;0;1;0;1
0;0.08333333333333333;0.13656692750398156;0.35626535626535627;1;0.4259225095775157;0.0;0.0;0;1;0;0
1;0.4166666666666667;0.031912273245322594;0.3497133497133497;1;0.4508107810375291;0.0;0.0;0;1;0;1
2;0.25;0.0596187073850837;0.47911547911547914;1;0.33887591837376074;0.6;0.0;0;1;0;1
2;0.3333333333333333;0.01856782250865607;0.02702702702702703;1;0.3247293217759022;0.0;0.0;0;1;0;0
4;0.16666666666666666;0.00600944388245893;0.41113841113841115;1;0.2532195018438799;0.0;0.0;0;1;0;0
4;0.5;0.09784653061407045;0.3095823095823096;0;0.16141806724261462;0.8;1.0;0;1;0;1
1;0.16666666666666666;0.05020894639304059;0.2194922194922195;1;0.21163963577465103;0.2;0.0;0;1;0;0
4;0.08333333333333333;0.025772168136473185;0.23505323505323505;0;0.3018352372770817;0.4;0.0;0;1;0;0
3;0.08333333333333333;0.013474215896377293;0.32186732186732187;1;0.7039342719963331;0.4;0.0;0;1;0;1
3;0.25;0.1267219186511677;0.0;1;0.7024833807986358;0.2;0.0;0;1;0;1
4;0.25;0.03517023581674029;0.2416052416052416;1;0.06850336283685651;0.0;1.0;0;1;0;0
0;0.0;0.2646739411082936;0.21294021294021295;1;0.40460546407248277;0.0;0.0;0;1;0;0
4;0.25;0.023762894114514356;0.4438984438984439;1;0.49437104458859804;0.2;0.0;0;0;1;0
0;0.16666666666666666;0.03102037946493788;0.2244062244062244;1;0.2476338687070644;0.6;0.0;0;1;0;1
3;0.25;0.21231213962123954;0.32104832104832104;1;0.18943313455539293;0.2;0.0;0;1;0;0
4;0.3333333333333333;0.09446750337941379;0.6093366093366094;1;0.6437126078642613;0.6;0.0;0;1;0;1
3;0.5833333333333334;0.012694349362764586;0.5192465192465192;0;0.5821824790124889;0.4;0.0;0;1;0;1
3;0.0;0.08864487078916652;0.5045045045045045;1;0.2170289364882889;0.4;1.0;0;1;0;1
3;0.25;0.04091626166422519;0.2751842751842752;1;0.45609007562306797;0.0;1.0;0;1;0;0
4;0.16666666666666666;0.14851455763553342;0.44553644553644556;0;0.39764297197290366;0.4;0.0;0;0;1;0
3;0.0;0.008941157742980346;0.3185913185913186;1;0.5519351199314338;0.4;0.0;0;0;1;1
3;0.3333333333333333;0.27805882946726296;0.32432432432432434;1;0.5433788526781373;0.2;0.0;0;1;0;1
2;0.3333333333333333;0.07230715235674769;0.42342342342342343;0;0.16376894267392395;0.2;0.0;0;0;1;0
3;0.16666666666666666;0.1473965446372254;0.2588042588042588;1;0.39770754156197946;0.0;0.0;0;1;0;0
4;0.0;0.1356357954597148;0.6011466011466011;0;0.37997599176943164;0.2;0.0;0;0;1;0
4;0.5;0.021774468263529967;0.33005733005733007;1;0.021907628866353595;0.2;0.0;0;1;0;1
4;0.5;0.235933009889782;0.45782145782145783;1;0.08922429762565816;0.2;1.0;0;1;0;1
3;0.3333333333333333;0.029402844847080438;0.5954135954135954;1;0.3094903959124053;0.2;0.0;0;1;0;1
4;0.5833333333333334;0.02345477981873722;0.5257985257985258;1;0.24497191295024803;0.2;1.0;0;1;0;1
1;0.3333333333333333;0.08174612392722669;0.12612612612612611;1;0.564160922785443;0.2;0.0;0;0;1;1
1;0.25;0.4639075365660891;0.42915642915642915;1;0.24066325657295598;0.0;1.0;0;1;0;1
4;0.4166666666666667;0.04176646314222349;0.4963144963144963;1;0.09443574894430218;0.2;0.0;0;1;0;1
1;0.3333333333333333;0.3712126846646922;0.5028665028665029;0;0.13245933089972275;0.2;0.0;0;1;0;1
3;0.16666666666666666;0.06347421733411601;0.17444717444717445;0;0.027915612366191115;0.2;0.0;0;1;0;0
3;0.08333333333333333;0.200194557345239;0.24897624897624898;0;0.09054662686083333;0.4;0.0;0;1;0;0
2;0.3333333333333333;0.083936088508118;0.5192465192465192;0;0.2689995748928909;0.4;0.0;1;0;0;1
3;0.16666666666666666;0.025493211110087576;0.23177723177723178;1;0.4704084750186256;0.2;1.0;0;0;1;0
2;0.25;0.23584022108254077;0.30794430794430794;0;0.33553528307101094;0.4;0.0;0;1;0;1
4;0.3333333333333333;0.008240699151661693;0.6150696150696151;0;0.5251162972037098;0.0;1.0;0;1;0;0
0;0.16666666666666666;0.1276741536167776;0.3488943488943489;1;0.1986262702701308;0.0;0.0;0;1;0;0
4;0.3333333333333333;0.19758887191290112;0.2375102375102375;0;0.5456487321879172;0.2;0.0;0;0;1;0
4;0.3333333333333333;0.1984249941113424;0.21294021294021295;1;0.1881731030303264;0.4;0.0;0;0;1;0
2;0.25;0.11843885384340018;0.41113841113841115;1;0.4354029444500879;0.4;0.0;0;1;0;0
4;0.25;0.032088138146245136;0.13841113841113842;0;0.6690480129243525;0.6;1.0;0;0;1;1
1;0.08333333333333333;0.08433507891091899;0.31613431613431614;0;0.5328070728189146;0.2;0.0;0;1;0;0
4;0.25;0.11041888554647249;0.41113841113841115;1;0.6842685876256157;0.2;0.0;0;1;0;1
4;0.25;0.24521927095370782;0.5692055692055692;1;0.40046520565312654;0.2;0.0;0;0;1;0
4;0.0;0.0192863254844351;0.46601146601146604;1;0.6804590858827377;0.2;0.0;0;1;0;1
4;0.16666666666666666;0.0695101289467484;0.23996723996723995;1;0.7327240263541015;0.2;0.0;0;1;0;1
4;0.16666666666666666;0.045012531032862575;0.5495495495495496;1;0.27687775143341875;0.4;1.0;0;1;0;0
3;0.25;0.062030257435031315;0.30794430794430794;0;0.6419034235479666;0.4;0.0;0;1;0;0
4;0.16666666666666666;0.022426101349835127;0.15397215397215397;0;0.4930404328072499;0.0;0.0;0;1;0;0
3;0.3333333333333333;0.027210203206636887;0.3284193284193284;0;0.2273571125373679;0.2;1.0;0;0;1;0
1;0.0;0.1633843015350195;0.5921375921375921;0;0.16780567430643153;0.4;0.0;0;1;0;0
0;0.75;0.07234421628821507;0.3841113841113841;0;0.273252557953239;0.4;0.0;0;0;1;1
3;0.16666666666666666;0.08024872477271633;0.35872235872235875;1;0.40773228001282025;0.4;0.0;0;1;0;0
4;0.5833333333333334;0.2533616745072771;0.6248976248976249;0;0.3627964568235238;0.0;0.0;0;1;0;1
4;0.08333333333333333;0.030463325674355828;0.12203112203112203;1;0.6931512360340345;0.2;0.0;1;0;0;1
4;0.08333333333333333;0.04436961372047029;0.1457821457821458;0;0.3054310255029338;0.2;0.0;0;1;0;0
2;0.3333333333333333;0.04099482135684194;0.09172809172809172;0;0.2510702419480591;0.4;0.0;0;1;0;0
2;0.16666666666666666;0.11971766798561351;0.4176904176904177;0;0.21978631881806565;0.0;0.0;0;1;0;0
3;0.5;0.09190023011771802;0.3841113841113841;0;0.2636610302897838;0.4;0.0;0;1;0;1
3;0.08333333333333333;0.07089640740569365;0.6093366093366094;1;0.5888143582473772;0.0;1.0;0;1;0;0
4;0.4166666666666667;0.12261081035457178;0.3963963963963964;1;0.3989986759531544;0.2;0.0;0;0;1;0
4;0.3333333333333333;0.07353276947114622;0.29074529074529076;0;0.31076753139197766;0.0;0.0;1;0;0;0
4;0.25;0.18826015626079878;0.3570843570843571;0;0.40206034536145707;0.2;0.0;0;1;0;0
3;0.16666666666666666;0.05868459680498515;0.3759213759213759;1;0.16048418571280715;0.4;0.0;0;0;1;0
0;0.0;0.2461443245199651;0.08271908271908272;1;0.6257306038814856;0.2;0.0;0;0;1;0
3;0.0;0.014107365140211643;0.800982800982801;0;0.16120471008827963;0.6;0.0;0;0;1;1
1;0.4166666666666667;0.010907943181436074;0.44144144144144143;0;0.30615235058666973;0.2;0.0;0;1;0;1
4;0.25;0.11856882180255007;0.3914823914823915;0;0.4889626479156418;0.2;0.0;0;1;0;0
4;0.3333333333333333;0.0548758441119162;0.45782145782145783;1;0.21350968318580094;0.4;0.0;0;1;0;0
1;0.3333333333333333;0.0676122615816918;0.4725634725634726;1;0.2308723528559192;0.2;1.0;0;1;0;1
4;0.0;0.1324263422625342;0.3333333333333333;0;0.6875086858790933;0.4;0.0;0;1;0;1
3;0.4166666666666667;0.026799840999540993;0.25307125307125306;0;0.038895548475484126;0.6;0.0;0;1;0;1
3;0.25;0.004928811653669686;0.45454545454545453;1;0.6319173200621424;0.2;1.0;0;1;0;1
4;0.16666666666666666;0.0642248180820984;0.4201474201474201;1;0.6132981476062618;0.4;0.0;0;1;0;1
4;0.4166666666666667;0.250413499416157;0.2244062244062244;0;0.1473508450287149;0.2;0.0;0;1;0;0
3;0.25;0.06659955179661285;0.5888615888615889;1;0.4311892928376473;0.4;1.0;0;1;0;0
1;0.3333333333333333;0.09434620102539323;0.4045864045864046;1;0.35265911130116834;0.4;0.0;0;0;1;1
3;0.25;0.0259290391090286;0.47583947583947583;1;0.34779876975482116;0.2;0.0;0;1;0;1
3;0.3333333333333333;0.06933445472333934;0.5847665847665847;1;0.5468888958300933;0.6;0.0;0;0;1;1
3;0.08333333333333333;0.07283124869907436;0.36036036036036034;0;0.2678151641048444;0.8;1.0;1;0;0;1
4;0.3333333333333333;0.02975722671624766;0.4086814086814087;1;0.6765560149788044;0.2;0.0;0;0;1;1
4;0.08333333333333333;0.019834341817900072;0.48976248976248976;1;0.8501004266530273;0.0;0.0;0;0;1;1
3;0.3333333333333333;0.04790664985707338;0.23832923832923833;1;0.5582212940361223;0.4;0.0;0;0;1;0
4;0.08333333333333333;0.00434119101339366;0.3652743652743653;1;0.22366367931493494;0.0;0.0;0;1;0;0
0;0.16666666666666666;0.02018820045808533;0.3775593775593776;1;0.23105333459046604;0.0;0.0;1;0;0;0
4;0.08333333333333333;0.1461756377743687;0.19983619983619982;1;0.506821046103489;0.2;0.0;0;0;1;0
1;0.08333333333333333;0.11646633171025579;0.7362817362817363;0;0.38140333181243236;0.4;0.0;0;0;1;0
4;0.25;0.04166704943281793;0.12612612612612611;0;0.2528016836570735;0.2;0.0;0;1;0;0
4;0.08333333333333333;0.08906594583590535;0.14414414414414414;1;0.36528909768701756;0.2;0.0;0;1;0;0
4;0.4166666666666667;0.19668950868365248;0.5716625716625716;1;0.7253494426260076;0.2;0.0;0;1;0;1
2;0.5833333333333334;0.20324366782680384;0.47338247338247336;0;0.363896978435845;0.0;0.0;0;1;0;1
4;0.3333333333333333;0.1181415682592419;0.18837018837018837;1;0.3954396448343123;0.6;0.0;0;0;1;1
4;0.25;0.014667828717887292;0.4561834561834562;1;0.19861262059266843;0.2;1.0;0;1;0;0
4;0.0;0.019715124115991935;0.597051597051597;1;0.7002142157825253;0.2;0.0;0;1;0;1
4;0.25;0.03830095939999429;0.35135135135135137;0;0.07022228391382375;0.4;0.0;0;1;0;0
4;0.3333333333333333;0.12352962369861456;0.7821457821457821;0;0.2533200182683341;0.4;0.0;0;1;0;0
4;0.5;0.033133876516366886;0.07452907452907453;0;0.3104340777939003;0.0;0.0;0;1;0;1
4;0.75;0.06940891995637749;0.4701064701064701;1;0.7485948949491446;0.0;0.0;0;1;0;1
4;0.4166666666666667;0.19420068413701883;0.547911547911548;0;0.25456166979299044;0.2;0.0;0;1;0;0
3;0.16666666666666666;0.24733681892716453;0.5028665028665029;1;0.5015287162634068;0.4;0.0;0;1;0;1
3;0.4166666666666667;0.20282986403251493;0.3235053235053235;1;0.34390732235259774;0.2;0.0;0;1;0;0
4;0.16666666666666666;0.01370474939408669;0.30876330876330876;0;0.9269650599654291;0.2;0.0;0;0;1;1
2;0.16666666666666666;0.26879234304284527;0.42915642915642915;0;0.47563002483890554;0.0;0.0;0;0;1;0
4;0.08333333333333333;0.12816071374448715;0.4905814905814906;1;0.2904683378643949;0.2;0.0;0;0;1;0
3;0.25;0.10723620581103782;0.45536445536445536;1;0.5084875042541057;0.2;0.0;0;1;0;0
4;0.5833333333333334;0.03157646456943788;0.5274365274365275;1;0.7446830920415559;0.6;0.0;0;1;0;1
2;0.3333333333333333;0.2930373864051686;0.19000819000819;0;0.22846700733722425;0.2;0.0;0;1;0;0
1;0.08333333333333333;0.0018791421623037263;0.3194103194103194;0;0.604607770994549;0.4;1.0;1;0;0;0
4;0.08333333333333333;0.009472802697686796;0.2022932022932023;1;0.2623394308505848;0.2;0.0;0;0;1;1
1;0.3333333333333333;0.018495557671994102;0.2932022932022932;0;0.7140015635545777;0.0;0.0;0;1;0;1
4;0.25;0.13174242461747673;0.5233415233415234;0;0.07078557138477583;0.0;0.0;0;0;1;0
2;0.16666666666666666;0.1084307335679328;0.37428337428337427;1;0.3067808955838253;0.2;0.0;0;1;0;0
0;0.3333333333333333;0.32200270898598393;0.7837837837837838;1;0.588526640191378;0.6;0.0;0;1;0;1
3;0.25;0.047688342566737096;0.3882063882063882;0;0.21772762441869917;0.2;0.0;0;1;0;0
4;0.16666666666666666;0.04745529487489853;0.36609336609336607;0;0.45671433051029087;0.4;0.0;0;1;0;0
4;0.4166666666666667;0.12313136182789684;0.37428337428337427;1;0.2009968231964086;0.2;0.0;0;1;0;0
2;0.3333333333333333;0.02122155366412749;0.25225225225225223;0;0.5236958018607326;0.4;0.0;0;0;1;1
4;0.08333333333333333;0.06932795695783647;0.34725634725634724;1;0.3689739707829098;0.4;0.0;0;1;0;0
4;0.3333333333333333;0.0016610631567444089;0.5413595413595413;1;0.37811453609629203;0.2;0.0;0;1;0;0
2;0.16666666666666666;0.09969105675878716;0.3751023751023751;0;0.21241874376584355;0.0;0.0;0;0;1;0
2;0.16666666666666666;0.17044009631589202;0.22686322686322685;1;0.44215152993159884;0.0;0.0;0;1;0;0
4;0.25;0.02528243853445452;0.20475020475020475;1;0.1832457726515566;0.2;1.0;0;1;0;0
4;0.6666666666666666;0.040762399760031424;0.28255528255528256;0;0.5643697763711182;0.2;0.0;0;1;0;1
4;0.0;0.015661260346812537;0.36855036855036855;1;0.2970826313735141;0.0;0.0;0;1;0;0
3;0.08333333333333333;0.10633154765625026;0.552006552006552;1;0.28374565633075644;0.0;0.0;0;1;0;0
4;0.25;0.09230014561534901;0.13677313677313677;0;0.47173507320827424;0.4;0.0;0;1;0;0
0;0.5;0.1947572390840181;0.3046683046683047;1;0.5109848238362376;0.8;0.0;0;1;0;1
4;0.25;0.3913778726728624;0.38001638001638;0;0.3595350627679776;0.6;1.0;0;1;0;1
3;0.08333333333333333;0.45758794766956606;0.056511056511056514;0;0.2885650492958693;0.6;1.0;0;0;1;1
4;0.25;0.012543340563179713;0.2203112203112203;1;0.4741314645963044;0.0;1.0;0;0;1;0
4;0.3333333333333333;0.08955651639832733;0.2457002457002457;1;0.4407543572861581;0.0;1.0;0;0;1;1
4;0.08333333333333333;0.17339675265501772;0.22604422604422605;1;0.12391841152456187;0.4;1.0;0;1;0;0
4;0.3333333333333333;0.11963441497242885;0.3882063882063882;1;0.38055708148655143;0.6;0.0;0;1;0;1
4;0.25;0.2528296474543634;0.33005733005733007;0;0.5382136551403893;0.2;0.0;0;0;1;0
4;0.16666666666666666;0.064787418611496;0.26535626535626533;1;0.6537791825620882;0.2;0.0;0;1;0;1
3;0.16666666666666666;0.061910690436196715;0.4266994266994267;1;0.3793146069641095;0.2;0.0;0;1;0;0
3;0.4166666666666667;0.002874538605854628;0.6388206388206388;1;0.23132137274488052;0.0;0.0;0;0;1;0
4;0.16666666666666666;0.0016855400670232347;0.6248976248976249;1;0.31014525055777054;0.2;1.0;0;1;0;1
4;0.3333333333333333;0.13119862985142153;0.04176904176904177;0;0.4490850627121402;0.2;0.0;0;1;0;1
2;0.16666666666666666;0.07087988538812627;0.4512694512694513;1;0.19820111602475401;0.4;0.0;0;0;1;0
4;0.4166666666666667;0.12004226506441265;0.3276003276003276;1;0.09762899150517844;0.4;0.0;0;0;1;0
4;0.3333333333333333;0.030206354213885764;0.3824733824733825;1;0.23099234934781332;0.4;0.0;0;1;0;0
4;0.25;0.22117973197167076;0.2915642915642916;0;0.30538660505903314;0.0;0.0;0;1;0;1
4;0.5;0.2593667226442922;0.3759213759213759;0;0.12814666736399974;0.4;0.0;0;1;0;1
3;0.25;0.12072087880549978;0.38165438165438165;1;0.3539626472044123;0.2;1.0;0;0;1;0
3;0.16666666666666666;0.03614296446305055;0.2620802620802621;0;0.6719353040836755;0.4;1.0;0;1;0;1
2;0.25;0.027029080472046822;0.20966420966420968;0;0.5282474726843325;0.2;1.0;0;1;0;0
4;0.25;0.10921311085076017;0.2833742833742834;0;0.508398848731095;0.2;1.0;1;0;0;0
4;0.25;0.31442327330917946;0.39475839475839475;0;0.12821894083871413;0.6;0.0;0;1;0;1
3;0.25;0.09595598341942851;0.45454545454545453;1;0.1418664821340107;0.6;0.0;0;0;1;1
4;0.5833333333333334;0.20335449760678861;0.4963144963144963;1;0.2284360656148577;0.6;0.0;1;0;0;1
4;0.25;0.09265418213907632;0.276003276003276;1;0.3246842680310588;0.4;0.0;0;1;0;0
3;0.5;0.1248507239821494;0.40294840294840295;1;0.24678592263657775;0.4;0.0;0;0;1;1
4;0.5;0.09326290574004358;0.5143325143325144;0;0.22543965540581568;0.2;0.0;0;1;0;1
2;0.6666666666666666;0.0952334007195935;0.547911547911548;0;0.26616218700004113;0.6;1.0;0;0;1;1
2;0.4166666666666667;0.14949526376729633;0.34725634725634724;1;0.52921654430297;0.2;0.0;0;0;1;1
4;0.4166666666666667;0.05607436257356052;0.3202293202293202;1;0.4813710043962664;0.4;0.0;0;1;0;0
4;0.5833333333333334;0.26067239969125977;0.3882063882063882;0;0.032298854519644475;0.6;0.0;0;0;1;1
1;0.3333333333333333;0.22150577112797165;0.16871416871416872;0;0.4295938956085262;0.2;1.0;0;0;1;1
3;0.16666666666666666;0.1437020258629989;0.32514332514332517;1;0.4024252630713659;0.6;1.0;0;1;0;1
1;0.4166666666666667;0.15129171525512347;0.4782964782964783;0;0.26520878394958336;0.6;0.0;0;1;0;1
3;0.08333333333333333;0.059251600820326454;0.4619164619164619;1;0.4674005297942498;0.0;0.0;0;1;0;0
4;0.16666666666666666;0.1987573611528257;0.31203931203931207;0;0.18604833725318917;0.2;0.0;0;1;0;1
3;0.5;0.30004641394831494;0.3923013923013923;1;0.5028413476751246;0.6;0.0;1;0;0;1
0;0.4166666666666667;0.1763415006766426;0.22194922194922195;0;0.2927622619115892;0.0;1.0;0;0;1;0
3;0.08333333333333333;0.015813057113760288;0.47174447174447176;0;0.3305607987644046;0.2;0.0;0;1;0;0
4;0.0;0.17180392981491843;0.343980343980344;1;0.3166668897059993;0.4;0.0;0;1;0;0
4;0.0;0.06943780385566901;0.31122031122031124;0;0.16964249905504028;0.2;0.0;0;1;0;0
3;0.16666666666666666;0.10433029809786719;0.2972972972972973;1;0.24056581687470743;0.4;0.0;0;1;0;1
4;0.16666666666666666;0.5260539133043723;0.3464373464373464;1;0.08491663818312466;0.6;0.0;0;1;0;1
4;0.0;0.049475512240444094;0.2833742833742834;1;0.34923193709532235;0.2;0.0;0;1;0;0
3;0.16666666666666666;0.047610889239320116;0.4643734643734644;1;0.2820113271361348;0.2;1.0;0;1;0;0
4;0.3333333333333333;0.03390569182653459;0.2915642915642916;1;0.5656374097870116;0.4;0.0;1;0;0;0
3;0.16666666666666666;0.015058447091498792;0.6175266175266175;1;0.34601751454728924;0.2;1.0;0;1;0;0
4;0.25;0.020418286864782743;0.597051597051597;1;0.40411975061969563;0.2;0.0;0;1;0;0
2;0.16666666666666666;0.08027661781755005;0.21048321048321048;0;0.361247905951916;0.4;0.0;0;1;0;0
4;0.25;0.26760889998987236;0.3677313677313677;1;0.09277468833358529;0.6;0.0;1;0;0;1
4;0.5;0.18465658478850938;0.2497952497952498;1;0.2666596399946495;0.2;0.0;0;0;1;1
4;0.16666666666666666;0.02235022993974441;0.30303030303030304;0;0.2235739258744044;0.4;0.0;0;0;1;0
3;0.0;0.09170698691254892;0.6846846846846847;0;0.04384222338835279;0.4;0.0;0;1;0;0
0;0.16666666666666666;0.20875972928436487;0.3063063063063063;1;0.15382277593208246;0.4;0.0;0;1;0;1
4;0.16666666666666666;0.08621017031337995;0.41605241605241605;1;0.2780426506897643;0.4;1.0;0;1;0;0
4;0.08333333333333333;0.2696408745758508;0.44553644553644556;0;0.21680293499183545;0.4;1.0;0;1;0;0
4;0.25;0.2652715200555096;0.19246519246519248;1;0.7816392312189453;0.0;0.0;0;1;0;1
4;0.16666666666666666;0.04756233366451348;0.21621621621621623;1;0.3387110040124166;0.4;0.0;0;0;1;0
3;0.4166666666666667;0.23035556270666124;0.1588861588861589;0;0.1692380941520507;0.0;0.0;0;1;0;0
4;0.25;0.09781852823138108;0.2113022113022113;0;0.4999137499863049;0.4;0.0;0;1;0;0
3;0.25;0.072658218794604;0.0;1;0.3077685964777349;0.4;0.0;0;0;1;1
3;0.16666666666666666;0.165540145241367;0.44553644553644556;0;0.3346904282525318;0.2;0.0;0;1;0;0
4;0.25;0.17337666864719756;0.6928746928746928;1;0.09346362082781204;0.4;1.0;0;1;0;0
4;0.16666666666666666;0.1251318359612644;0.3808353808353808;0;0.1889983423009427;0.6;0.0;0;1;0;1
0;0.5833333333333334;0.18524020256291693;0.12448812448812449;0;0.5338802203583523;0.6;0.0;0;1;0;1
4;0.5;0.3364722366946967;0.25143325143325146;1;0.3764616181363024;0.2;0.0;0;0;1;1
0;0.25;0.22961479594696776;0.28173628173628174;1;0.2441085249062683;0.2;0.0;0;1;0;1
3;0.08333333333333333;0.008515242249641203;0.19000819000819;1;0.38110786076900427;0.4;0.0;0;0;1;0
4;0.16666666666666666;0.21103940100325258;0.49795249795249796;1;0.26805597582662577;0.2;0.0;0;0;1;1
4;0.08333333333333333;0.1691787263628504;0.48976248976248976;1;0.1271386579986541;0.0;1.0;0;0;1;0
4;0.5;0.29075646438641745;0.16707616707616707;1;0.1232924270038909;0.0;0.0;0;1;0;1
3;0.0;0.14963141281485334;0.47583947583947583;1;0.18896718646788166;0.2;0.0;0;1;0;0
4;0.0;0.23387380107727576;0.6068796068796068;1;0.17585912212104854;1.0;1.0;0;1;0;1
4;0.08333333333333333;0.0010733214335692878;0.6683046683046683;0;0.6384536112853062;0.2;0.0;0;1;0;0
4;0.25;0.42362558337254347;0.8263718263718264;1;0.4177833563548105;0.0;0.0;0;0;1;0
2;0.08333333333333333;0.02350138727003685;0.20884520884520885;0;0.35206025932636953;0.2;0.0;0;1;0;0
2;0.16666666666666666;0.22210788901036818;0.819000819000819;0;0.08370248362164484;0.2;1.0;0;0;1;0
3;0.4166666666666667;0.295201984566081;0.2989352989352989;1;0.14036503698350047;0.2;0.0;0;1;0;0
3;0.25;0.00017812883939731213;0.2596232596232596;1;0.23556302900895326;0.2;0.0;0;1;0;0
4;1.0;0.27249886553431085;0.4103194103194103;1;0.3968363652323087;0.6;0.0;0;0;1;1
4;0.4166666666666667;0.19657669627566665;0.26126126126126126;1;0.325869341479921;0.0;0.0;0;1;0;0
4;0.16666666666666666;0.28436874970668785;0.4217854217854218;1;0.12208285700049938;0.4;0.0;0;0;1;0
4;0.3333333333333333;0.02158931739134851;0.14004914004914004;1;0.1797071377000474;0.0;0.0;0;1;0;0
4;0.3333333333333333;0.16711657983988493;0.3177723177723178;1;0.21688033895258824;0.0;0.0;0;0;1;0
0;0.3333333333333333;0.074304531765255;0.5675675675675675;1;0.1724525307159141;0.2;1.0;0;1;0;0
4;0.3333333333333333;0.03308667496206727;0.34725634725634724;0;0.32646260283106393;0.6;0.0;0;0;1;1
4;0.3333333333333333;0.15696088164759717;0.38001638001638;0;0.5575006039936871;0.4;0.0;0;1;0;0
4;0.5;0.07125674014897858;0.4348894348894349;1;0.21441658333452748;0.4;0.0;0;1;0;1
3;0.4166666666666667;0.25600468709684476;0.5487305487305487;1;0.59406349878484;0.0;0.0;0;0;1;0
4;0.4166666666666667;0.1379464316045997;0.08517608517608517;1;0.3713120563534598;0.4;0.0;0;0;1;0
4;0.0;0.01660159991422355;0.4520884520884521;1;0.5774264376302873;0.2;0.0;0;1;0;0
2;0.5;0.03205339313550014;0.31285831285831284;0;0.3886711667364213;0.2;0.0;0;1;0;1
2;0.3333333333333333;0.03411737693572099;0.3841113841113841;0;0.020486547885504993;0.0;1.0;0;1;0;0
3;0.3333333333333333;0.04684864113098949;0.5298935298935299;1;0.4666062374907761;0.6;0.0;0;1;0;1
4;0.16666666666666666;0.12209794019536095;0.16134316134316135;1;0.4679292552053122;0.2;0.0;0;0;1;0
4;0.08333333333333333;0.24999913147969394;0.19082719082719082;1;0.5067399365333554;0.4;0.0;0;1;0;0
4;0.25;0.10014493482225995;0.03931203931203931;0;0.7446829476325441;0.4;1.0;0;1;0;1
4;0.16666666666666666;0.15498449893117106;0.266994266994267;1;0.36905027468897844;0.4;0.0;0;1;0;0
2;0.08333333333333333;0.04230877580606967;0.5749385749385749;1;0.3413262970003613;0.6;0.0;0;1;0;1
4;0.3333333333333333;0.08217006820222128;0.3366093366093366;1;0.3357967745634315;0.4;0.0;0;0;1;0
4;0.16666666666666666;0.07797714780790832;0.13677313677313677;1;0.3586798680299135;0.4;1.0;1;0;0;0
4;0.5833333333333334;0.1342870543631124;0.27682227682227684;1;0.4495536681315632;0.4;0.0;0;1;0;1
4;0.4166666666666667;0.08112510944777362;0.11302211302211303;0;0.12926613713438817;0.4;0.0;0;0;1;0
4;0.3333333333333333;0.045199176371507395;0.171990171990172;0;0.6023112332866505;0.6;0.0;0;1;0;1
3;0.6666666666666666;0.031039845277907027;0.4201474201474201;0;0.6346835427890345;0.2;0.0;0;1;0;1
4;0.3333333333333333;0.03264042689982289;0.16461916461916462;1;0.4190950671782936;0.0;1.0;0;1;0;0
1;0.3333333333333333;0.4402432565931202;0.5389025389025389;1;0.7658259967330969;0.0;0.0;0;1;0;1
4;0.0;0.04914976228931651;0.3447993447993448;1;0.4766162454866215;0.4;0.0;0;1;0;0
4;0.25;0.18274442306251187;0.371007371007371;0;0.2543175998151515;0.6;0.0;0;1;0;1
3;0.08333333333333333;0.00816880371513702;0.31122031122031124;1;0.2120378541284607;0.0;0.0;0;0;1;0
0;0.16666666666666666;0.010381761770801416;0.4832104832104832;1;0.3385751599714044;0.0;0.0;0;0;1;0
2;0.16666666666666666;0.12887189426404597;0.48484848484848486;0;0.6327779818211416;0.0;0.0;1;0;0;0
0;0.25;0.067918253168668;0.411957411957412;1;0.07013863282611098;0.2;0.0;0;1;0;0
4;0.5;0.23630483167464456;0.4488124488124488;0;0.43809709526501955;0.0;0.0;0;1;0;1
4;0.3333333333333333;0.2204732978982382;0.32186732186732187;1;0.1109697229264114;0.2;0.0;0;1;0;0
4;0.0;0.15672649845094333;0.44553644553644556;1;0.3874731240298596;0.2;0.0;0;1;0;1
4;0.3333333333333333;0.18787321653864306;0.3013923013923014;0;0.5285478795108305;0.2;1.0;0;1;0;0
4;0.5;0.22737263224189175;0.3570843570843571;1;0.5963659774795584;0.4;0.0;0;1;0;1
4;0.16666666666666666;0.170226613184753;0.31203931203931207;1;0.40487057359454803;0.4;0.0;0;1;0;1
4;0.16666666666666666;0.08320648965748355;0.28173628173628174;1;0.43998432097935225;0.0;0.0;0;1;0;0
4;0.3333333333333333;0.03414960697814725;0.24406224406224405;1;0.28496302751546587;0.4;0.0;0;1;0;0
4;0.08333333333333333;0.17220116346070574;0.4332514332514332;0;0.3532402529784552;0.4;0.0;0;1;0;0
4;0.16666666666666666;0.04246772510081658;0.5716625716625716;1;0.13629356999786396;0.4;0.0;0;1;0;0
2;0.25;0.031173929586510118;0.5487305487305487;0;0.5463757183356845;0.4;0.0;0;1;0;0
2;0.25;0.02088663057119622;0.1506961506961507;1;0.22236841903098936;0.2;0.0;0;0;1;0
1;0.16666666666666666;0.10971596157130586;0.5675675675675675;1;0.27648646844822883;0.2;1.0;0;1;0;0
2;0.25;0.03082983496692708;0.3046683046683047;1;0.3471635941000446;0.6;0.0;0;0;1;1
2;0.08333333333333333;0.05219581851981088;0.45536445536445536;1;0.09869361262504027;0.6;0.0;0;1;0;1
3;0.16666666666666666;0.13730648430128448;0.20802620802620803;0;0.35356738631803664;0.2;0.0;0;1;0;1
4;0.0;0.17562717924943583;0.38001638001638;1;0.34449139831906334;0.2;0.0;0;0;1;0
0;0.16666666666666666;0.041988717814192826;0.40786240786240785;0;0.4916231172885587;0.0;0.0;0;1;0;1
4;0.3333333333333333;0.20580135775977365;0.11384111384111384;0;0.730044240582344;0.4;1.0;0;1;0;1
3;0.16666666666666666;0.006573570370718287;0.4561834561834562;0;0.2727010602886297;0.4;0.0;0;0;1;1
4;0.3333333333333333;0.4738906062696866;0.5773955773955773;1;0.15761961955069614;0.4;0.0;0;1;0;0
4;0.4166666666666667;0.05994317619546581;0.3284193284193284;0;0.47303505860348133;0.0;0.0;0;1;0;0
4;0.5;0.0436443319491684;0.5798525798525799;0;0.31304018766387626;0.0;1.0;0;0;1;1
4;0.16666666666666666;0.2861950571689171;0.32596232596232594;1;0.4864165709094855;0.6;0.0;0;0;1;1
4;0.5833333333333334;0.0157317352440848;0.4954954954954955;1;0.05058812349217191;0.4;0.0;0;1;0;1
4;0.0;0.0492055768593324;0.0;1;0.6408026420503937;0.2;0.0;0;1;0;0
3;0.16666666666666666;0.04939674295426004;0.7526617526617526;1;0.6231681867844325;0.2;0.0;0;0;1;0
2;0.08333333333333333;0.06138069923125221;0.601965601965602;1;0.18141704651683166;0.2;0.0;0;1;0;1
2;0.16666666666666666;0.20979263275583848;0.3104013104013104;1;0.40057047160171755;0.2;1.0;0;1;0;0
2;0.25;0.21056004372965226;0.03357903357903358;1;0.25630674327717873;0.2;0.0;0;1;0;0
1;0.08333333333333333;0.09958141173201854;0.4037674037674038;1;0.4211859377500427;0.6;0.0;0;0;1;1
1;0.25;0.533858318928002;0.12039312039312039;1;0.5350417721052693;0.2;0.0;0;1;0;1
4;0.3333333333333333;0.20676865567548455;0.42915642915642915;0;0.3809301293271536;0.2;0.0;0;0;1;0
4;0.25;0.12708466629397358;0.42424242424242425;1;0.4884477088043843;0.6;0.0;0;1;0;1
4;0.5;0.024683742334076976;0.2022932022932023;1;0.3536540092245603;0.0;0.0;0;1;0;1
3;0.25;0.08871170732746327;0.5405405405405406;0;0.18495893896396295;0.4;0.0;0;0;1;0
4;0.16666666666666666;0.0267102576881375;0.48894348894348894;1;0.3883267414682485;0.2;0.0;1;0;0;1
2;0.16666666666666666;0.03988029683705099;0.5167895167895168;1;0.5447389745619722;0.4;0.0;0;1;0;1
4;0.0;0.12877006990001122;0.3579033579033579;1;0.5351536897224882;0.2;0.0;0;1;0;0
1;0.16666666666666666;0.022612902166722227;0.12448812448812449;1;0.6525218720774355;0.6;0.0;0;0;1;1
4;0.25;0.010527030039347834;0.5167895167895168;1;0.4581252218151352;0.6;0.0;0;1;0;1
3;0.25;0.08430629840128012;0.31203931203931207;1;0.17533774883398723;0.2;0.0;0;1;0;0
4;0.4166666666666667;3,64E+10;0.1294021294021294;1;0.19811622972695822;0.6;0.0;0;1;0;1
3;0.25;0.10439168922200373;0.5782145782145782;1;0.2005893472970547;0.0;0.0;0;0;1;0
4;0.25;0.2576357632774866;0.7002457002457002;0;0.2725505521360521;0.2;0.0;0;0;1;1
4;0.3333333333333333;0.02341016369869698;0.3497133497133497;1;0.3302950085668782;0.0;0.0;0;0;1;0
0;0.08333333333333333;0.053618288153546315;0.7100737100737101;1;0.28256450601399025;0.2;0.0;0;1;0;0
4;0.4166666666666667;0.27601927701694695;0.37182637182637185;1;0.1639744634294166;0.0;0.0;0;1;0;0
4;0.16666666666666666;0.13533840913401773;0.294021294021294;1;0.08546479091940365;0.4;0.0;0;1;0;0
3;0.16666666666666666;0.016107447837674864;0.25307125307125306;1;0.3646034513168457;0.4;0.0;0;1;0;0
4;0.16666666666666666;0.05347873865491291;0.6248976248976249;0;0.5899147355556732;0.0;0.0;0;1;0;0
4;0.5;0.15688049427752254;0.2285012285012285;1;0.3043041159943115;0.4;0.0;0;1;0;1
2;0.4166666666666667;0.12154137163265162;0.4774774774774775;0;0.5028518595086814;0.2;0.0;0;1;0;0
1;0.3333333333333333;0.018756710267727895;0.26535626535626533;1;0.6002698715324588;0.2;1.0;0;1;0;1
1;0.25;0.007109359476129396;0.2809172809172809;0;0.20706256389223612;0.0;0.0;0;1;0;1
2;0.3333333333333333;0.12729263484216766;0.5257985257985258;0;0.3847088916936837;0.4;1.0;0;0;1;0
3;0.25;0.10442225932938347;0.294021294021294;1;0.37920186084049434;0.2;0.0;0;1;0;0
4;0.25;0.0067373913744580285;0.29074529074529076;1;0.32677955359773814;0.6;0.0;0;1;0;1
4;0.16666666666666666;0.4095480904235652;0.5421785421785422;1;0.6059099264636643;0.2;0.0;0;1;0;0
4;0.16666666666666666;0.03230243672813149;0.6183456183456183;1;0.1085388952251137;0.2;0.0;0;0;1;0
4;0.25;0.05420650991770961;0.4619164619164619;1;0.257891991585383;0.2;0.0;0;1;0;0
4;0.25;0.021686036514450203;0.2497952497952498;0;0.12195610564740098;0.2;0.0;0;1;0;0
3;0.5;0.1961282579446899;0.2727272727272727;1;0.30769073341979297;0.2;0.0;0;1;0;1
4;0.08333333333333333;0.36546972302906044;0.36936936936936937;0;0.2858113603683713;0.2;0.0;0;1;0;0
4;0.25;0.02662521241710764;0.4095004095004095;1;0.28537764133593196;0.2;0.0;0;0;1;0
4;0.4166666666666667;0.03697304804414505;0.19492219492219492;1;0.5174699995304609;0.8;0.0;0;1;0;1
4;0.25;0.1363366314815714;0.475020475020475;1;0.32438230144238694;0.4;0.0;0;1;0;0
2;0.3333333333333333;0.08344120210470339;0.371007371007371;1;0.4017502377643894;0.6;0.0;0;1;0;1
4;0.08333333333333333;0.012281905261377927;0.07534807534807535;1;0.3308565687201946;0.2;0.0;0;1;0;0
2;0.25;0.2936458720713073;0.20475020475020475;1;0.4053623509934391;0.4;1.0;0;1;0;1
4;0.4166666666666667;0.1050296096678189;0.27436527436527436;1;0.06970022122216692;0.0;0.0;0;1;0;0
4;0.3333333333333333;0.03981678629978262;0.3447993447993448;0;0.11646621913047792;0.2;0.0;0;0;1;0
4;0.08333333333333333;0.07480875499554791;0.6658476658476659;1;0.13781427796969342;0.4;0.0;0;0;1;0
3;0.4166666666666667;0.07711003004591954;0.3955773955773956;1;0.3046017982209198;0.2;0.0;0;0;1;0
4;0.4166666666666667;0.08286025329720223;0.21867321867321868;0;0.3921759388191463;0.4;1.0;0;1;0;0
3;0.16666666666666666;0.0764571176237964;0.3931203931203931;1;0.32684833184831896;0.0;0.0;0;1;0;0
3;0.4166666666666667;0.09173316434799436;0.2989352989352989;0;0.4976887112014512;0.4;1.0;0;1;0;0
4;0.08333333333333333;0.05554271995512656;0.4095004095004095;1;0.1711385492298589;0.8;0.0;0;1;0;1
4;0.4166666666666667;0.01751231960247824;0.4520884520884521;1;0.2446443720665604;0.4;0.0;0;1;0;1
4;0.4166666666666667;0.12147676637478297;0.5544635544635544;1;0.16307378704650569;0.4;0.0;0;0;1;0
2;0.3333333333333333;0.17490486048717618;0.35298935298935297;0;0.9342943851320165;0.2;1.0;0;1;0;1
3;0.75;0.2045472187011037;0.6248976248976249;0;0.2954533609189043;0.2;1.0;0;0;1;1
4;0.3333333333333333;0.0024002182949106935;0.5053235053235053;0;0.3550578514077962;0.2;0.0;0;1;0;0
0;0.3333333333333333;0.05762972341649759;0.24078624078624078;0;0.602404197674848;0.2;0.0;0;1;0;0
3;0.16666666666666666;0.4268446735983567;0.7182637182637183;0;0.1991250476862584;0.4;0.0;0;1;0;0
4;0.0;0.007118975021944746;0.4103194103194103;1;0.52563061962529;0.0;0.0;0;1;0;0
4;0.5;0.1712484932733462;0.2194922194922195;1;0.4711983347180846;0.2;0.0;0;1;0;1
4;0.25;0.014929753288000397;0.6273546273546273;1;0.5421094923162392;0.6;0.0;0;0;1;1
4;0.08333333333333333;0.19363678203606668;0.696969696969697;1;0.39364579721437737;0.0;1.0;0;0;1;0
4;0.16666666666666666;0.12403986678841555;0.35135135135135137;1;0.5408150019991497;0.4;0.0;0;1;0;0
3;0.16666666666666666;0.14358818980368834;0.27436527436527436;1;0.27241081570352554;0.0;0.0;0;1;0;0
3;0.16666666666666666;0.4212243944346264;0.3284193284193284;1;0.5025523237883087;0.4;0.0;0;0;1;0
4;0.3333333333333333;0.31201790726640716;0.47338247338247336;1;0.7732391391068265;0.8;0.0;0;0;1;1
0;0.3333333333333333;0.040313761544519267;0.5659295659295659;0;0.37343558789359027;0.4;0.0;0;1;0;0
4;0.16666666666666666;0.05226505281171717;0.45045045045045046;0;0.2379067801473221;0.4;0.0;0;0;1;0
3;0.5;0.058108505130741096;0.37346437346437344;0;0.20384542981288648;0.0;0.0;0;1;0;1
4;0.3333333333333333;0.022089595771272796;0.601965601965602;1;0.20963402220387156;0.0;0.0;0;1;0;0
4;0.08333333333333333;0.05332407438081175;0.30548730548730546;0;0.537241076118782;0.2;0.0;0;1;0;1
3;0.16666666666666666;0.42991384045028574;0.5257985257985258;1;0.05568758639871117;0.2;1.0;0;1;0;1
4;0.3333333333333333;0.07475640610096182;0.3095823095823096;0;0.21577964345661524;0.2;0.0;0;1;0;0
0;0.25;0.3392013912680235;0.4275184275184275;1;0.34962658130118246;0.2;0.0;0;1;0;0
3;0.3333333333333333;0.008179775647940993;0.33824733824733827;1;0.46240317022411903;0.2;0.0;0;1;0;0
4;0.4166666666666667;0.004389832361199805;0.34725634725634724;1;0.4205523911271004;0.0;0.0;1;0;0;0
2;0.0;0.09522459270451915;0.29484029484029484;0;0.14662419813085928;0.2;0.0;1;0;0;1
2;0.5833333333333334;0.14822397103785462;0.5765765765765766;1;0.2850943102447414;0.2;0.0;0;1;0;1
2;0.0;0.027214202368711405;0.23669123669123668;1;0.26891321701791737;0.4;0.0;0;1;0;0
3;0.5833333333333334;0.07780498482709758;0.23505323505323505;1;0.7484853581540103;0.4;0.0;0;1;0;1
4;0.4166666666666667;0.2294860327237178;0.7043407043407044;0;0.2874727594404002;0.6;0.0;0;1;0;1
0;0.08333333333333333;0.1595242272611037;0.5167895167895168;1;0.5995103698876402;0.2;0.0;0;1;0;0
2;0.3333333333333333;0.029274239228783718;0.0;1;0.440436954583209;0.2;0.0;0;1;0;0
0;0.25;0.04523558104384036;0.26371826371826373;1;0.1993122886105642;0.0;0.0;0;1;0;0
4;0.25;0.04054109146458859;0.05978705978705979;1;0.15893354770067744;0.2;0.0;0;1;0;0
1;0.08333333333333333;0.14137415365428696;0.20065520065520065;1;0.39851420668791765;0.0;0.0;0;1;0;0
1;0.08333333333333333;0.3835463702661849;0.0;1;0.028023930557227072;0.2;0.0;0;0;1;0
4;0.08333333333333333;0.03649434650623775;0.33415233415233414;1;0.4057170750852767;0.6;0.0;0;1;0;1
4;0.25;0.09867592847807356;0.16953316953316952;1;0.6520749392042372;0.4;0.0;0;1;0;1
3;0.5;0.4973519353963891;0.36609336609336607;1;0.3793766547444617;0.4;0.0;0;1;0;1
3;0.3333333333333333;0.019010122664503477;0.09009009009009009;0;0.7377560028204698;0.6;0.0;0;1;0;1
4;0.0;0.11966679803833934;0.3701883701883702;0;0.31399804141242393;0.0;0.0;0;1;0;0
4;0.08333333333333333;0.04482117673546802;0.2891072891072891;0;0.22436538993422636;0.4;1.0;0;0;1;1
4;0.0;0.5326470628249411;0.6027846027846028;1;0.3038289406917499;0.2;0.0;0;1;0;0
3;0.16666666666666666;0.01274336414524923;0.588042588042588;0;0.6302392149763402;0.4;0.0;0;0;1;0
4;0.25;0.06670468544826316;0.4856674856674857;0;0.06438754473850347;0.0;1.0;0;1;0;0
4;0.3333333333333333;0.03268035715966564;0.30303030303030304;1;0.13926536621677166;0.2;0.0;0;1;0;0
4;0.3333333333333333;0.0035127186928751394;0.6822276822276823;1;0.3332066678150588;0.4;0.0;0;1;0;0
2;0.08333333333333333;0.3685711779961744;0.10237510237510238;1;0.31791314769320245;0.4;0.0;0;1;0;0
2;0.16666666666666666;0.09336469612341743;0.12694512694512694;0;0.45198260979075866;0.4;0.0;0;1;0;0
2;0.3333333333333333;0.13418561185323627;0.34316134316134317;1;0.10579433640089231;0.2;0.0;0;0;1;0
4;0.3333333333333333;0.10767146960434526;0.7256347256347256;1;0.7417681142953597;0.2;0.0;0;1;0;1
4;0.0;0.01781387294993929;0.3235053235053235;1;0.2372196487700236;0.2;1.0;0;1;0;0
4;0.3333333333333333;0.02073800119099744;0.32678132678132676;0;0.0771994799766809;0.4;0.0;0;0;1;0
1;0.25;0.1094944292734479;0.12039312039312039;1;0.23472520385703388;0.2;0.0;0;1;0;1
4;0.5;0.16830708746071354;0.5118755118755118;0;0.44550602062493144;0.2;0.0;0;1;0;1
0;0.3333333333333333;0.10500646092537835;0.5126945126945127;0;0.34751061978223424;0.4;0.0;0;1;0;0
3;0.5833333333333334;0.09393352745644883;0.4856674856674857;1;0.5618189670000382;0.2;0.0;0;1;0;1
4;0.0;0.15239701845288758;0.2538902538902539;0;0.326687891362228;0.4;0.0;0;1;0;0
4;0.25;0.030995846115142906;0.24078624078624078;1;0.26099576447012635;0.0;1.0;0;1;0;0
2;0.25;0.1462969170643707;0.14496314496314497;0;0.2928377641123977;0.0;0.0;0;1;0;0
4;0.16666666666666666;0.05886913680209768;0.3701883701883702;1;0.11949630972078103;0.2;0.0;0;1;0;0
3;0.08333333333333333;0.12466240498875152;0.17936117936117937;1;0.44902793875807334;0.4;1.0;0;1;0;0
4;0.25;0.03566872689141716;0.1638001638001638;1;0.5141798995511332;0.4;0.0;0;1;0;0
4;0.3333333333333333;0.016384612210661006;0.28746928746928746;1;0.48632620575708735;0.4;0.0;0;1;0;0
4;0.5;0.0032231459152609367;0.27682227682227684;1;0.06982618648727835;0.2;0.0;0;0;1;1
2;0.3333333333333333;0.18095810658905623;0.26863226863226863;0;0.6730114999140222;0.8;0.0;0;1;0;1
2;0.25;0.02433830448157516;0.4332514332514332;0;0.31995543442709196;0.0;0.0;0;0;1;0
4;0.0;0.05019155670219048;0.36936936936936937;1;0.39618883772210717;0.0;0.0;0;1;0;0
4;0.3333333333333333;0.1629047798681231;0.3095823095823096;0;0.09334086866500682;0.2;0.0;0;1;0;1
4;0.16666666666666666;0.06648698802345593;0.38656838656838655;1;0.7077289452145512;0.4;0.0;0;1;0;1
2;0.25;0.027226986701206553;0.1941031941031941;0;0.23255569888437627;0.4;0.0;0;0;1;0
4;0.4166666666666667;0.024032949274805353;0.37428337428337427;1;0.3253367245054714;0.4;0.0;0;1;0;0
4;0.08333333333333333;0.05825004588536509;0.38165438165438165;1;0.36600641599292444;0.6;0.0;0;0;1;1
2;0.3333333333333333;0.09259552098457301;0.11056511056511056;1;0.1984645255294704;0.4;0.0;1;0;0;0
2;0.25;0.05535927368262348;0.5200655200655201;1;0.5460305793743812;0.0;0.0;0;1;0;0
4;0.25;0.2613371943188612;0.21212121212121213;1;0.31775291910118225;0.2;0.0;0;1;0;0
1;0.5;0.0003578800853463369;0.37182637182637185;1;0.3291177682195523;0.4;0.0;0;1;0;1
4;0.3333333333333333;0.05714232298994764;0.5470925470925471;1;0.6904330402047464;0.2;0.0;0;1;0;1
4;0.5833333333333334;0.15103557577740517;0.5085995085995086;0;0.24673343145154797;0.0;0.0;0;1;0;1
4;0.16666666666666666;0.24643306514112712;0.361998361998362;0;0.46644151285119045;0.4;0.0;0;0;1;0
4;0.0;0.04931011951110206;0.2972972972972973;1;0.5959640991287837;0.4;0.0;0;1;0;0
2;0.08333333333333333;0.12450516016050939;0.5118755118755118;1;0.1526342949191597;0.4;0.0;0;1;0;0
3;0.3333333333333333;0.09654734745107085;0.4668304668304668;0;0.2971097726541901;0.2;0.0;0;1;0;0
4;0.0;0.02497238789414515;0.25552825552825553;1;0.1696276619997405;0.4;0.0;0;0;1;0
4;0.08333333333333333;0.12704109684411036;0.22686322686322685;1;0.5484752789311452;0.4;0.0;0;1;0;1
4;0.25;0.03187549517674306;0.0171990171990172;0;0.355107650411431;0.2;0.0;0;0;1;0
2;0.3333333333333333;0.1703974912506562;0.38165438165438165;0;0.3037771097236078;0.2;0.0;1;0;0;0
4;0.3333333333333333;0.22348634353495772;0.34316134316134317;1;0.2691505091520726;0.2;0.0;0;1;0;0
4;0.16666666666666666;0.07235402114805319;0.542997542997543;1;0.1130847194721691;0.4;0.0;0;1;0;0
2;0.3333333333333333;0.0061218633370477065;0.4152334152334152;1;0.42191836806597816;0.2;0.0;0;1;0;0
4;0.4166666666666667;0.14868847932261725;0.5749385749385749;0;0.1173356746854392;0.0;0.0;0;1;0;1
3;0.0;0.06998854485262057;0.24242424242424243;1;0.3686839956816113;0.2;0.0;0;0;1;0
3;0.4166666666666667;0.010978104920750461;0.542997542997543;1;0.23381161699172126;0.4;0.0;0;1;0;1
4;0.08333333333333333;0.04467950758819476;0.2702702702702703;0;0.2716051538307151;0.4;0.0;0;1;0;0
4;0.16666666666666666;0.03813895783247087;0.48402948402948404;1;0.5705697934470588;0.6;0.0;0;1;0;1
4;0.4166666666666667;0.14412618925829299;0.11793611793611794;0;0.10449506356927074;0.6;0.0;0;1;0;1
4;0.3333333333333333;0.06132369340513526;0.3955773955773956;0;0.0470789370177934;0.4;0.0;0;1;0;0
4;0.25;0.09833785112284105;0.03194103194103194;1;0.8300047026510967;0.6;0.0;0;1;0;1
4;0.08333333333333333;0.07729983162504295;0.31285831285831284;1;0.21763943100699745;0.2;0.0;0;0;1;0
0;0.5;0.14327455357268315;0.42915642915642915;1;0.13367685416738576;0.2;0.0;0;1;0;1
4;0.16666666666666666;0.1407980527047275;0.2710892710892711;1;0.34296075679158833;0.2;0.0;0;1;0;0
3;0.16666666666666666;0.06620562262789483;0.18427518427518427;0;0.08862549620446451;0.0;0.0;0;0;1;0
0;0.25;0.01607137380010678;0.4954954954954955;1;0.15562778474240074;0.4;0.0;1;0;0;0
4;0.3333333333333333;0.0582389600725823;0.33988533988533987;1;0.13698352172731076;0.2;0.0;0;1;0;0
3;0.08333333333333333;0.019348203425635885;0.27682227682227684;0;0.04174432097153124;0.4;0.0;0;1;0;1
4;0.08333333333333333;0.35576803149670383;0.36363636363636365;0;0.3065047180332132;0.0;0.0;0;1;0;0
4;0.3333333333333333;0.3335786747023696;0.7886977886977887;0;0.08672198786586513;0.0;0.0;0;1;0;1
3;0.3333333333333333;0.0678110010781534;0.5454545454545454;0;0.3807525850574445;0.2;0.0;0;0;1;0
4;0.08333333333333333;0.003047801355487781;0.5470925470925471;1;0.24131160397519072;0.2;0.0;0;1;0;0
4;0.16666666666666666;0.052163084634419106;0.4283374283374283;1;0.5119427002646926;0.2;0.0;0;0;1;0
4;0.3333333333333333;0.250803832248808;0.3841113841113841;1;0.13267816800199358;0.4;1.0;0;1;0;1
4;0.25;0.03772874955649574;0.0;1;0.343967369324906;0.0;0.0;0;1;0;0
4;0.08333333333333333;0.10817216553508423;0.2457002457002457;1;0.05135858471720842;0.4;0.0;0;1;0;0
4;0.0;0.02254709757796043;0.27764127764127766;1;0.5173386101736829;0.0;0.0;0;1;0;0
3;0.5;0.19397042539332607;0.049959049959049956;0;0.1312437200841811;0.6;0.0;0;1;0;1
4;0.4166666666666667;0.2474639346494797;0.16707616707616707;1;0.3334690836856892;0.4;1.0;0;1;0;0
3;0.4166666666666667;0.10617103718421143;0.03194103194103194;1;0.2860732394157566;0.4;0.0;0;1;0;1
2;0.3333333333333333;0.10869811180917678;0.35053235053235055;1;0.21088536329148672;0.4;0.0;0;0;1;0
4;0.08333333333333333;0.0528620954626916;0.4905814905814906;1;0.36527567464479255;0.4;0.0;0;1;0;0
2;0.16666666666666666;0.13655498695854518;0.538083538083538;0;0.16027041353174418;0.0;0.0;0;0;1;0
2;0.25;0.07236240304562126;0.42424242424242425;0;0.18838116441748312;0.2;0.0;0;1;0;0
4;0.25;0.15218896799905918;0.19901719901719903;0;0.24546421371689262;0.4;0.0;0;0;1;0
2;0.25;0.38470901583387557;0.04013104013104013;0;0.33405472423811655;0.8;0.0;1;0;0;1
4;0.0;0.19220989755495246;0.0687960687960688;1;0.3322815962071249;0.2;1.0;0;1;0;0
3;0.25;0.08098031467413885;0.14905814905814907;1;0.7096555994816467;0.4;0.0;0;0;1;1
1;0.6666666666666666;0.42919287120899774;0.2113022113022113;0;0.43620130106535504;0.8;0.0;0;1;0;1
4;0.4166666666666667;0.10387136790823769;0.3308763308763309;1;0.36842866098248434;0.4;0.0;0;0;1;1
3;0.08333333333333333;0.007393413683724611;0.19082719082719082;1;0.20965014808498952;0.4;0.0;0;1;0;0
4;0.16666666666666666;0.14576806198082978;0.411957411957412;0;0.3468337051864167;0.4;0.0;0;1;0;0
4;0.16666666666666666;0.1907698872612134;0.3185913185913186;1;0.22935007919642053;0.2;0.0;0;1;0;0
4;0.4166666666666667;0.016046430425510832;0.35872235872235875;1;0.47160895344997006;0.4;0.0;0;1;0;0
4;0.25;0.1264656384670153;0.5438165438165438;1;0.19800586720197036;0.6;0.0;0;1;0;1
3;0.3333333333333333;0.28224376409263013;0.16298116298116297;1;0.3285226359421573;0.4;0.0;1;0;0;1
4;0.4166666666666667;0.03215182025721609;0.4250614250614251;0;0.39872407479657074;0.6;0.0;0;0;1;1
4;0.5;0.09778978346247455;0.3546273546273546;1;0.791304790320962;0.6;0.0;0;1;0;1
4;0.08333333333333333;0.035649035352395636;0.3022113022113022;1;0.01550006345703192;0.4;0.0;0;0;1;0
4;0.3333333333333333;0.16561022980028364;0.502047502047502;1;0.5839761150019386;0.6;0.0;0;0;1;1
4;0.16666666666666666;0.09662991270074661;0.5004095004095004;1;0.13673170161416204;0.2;0.0;0;1;0;0
0;0.25;0.06210104463885841;0.20147420147420148;0;0.3579928734063729;0.0;0.0;0;1;0;0
1;0.4166666666666667;0.0032035463377422867;0.32678132678132676;1;0.7347192858563173;0.2;0.0;0;1;0;1
4;0.0;0.3222466407903143;0.40294840294840295;0;0.2020231026506035;0.2;1.0;0;0;1;0
3;0.5;0.0765531273340023;0.31203931203931207;1;0.26904710251447783;0.2;0.0;0;0;1;1
4;0.16666666666666666;0.18131839771946553;0.45290745290745293;0;0.44587346038956077;0.0;0.0;0;1;0;1
3;0.0;0.05527566243955641;0.40294840294840295;1;0.44673151331057637;0.2;0.0;0;1;0;0
4;0.3333333333333333;0.21035497720877977;0.6568386568386568;0;0.4566977784028574;0.4;0.0;0;0;1;1
4;0.4166666666666667;0.019335450672871728;0.10565110565110565;1;0.12100929769338847;0.0;0.0;0;0;1;1
4;0.3333333333333333;0.02922789787775055;0.3366093366093366;1;0.2997732662957957;0.2;0.0;0;0;1;0
4;0.25;0.04505516287019364;0.20802620802620803;1;0.32143201031389984;0.2;0.0;0;1;0;0
4;0.5;0.01025253580916882;0.45536445536445536;1;0.3593142651034717;0.4;0.0;0;1;0;1
4;0.16666666666666666;0.06521109736127116;0.09172809172809172;0;0.4455973025239611;0.2;0.0;0;1;0;1
0;0.16666666666666666;0.07396605137476944;0.4135954135954136;1;0.624074035203403;0.0;0.0;0;1;0;1
4;0.25;0.013498579914465705;0.25307125307125306;1;0.3571681011627501;0.4;0.0;0;0;1;0
2;0.16666666666666666;0.06191100760398121;0.23669123669123668;1;0.5434996534198614;0.4;0.0;0;1;0;0
4;0.0;0.024383599347164338;0.11957411957411958;1;0.32511503731680674;0.0;0.0;0;0;1;0
4;0.3333333333333333;0.2314929987976453;0.2800982800982801;0;0.8115835292329762;0.0;0.0;0;1;0;1
4;0.16666666666666666;0.07914265348155809;0.533988533988534;0;0.39366195519028524;0.4;0.0;0;0;1;1
1;0.08333333333333333;0.33772124067964343;0.3521703521703522;0;0.01532791242766606;0.6;0.0;0;1;0;1
4;0.0;0.046405338689389786;0.4594594594594595;0;0.2851908434313911;0.4;1.0;0;1;0;0
4;0.3333333333333333;0.046399197276953776;0.628992628992629;1;0.13876097294831513;0.2;0.0;0;1;0;1
3;0.16666666666666666;0.04594679160033386;0.39967239967239965;0;0.44727078932570985;0.2;0.0;0;1;0;0
4;0.08333333333333333;0.03468630811541053;0.26535626535626533;1;0.05693534878884713;0.0;0.0;0;0;1;0
2;0.5833333333333334;0.17056699792616858;0.4332514332514332;0;0.5137327612241843;0.4;0.0;0;1;0;1
4;0.08333333333333333;0.03690659088963151;0.2678132678132678;1;0.6626023869331346;0.2;0.0;0;1;0;1
3;0.25;0.0377275114379185;0.27436527436527436;1;0.5653975840195724;0.8;0.0;0;0;1;1
2;0.08333333333333333;0.005274796584687569;0.10810810810810811;0;0.08387148398916044;0.0;0.0;0;0;1;1
1;0.5;0.3740986351838348;0.5085995085995086;0;0.3365630228648946;0.6;0.0;0;1;0;1
1;0.5833333333333334;0.241840930637675;0.2932022932022932;0;0.34383698509412547;0.2;0.0;0;0;1;1
4;0.4166666666666667;0.03843243121651139;0.38656838656838655;1;0.18179400525346875;0.6;0.0;0;1;0;1
4;0.3333333333333333;0.08177564828037569;0.18673218673218672;1;0.32556290849792197;0.2;1.0;0;1;0;1
3;0.25;0.07328003955418613;0.4283374283374283;1;0.4107730265928351;0.2;0.0;0;1;0;0
4;0.3333333333333333;0.010143661366604379;0.23177723177723178;1;0.4308445247679518;0.0;0.0;0;1;0;0
4;0.25;0.08422356442127904;0.3333333333333333;1;0.09225521274256043;0.0;0.0;0;1;0;0
1;0.4166666666666667;0.013313531260263524;0.5004095004095004;0;0.3632063907059369;0.6;0.0;0;1;0;1
4;0.16666666666666666;0.06327711708926022;0.4864864864864865;1;0.48338728237081946;0.2;0.0;0;1;0;0
4;0.5;0.010156003621974137;0.35298935298935297;0;0.6991503223696721;0.8;0.0;0;0;1;1
4;0.5;0.09884244505983054;0.06715806715806716;1;0.5737206594963017;0.4;0.0;0;1;0;1
3;0.25;0.005521702575840895;0.8468468468468469;1;0.5912809943111799;0.4;0.0;1;0;0;0
3;0.25;0.11008669298510602;0.642915642915643;1;0.3796753425951751;0.4;0.0;0;0;1;0
2;0.08333333333333333;0.1366032803498507;0.475020475020475;1;0.35902785096880224;0.6;0.0;0;1;0;1
2;0.9166666666666666;0.09406032676362767;0.2334152334152334;1;0.18498769484449967;0.2;0.0;0;1;0;1
4;0.25;0.07046464782098712;0.33824733824733827;1;0.24969020869668468;0.6;1.0;0;1;0;1
2;0.16666666666666666;0.006909039777067363;0.2678132678132678;1;0.5336920377962638;0.2;0.0;0;0;1;0
1;0.25;0.0012009316367999226;0.5634725634725635;1;0.20899269603822457;0.4;0.0;0;1;0;1
2;0.16666666666666666;0.04657442643042854;0.39967239967239965;1;0.44457301906410834;0.4;0.0;0;1;0;0
2;0.25;0.16406490356271644;0.2285012285012285;1;0.605557503990514;0.6;1.0;0;0;1;1
3;0.25;0.11587931937354308;0.27927927927927926;1;0.10958896118502279;0.2;0.0;0;1;0;0
3;0.3333333333333333;0.014823868708090788;0.5405405405405406;1;0.23485459265908457;0.2;0.0;0;1;0;0
2;0.6666666666666666;0.12950760162052483;0.6191646191646192;0;0.33024865030517225;0.6;0.0;0;1;0;1
4;0.25;0.09511603164085168;0.6068796068796068;1;0.5607896789868215;0.0;0.0;0;0;1;0
1;0.3333333333333333;0.020224435746824525;0.48075348075348073;1;0.40511495044371765;0.4;0.0;0;0;1;1
4;0.08333333333333333;0.1565646855166767;0.3153153153153153;1;0.4603258772379384;0.4;1.0;0;1;0;0
4;0.3333333333333333;0.19729082141688256;0.0;1;0.1635643923322893;0.6;0.0;0;1;0;1
4;0.25;0.02938198504855707;0.40540540540540543;0;0.3838085678824602;0.0;0.0;0;0;1;0
2;0.0;0.1123426109216944;0.35626535626535627;0;0.7407417906076394;0.2;0.0;0;0;1;1
4;0.3333333333333333;0.052785570145114855;0.37919737919737917;0;0.4525553806080079;0.4;0.0;0;0;1;0
4;0.3333333333333333;0.00663314606593679;0.3652743652743653;1;0.1957637214848231;0.6;0.0;0;1;0;1
4;0.4166666666666667;0.21977528461012774;0.13923013923013924;1;0.3170243522852136;0.4;0.0;0;0;1;0
2;0.3333333333333333;0.19119263093934472;0.447993447993448;1;0.44416986488667926;0.2;0.0;0;1;0;0
2;0.08333333333333333;0.0425059307686853;0.46027846027846026;1;0.2681453343543986;0.0;1.0;0;1;0;0
4;0.5;0.08429669690475568;0.46846846846846846;0;0.2845810894149513;0.2;0.0;0;0;1;1
4;0.16666666666666666;0.07984237835467412;0.5118755118755118;1;0.2942158593333059;0.2;1.0;0;1;0;0
4;0.08333333333333333;0.021667318898941242;0.45536445536445536;1;0.3343580189240575;0.4;0.0;0;0;1;0
4;0.08333333333333333;0.01744864186041405;0.2891072891072891;1;0.324580213744377;0.2;0.0;0;1;0;0
4;0.5;0.206845147915696;0.3447993447993448;0;0.13280742005941903;0.2;0.0;0;0;1;1
4;0.3333333333333333;0.22470182449268908;0.37182637182637185;0;0.6011525635658226;0.4;0.0;0;1;0;1
4;0.0;0.14364753718603682;0.37428337428337427;1;0.594700630805774;0.0;0.0;0;1;0;0
3;0.16666666666666666;0.0083365706859577;0.5200655200655201;1;0.2638236317811779;0.4;0.0;0;1;0;0
4;0.5;0.2668005904533829;0.4619164619164619;1;0.31094472201756557;0.4;0.0;0;1;0;1
0;0.5833333333333334;0.4394793337238068;0.696969696969697;1;0.25064081454795956;0.0;0.0;0;0;1;1
4;0.25;0.16620690666181123;0.7182637182637183;1;0.574232351275301;0.4;0.0;0;1;0;0
2;0.08333333333333333;0.048448237397929854;0.36936936936936937;0;0.523263603917317;0.2;0.0;0;1;0;1
3;0.25;0.05784474592877818;0.0;0;0.17467876490607404;0.0;1.0;0;1;0;1
2;0.25;0.22662985825420023;0.5593775593775594;0;0.5375327117537715;0.2;0.0;0;0;1;1
2;0.0;0.036510987747954526;0.2678132678132678;0;0.4045067567085492;0.2;0.0;0;1;0;0
2;0.08333333333333333;0.016952714655323452;0.22522522522522523;0;0.619771010590585;0.4;0.0;0;1;0;0
1;0.08333333333333333;0.19247859737833742;0.2915642915642916;0;0.45585195007300294;0.4;0.0;0;1;0;1
4;0.08333333333333333;0.023835548176611664;0.2833742833742834;1;0.26553515023500446;0.2;0.0;0;0;1;0
4;0.25;0.2645669658195248;0.457002457002457;1;0.4207770740862381;0.4;1.0;0;1;0;0
4;0.6666666666666666;0.10068900832747073;0.10155610155610155;0;0.3593165542606757;0.6;0.0;0;1;0;1
2;0.4166666666666667;0.09011400420211442;0.18018018018018017;1;0.2058414335224039;0.0;0.0;0;0;1;0
3;0.08333333333333333;0.16627406947140638;0.41277641277641275;1;0.2932963205767022;0.0;0.0;0;1;0;0
0;0.6666666666666666;0.001777756567943401;0.45864045864045866;1;0.7690161906888294;0.2;0.0;0;1;0;1
3;0.4166666666666667;0.13903161030053654;0.4619164619164619;1;0.22598865287975484;0.6;0.0;1;0;0;1
4;0.4166666666666667;0.10146551978238218;0.22768222768222768;1;0.3373705257339216;0.2;0.0;0;1;0;0
4;0.08333333333333333;0.08247709635603992;0.19656019656019655;0;0.40253101488426946;0.2;0.0;0;1;0;0
4;0.16666666666666666;0.027195308904630094;0.27354627354627353;0;0.2921284407798486;0.6;1.0;0;1;0;1
4;0.25;0.19672178838487825;0.3955773955773956;0;0.33412804680885266;0.2;0.0;0;0;1;0
4;0.0;0.03203659106929137;0.6003276003276004;1;0.28506001742611303;0.4;0.0;0;1;0;0
3;0.4166666666666667;0.07480215721708748;0.021294021294021293;1;0.37984840820239046;1.0;1.0;0;1;0;1
2;0.16666666666666666;0.0190763017814789;0.3202293202293202;0;0.11056109373971311;0.4;1.0;0;1;0;0
3;0.5;0.40478487405737706;0.13841113841113842;1;0.22319026184322643;0.2;0.0;0;0;1;1
4;0.25;0.02400123902195687;0.085995085995086;1;0.08048182181820643;0.2;0.0;0;1;0;0
4;0.5;0.1808133700900731;0.5151515151515151;0;0.32970673907049847;0.4;0.0;0;1;0;1
4;0.3333333333333333;0.03389757901486229;0.44553644553644556;1;0.6148078620204294;0.0;0.0;0;1;0;0
3;0.08333333333333333;0.032840254280057136;0.42997542997543;1;0.13360233744137306;0.8;0.0;0;1;0;1
3;0.3333333333333333;0.06086939412874346;0.5077805077805078;1;0.3850359041821019;0.6;0.0;0;0;1;1
4;0.25;0.207979588274007;0.2784602784602785;1;0.46582781323669636;0.2;0.0;0;1;0;0
4;0.08333333333333333;0.12937157089392967;0.2858312858312858;1;0.3366712577730066;0.4;0.0;0;0;1;1
3;0.16666666666666666;0.22834849118799327;0.714987714987715;0;0.3041761929668187;0.8;0.0;0;1;0;1
4;0.5;0.0053116985213994645;0.31613431613431614;1;0.5977457990062175;0.4;1.0;0;0;1;1
0;0.3333333333333333;0.34670689028390017;0.4774774774774775;1;0.5595999272167659;0.4;0.0;0;1;0;0
4;0.16666666666666666;0.00886237161064333;0.3579033579033579;0;0.5529460767049155;0.4;0.0;0;1;0;0
4;0.25;0.14199410578606422;0.05405405405405406;1;0.5838952346291203;0.4;0.0;1;0;0;1
4;0.5;0.02576121346956432;0.022113022113022112;1;0.2582746256485648;0.6;0.0;1;0;0;1
4;0.16666666666666666;0.2044259639633013;0.2620802620802621;0;0.20073806418695697;0.0;1.0;0;1;0;0
4;0.0;0.22058756627262321;0.5298935298935299;1;0.6409846919170568;0.2;0.0;0;1;0;0
4;0.16666666666666666;0.0890877073272412;0.4856674856674857;1;0.3473562810596128;0.0;0.0;0;1;0;0
3;0.16666666666666666;0.05730229307110459;0.5061425061425061;1;0.7883875871385959;0.6;0.0;0;0;1;1
4;0.5;0.17538024970436478;0.19492219492219492;0;0.17721241529881188;0.2;0.0;0;1;0;1
4;0.25;0.23044543734180098;0.6216216216216216;0;0.21989057019928762;0.2;0.0;0;1;0;0
0;0.25;0.14907342253446773;0.19901719901719903;1;0.32171862789266403;0.4;0.0;0;1;0;0
4;0.5833333333333334;0.2641081167190283;0.3914823914823915;0;0.059541377323469834;0.0;1.0;0;0;1;1
4;0.16666666666666666;0.10952006726282715;0.3546273546273546;1;0.1039469909150908;0.4;0.0;0;1;0;0
4;0.08333333333333333;0.12344760795200198;0.3284193284193284;0;0.30333415022387816;0.2;1.0;0;1;0;0
4;0.25;0.09431959097419883;0.5757575757575758;0;0.07867713244647308;0.0;0.0;0;1;0;0
4;0.5;0.07445147203477315;0.24078624078624078;1;0.3306136511785992;0.0;1.0;0;1;0;1
4;0.08333333333333333;0.11829739292010864;0.13595413595413594;1;0.11742887420783722;0.4;0.0;0;1;0;0
2;0.0;0.09157132053569352;0.3595413595413595;1;0.44259085475149845;0.2;0.0;0;0;1;0
3;0.3333333333333333;0.14612863289608388;0.2915642915642916;0;0.43227566859047334;0.6;0.0;0;0;1;1
4;0.0;0.3027620532875641;0.9099099099099099;1;0.030917138191167426;0.4;0.0;0;1;0;0
4;0.25;0.051879385865963606;0.46764946764946763;1;0.4691854456456593;0.4;0.0;0;0;1;0
2;0.16666666666666666;0.05885930528030273;0.28992628992628994;1;0.2317205829368652;0.4;0.0;0;1;0;0
4;0.08333333333333333;0.0016159048637188066;0.18345618345618345;0;0.9277418404611842;0.2;0.0;0;1;0;1
4;0.16666666666666666;0.08323996467783719;0.04832104832104832;0;0.33128938993742824;0.2;0.0;1;0;0;0
2;0.5;0.015605091794026306;0.18837018837018837;1;0.3245534848566089;0.8;0.0;0;1;0;1
3;0.16666666666666666;0.13999192268949054;0.3751023751023751;0;0.16040149783288066;0.6;0.0;0;1;0;1
3;0.25;0.1681946670184893;0.5904995904995906;1;0.2585848882417335;0.2;0.0;1;0;0;0
4;0.0;0.14266435053522708;0.5405405405405406;1;0.07433071282432067;0.2;0.0;0;1;0;1
2;0.08333333333333333;0.08795162264933595;0.3939393939393939;0;0.5168178787938874;0.2;1.0;0;0;1;0
4;0.16666666666666666;0.08494269676109027;0.30384930384930386;1;0.1445295039984561;0.4;0.0;0;0;1;0
4;0.3333333333333333;0.1156511797724245;0.4004914004914005;0;0.2669805720945234;0.6;0.0;0;1;0;1
4;0.3333333333333333;0.0899467057608483;0.2719082719082719;1;0.38753463659026766;0.0;0.0;0;1;0;1
4;0.5;0.1543092523931256;0.638001638001638;1;0.19227539566766577;0.8;0.0;0;1;0;1
2;0.5;0.25020491997447536;0.32596232596232594;1;0.617906298051497;0.2;1.0;0;1;0;1
4;0.3333333333333333;0.08540042871214744;0.34234234234234234;1;0.1636785212918075;0.2;0.0;0;1;0;0
3;0.4166666666666667;0.012939579841832126;0.0;1;0.18580645579555663;0.4;0.0;0;0;1;0
4;0.3333333333333333;0.015557951752247416;0.32432432432432434;1;0.35378232803751214;0.0;0.0;0;1;0;0
4;0.0;0.052390128936744496;0.49385749385749383;1;0.20644323955328822;0.6;0.0;0;1;0;1
3;0.08333333333333333;0.0762331339265083;0.18181818181818182;1;0.37470563806337687;0.0;0.0;0;1;0;0
4;0.3333333333333333;0.02829886664528133;0.2334152334152334;1;0.524654396901067;0.0;1.0;0;1;0;0
3;0.5833333333333334;0.06700794976727054;0.4864864864864865;1;0.4155984519248486;0.8;0.0;0;0;1;1
4;0.3333333333333333;0.016161531965615372;0.11466011466011466;1;0.3925016206456297;0.2;0.0;0;1;0;0
4;0.3333333333333333;0.030587891967177327;0.5298935298935299;0;0.20695625543558446;0.2;0.0;0;0;1;0
4;0.16666666666666666;0.1472600270035292;0.26945126945126946;0;0.4257545776438883;0.2;0.0;0;1;0;0
4;0.16666666666666666;0.4715334385247167;0.2932022932022932;1;0.21331210779758758;0.2;0.0;0;1;0;0
3;0.25;0.022856470296142635;0.17280917280917282;1;0.20269574192955192;0.6;0.0;0;1;0;1
4;0.75;0.04601154504134477;0.41850941850941853;1;0.36837494678696203;0.4;0.0;0;1;0;1
4;0.0;0.047980118938958816;0.7592137592137592;0;0.3549125210109156;0.2;0.0;0;1;0;0
0;0.16666666666666666;0.028051567303772593;0.48484848484848486;1;0.25206980640691284;0.2;0.0;0;1;0;0
4;0.25;0.025324734991254066;0.2153972153972154;1;0.15488894151248284;0.2;0.0;0;0;1;0
4;0.16666666666666666;0.015642679722698515;0.542997542997543;1;0.3261878723967878;0.8;0.0;0;1;0;1
2;0.0;0.26482504813016083;0.3046683046683047;1;0.45456625010234425;0.4;0.0;0;0;1;0
3;0.3333333333333333;0.11654199246158452;0.5814905814905815;0;0.16895848858469384;0.2;0.0;0;1;0;1
4;0.3333333333333333;0.03811179260488609;0.48894348894348894;0;0.7487179301199939;0.2;0.0;0;1;0;1
4;0.0;0.03314746256255231;0.0;1;0.3308700706245599;0.0;1.0;0;1;0;0
4;0.25;0.09906108048575062;0.19246519246519248;1;0.23985073730659212;0.2;0.0;0;1;0;0
4;0.0;0.13286782368946373;0.5110565110565111;0;0.35417771422519195;0.2;0.0;0;0;1;0
4;0.3333333333333333;0.032387307787425657;0.38165438165438165;1;0.36295372284518;0.2;0.0;0;1;0;1
4;0.16666666666666666;0.047377908549910655;0.1891891891891892;1;0.4480434738984992;0.2;0.0;0;1;0;0
2;0.16666666666666666;0.03813443610910709;0.25307125307125306;1;0.3574049156733535;0.4;0.0;0;1;0;0
4;0.5;0.010144299783755978;0.044226044226044224;1;0.08969859286553179;0.6;1.0;0;1;0;1
2;0.25;0.05429804610515199;0.34234234234234234;1;0.03273903854831226;0.2;0.0;0;0;1;0
3;0.5;0.08479800033229318;0.719082719082719;1;0.08189568361455095;0.2;0.0;0;1;0;1
4;0.0;0.11846052776817521;0.4881244881244881;1;0.5516360729959198;0.4;0.0;0;0;1;0
2;0.25;0.05991650770671513;0.7158067158067158;0;0.3700118947034173;0.4;0.0;0;1;0;0
3;0.08333333333333333;0.455743033264407;0.5012285012285013;0;0.5183984849530975;0.4;0.0;0;0;1;0
4;0.25;0.10931352735719847;0.5249795249795249;1;0.39788225226294466;0.6;0.0;0;0;1;1
4;0.16666666666666666;0.24212576932420432;0.6797706797706797;1;0.17569929304553972;0.2;0.0;0;1;0;1
4;0.4166666666666667;0.27551654291650984;0.41850941850941853;1;0.12327555280217271;0.0;0.0;0;1;0;0
4;0.16666666666666666;0.19159987363751896;0.32596232596232594;1;0.21098985236360324;0.6;0.0;0;0;1;1
3;0.08333333333333333;0.03494527990275803;0.5257985257985258;0;0.5239330880582831;0.2;0.0;0;1;0;1
3;0.3333333333333333;0.06272549902179712;0.5945945945945946;0;0.40057300372086924;0.2;0.0;0;0;1;0
2;0.08333333333333333;0.0;0.2784602784602785;1;0.4995149536078978;0.2;1.0;0;1;0;0
4;0.4166666666666667;0.0667351593102447;0.23832923832923833;1;0.3548954015764709;0.6;0.0;0;1;0;1
4;0.25;0.03862809812913898;0.37919737919737917;1;0.21320572572880636;0.4;1.0;0;0;1;0
3;0.4166666666666667;0.013134162036230837;0.49303849303849306;1;0.4473853084891412;0.4;0.0;0;1;0;0
2;0.08333333333333333;0.20285914790416362;0.4873054873054873;1;0.27958680588924006;0.4;0.0;0;1;0;0
2;0.4166666666666667;0.12445667581595568;0.12366912366912367;0;0.07001661136196408;1.0;0.0;0;1;0;1
4;0.08333333333333333;0.7806997575314196;0.6699426699426699;1;0.6584951293380575;0.6;0.0;0;1;0;1
4;0.08333333333333333;0.07669703278995958;0.25143325143325146;0;0.1646206963253317;0.0;0.0;0;0;1;0
4;0.4166666666666667;0.044607851668292994;0.31285831285831284;1;0.12448029538542046;0.8;0.0;0;0;1;1
4;0.0;0.03400818008552729;0.20884520884520885;1;0.5751305071494158;0.4;0.0;0;0;1;0
4;0.4166666666666667;0.06352739038603109;0.7985257985257985;0;0.333911445428914;0.4;1.0;0;1;0;0
0;0.3333333333333333;0.04119710717924537;0.3963963963963964;1;0.34422910682502805;0.2;0.0;0;1;0;0
1;0.4166666666666667;0.5211128877461965;0.21703521703521703;0;0.2693719198692143;0.8;0.0;0;0;1;1
4;0.25;0.022391321232341516;0.49795249795249796;0;0.4870638698696617;0.2;1.0;0;1;0;0
0;0.3333333333333333;0.0020795900110269754;0.4823914823914824;1;0.21323803118735815;0.6;0.0;0;1;0;1
4;0.08333333333333333;0.015425709483453029;0.32596232596232594;1;0.591517820218098;0.2;0.0;0;0;1;0
3;0.25;0.24708888833369644;0.49467649467649466;1;0.6820189237308041;0.0;0.0;0;1;0;1
4;0.3333333333333333;0.13166053880314;0.22113022113022113;0;0.13768349387141482;0.4;0.0;0;1;0;0
2;0.08333333333333333;0.17043073019678884;0.276003276003276;1;0.5503188966605395;0.6;0.0;0;1;0;1
4;0.4166666666666667;0.042919275099881686;0.02702702702702703;1;0.09708404551593641;0.6;0.0;0;1;0;1
3;0.0;0.10838538931460456;0.14004914004914004;1;0.0896449390127542;0.4;0.0;0;1;0;1
2;0.08333333333333333;0.13686206872895915;0.6527436527436528;0;0.40719191272297606;0.2;0.0;0;0;1;0
4;0.16666666666666666;0.043896929098840166;0.6257166257166257;0;0.10390615965146294;0.4;0.0;0;1;0;0
3;0.3333333333333333;0.14338386495674346;0.3677313677313677;1;0.3725515829152371;0.0;0.0;0;1;0;0
3;0.3333333333333333;0.11045565406574341;0.628992628992629;1;0.11490394541401427;0.2;0.0;0;0;1;0
2;0.25;0.03901986571446597;0.33005733005733007;0;0.09635196640764809;0.4;0.0;0;1;0;0
3;0.25;0.005972720080572996;0.31695331695331697;1;0.5081558106602522;0.2;0.0;0;1;0;0
4;0.5833333333333334;0.030154147733571918;0.36609336609336607;0;0.08243025629397625;0.4;0.0;0;1;0;1
4;0.3333333333333333;0.10745520689313376;0.3366093366093366;1;0.21383332181395287;0.4;0.0;0;0;1;0
2;0.25;0.10161435300105483;0.32104832104832104;1;0.28752908286220397;0.4;0.0;0;1;0;0
3;0.16666666666666666;0.07877043923516576;0.5438165438165438;0;0.5083352770443474;0.4;1.0;0;1;0;1
4;0.08333333333333333;0.032159125909882416;0.38165438165438165;1;0.38241090810555195;0.2;0.0;0;1;0;0
4;0.25;0.06535038889963876;0.47338247338247336;0;0.0393225991132029;0.2;0.0;0;1;0;0
4;0.3333333333333333;0.017236532971886036;0.5257985257985258;1;0.48597642592657997;0.0;0.0;0;1;0;0
4;0.16666666666666666;0.12074929306422975;0.4201474201474201;1;0.19402115608672943;0.4;0.0;0;1;0;0
4;0.25;0.22622374546781598;0.19737919737919737;1;0.2814360895980628;0.4;0.0;0;1;0;0
4;0.16666666666666666;0.06925392050551127;0.13513513513513514;1;0.49911472282401165;0.2;0.0;0;1;0;0
3;0.4166666666666667;0.026581640566486365;0.3808353808353808;0;0.3940147131663714;0.2;0.0;0;1;0;0
2;0.3333333333333333;0.1957164163903335;0.3284193284193284;1;0.273576686932797;0.2;0.0;0;1;0;1
3;0.08333333333333333;0.04171540748021079;0.371007371007371;1;0.17809578106450094;0.2;0.0;0;1;0;0
4;0.4166666666666667;0.10021818100772666;0.3538083538083538;1;0.6612464244294651;0.2;0.0;0;0;1;1
4;0.08333333333333333;0.008655745762566615;0.7796887796887797;1;0.2737508043313785;0.8;0.0;0;0;1;1
3;0.6666666666666666;0.1407533093707428;0.13841113841113842;1;0.36983710609760756;0.2;0.0;1;0;0;1
1;0.25;0.06863032640733356;0.031122031122031123;0;0.24421243706750032;0.4;0.0;0;1;0;1
4;0.5;0.061185049967979535;0.41113841113841115;0;0.07268515060914853;0.0;1.0;0;1;0;1
3;0.4166666666666667;0.3037853969578497;0.29484029484029484;0;0.7807838973944714;0.4;1.0;0;1;0;1
4;0.16666666666666666;0.07517714917652303;0.4086814086814087;1;0.16987375464062032;0.4;0.0;0;1;0;0
2;0.08333333333333333;0.0018100287638542442;0.4520884520884521;1;0.34600251895366874;0.2;1.0;0;1;0;0
4;0.25;0.3575889940887003;0.5667485667485668;1;0.11964638515148326;0.4;0.0;0;1;0;0
4;0.25;0.0012977200125286598;0.10974610974610975;1;0.32249914818801234;0.0;1.0;0;1;0;0
4;0.25;0.08533806889172449;0.26535626535626533;1;0.8098375409127863;0.2;0.0;0;1;0;1
4;0.16666666666666666;0.11164523638129212;0.4266994266994267;0;0.330685448429649;0.2;0.0;0;1;0;1
3;0.25;0.250158871372653;0.4832104832104832;0;0.2099731341646485;0.4;1.0;0;1;0;0
4;0.5;0.1264387519217948;0.7158067158067158;1;0.3868759896419072;0.4;0.0;0;1;0;1
4;0.16666666666666666;0.18538092511329196;0.5135135135135135;1;0.5781318455240848;0.8;0.0;0;1;0;1
2;0.5;0.16341991978382792;0.34725634725634724;0;0.13715599235030826;0.0;0.0;1;0;0;1
2;0.25;0.0266576327997345;0.21048321048321048;0;0.8313301708239665;0.2;0.0;0;1;0;1
3;0.16666666666666666;0.13406701818564873;0.26453726453726456;0;0.9263675034073882;0.6;0.0;0;1;0;1
4;0.75;0.11286205583744771;0.2596232596232596;1;0.35690884301793624;0.6;0.0;0;0;1;1
3;0.25;0.031049183068107552;0.4643734643734644;0;0.3666926302594795;0.4;0.0;0;1;0;0
4;0.25;0.01521252062394686;0.3988533988533989;1;0.016460062070547267;0.4;0.0;0;1;0;0
3;0.08333333333333333;0.15491174539097796;0.14004914004914004;0;0.277072283683562;0.2;0.0;0;1;0;0
4;0.0;0.39435340672316244;0.28501228501228504;0;0.04119686379824892;0.2;0.0;0;1;0;0
4;0.16666666666666666;0.14915259929672117;0.5004095004095004;0;0.24770174881227044;0.0;0.0;0;1;0;0
3;0.0;0.153935134886993;0.4144144144144144;1;0.42760855945663434;0.2;1.0;0;1;0;0
2;0.08333333333333333;0.020221941493531275;0.44963144963144963;0;0.4625890178079606;0.2;1.0;0;1;0;1
2;0.5;0.031504068975521125;0.41932841932841936;1;0.23844142637248125;0.4;1.0;0;0;1;1
4;0.16666666666666666;0.0979921365583025;0.6232596232596233;1;0.326355866833444;0.2;0.0;0;1;0;1
4;0.25;0.0034838229239850024;0.3955773955773956;1;0.6204191164755175;0.2;1.0;0;1;0;0
0;0.0;0.12259023697447918;0.2932022932022932;1;0.20663530245307088;0.4;0.0;0;1;0;0
4;0.25;0.017336346266230606;0.20638820638820637;1;0.551485577000101;0.4;0.0;0;1;0;0
3;0.08333333333333333;0.05928110414691763;0.3972153972153972;1;0.5227301987694797;0.0;0.0;0;0;1;0
4;0.08333333333333333;0.042872873603685815;0.0;1;0.6416822976525574;0.2;0.0;0;1;0;1
4;0.16666666666666666;0.012454611413586338;0.32678132678132676;1;0.4866654719569333;0.2;0.0;0;0;1;0
0;0.25;0.09612993099345293;0.3226863226863227;1;0.1411415290451431;0.2;0.0;0;1;0;0
4;0.0;0.04980443435569427;0.1334971334971335;1;0.2087485096384053;0.0;1.0;0;0;1;0
3;0.0;0.004935446487565252;0.20475020475020475;1;0.22221200876793806;0.6;0.0;0;1;0;1
4;0.4166666666666667;0.06532700177954578;0.48894348894348894;1;0.8338758404980203;0.2;0.0;0;1;0;1
0;0.08333333333333333;0.09920646200225564;0.39475839475839475;1;0.3094445621356734;0.4;0.0;0;0;1;0
2;0.08333333333333333;0.015478780207492616;0.37346437346437344;0;0.2346645103382282;0.6;0.0;0;0;1;1
4;0.08333333333333333;0.09778584007794529;0.407043407043407;0;0.4054042443530377;0.2;0.0;0;1;0;1
4;0.0;0.03993893046707082;0.37182637182637185;0;0.3276333631018183;0.2;0.0;1;0;0;0
4;0.16666666666666666;0.03338071949327079;0.5601965601965602;0;0.2539547965878362;0.8;1.0;0;1;0;1
4;0.08333333333333333;0.17652339223918911;0.37674037674037675;1;0.45534892333170174;0.4;0.0;0;1;0;0
4;0.25;0.07009855615804654;0.11793611793611794;1;0.2928637664637714;0.0;0.0;0;1;0;1
3;0.08333333333333333;0.05274809553300187;0.6240786240786241;1;0.16840302464068238;0.6;0.0;0;0;1;1
4;0.08333333333333333;0.18649975283861497;0.4176904176904177;1;0.2121546117280855;0.0;0.0;1;0;0;0
4;0.4166666666666667;0.2682825166748757;0.26044226044226043;0;0.5930815284765144;0.0;0.0;0;1;0;0
3;0.25;0.042040521080705995;0.15151515151515152;1;0.13026586270187507;0.4;0.0;0;1;0;0
4;0.3333333333333333;0.005684357393881791;0.4217854217854218;0;0.2256613305584913;0.4;0.0;0;1;0;0
4;0.25;0.08650643486192194;0.33742833742833744;0;0.28157362604914377;0.4;0.0;0;1;0;1
4;0.3333333333333333;0.1396605698890411;0.6142506142506142;1;0.2510558242493059;0.2;1.0;0;1;0;0
2;0.4166666666666667;0.09853824008630174;0.29975429975429974;1;0.029607149947636004;0.2;0.0;0;1;0;0
2;0.3333333333333333;0.12954917924444936;0.2194922194922195;0;0.36733970672881705;0.6;0.0;0;1;0;1
3;0.25;0.11570481579207856;0.5036855036855037;1;0.34885991754275675;0.4;0.0;0;1;0;0
2;0.16666666666666666;0.34746834696447537;0.5085995085995086;1;0.1461356101718209;0.2;0.0;0;1;0;0
4;0.5;0.2235002711647989;0.3841113841113841;1;0.3495992270807273;0.6;0.0;0;0;1;1
3;0.25;0.01566179883509236;0.46764946764946763;0;0.23974805284120024;0.2;0.0;0;1;0;0
4;0.4166666666666667;0.06697820207396775;0.35053235053235055;1;0.6449147806317367;0.4;1.0;0;1;0;0
4;0.4166666666666667;0.06741908131724142;0.39475839475839475;1;0.5915677751488051;0.4;0.0;0;1;0;0
4;0.25;0.06773894692205187;0.5470925470925471;0;0.3675204803646791;0.2;0.0;0;1;0;0
4;0.08333333333333333;0.2969437962311267;0.4594594594594595;1;0.24401715148418351;0.2;1.0;0;1;0;0
4;0.4166666666666667;0.04402531240504354;0.32923832923832924;0;0.17334796304972866;0.4;0.0;0;1;0;0
4;0.08333333333333333;0.10592654041259995;0.5782145782145782;1;0.19718013186298058;0.0;0.0;1;0;0;1
3;0.25;0.2521047909027885;0.0;1;0.2481250982671744;0.2;0.0;0;1;0;0
4;0.25;0.005700831871891114;0.6928746928746928;1;0.12284377966612055;0.2;1.0;0;1;0;0
4;0.25;0.23451370596140653;0.07698607698607698;1;0.09525733562271972;0.2;0.0;0;1;0;0
2;0.08333333333333333;0.1610450072210081;0.2538902538902539;1;0.5269260155948102;0.2;0.0;0;1;0;0
4;0.3333333333333333;0.025859389495642846;0.3497133497133497;1;0.4623806262752627;0.2;0.0;0;0;1;0
0;0.3333333333333333;0.0437475652858917;0.3325143325143325;1;0.3850821888589944;0.2;0.0;1;0;0;0
2;0.25;0.04131237468542131;0.5217035217035217;1;0.5867564221534339;0.4;0.0;0;1;0;0
4;0.16666666666666666;0.027762615900522994;0.18345618345618345;0;0.2758449260764216;0.2;0.0;0;1;0;0
2;0.25;0.11315077661390135;0.39967239967239965;0;0.2961379211860656;0.6;0.0;0;0;1;1
4;0.16666666666666666;0.4521756336363989;0.2620802620802621;1;0.406674381619088;0.2;0.0;0;1;0;0
4;0.16666666666666666;0.020209561506489452;0.40540540540540543;0;0.3058205265631949;0.4;0.0;0;0;1;0
2;0.5;0.029328560594237402;0.3464373464373464;1;0.47506012883998333;0.4;0.0;0;0;1;1
2;0.16666666666666666;0.038097082258534504;0.37182637182637185;1;0.7612806089323076;0.2;0.0;0;1;0;1
3;0.0;0.30855552227237887;0.266994266994267;0;0.10599329570933164;0.4;0.0;1;0;0;0
2;0.08333333333333333;0.10930873758414085;0.2727272727272727;1;0.43782362990324936;0.0;0.0;1;0;0;0
3;0.0;0.026535096467761445;0.4037674037674038;0;0.40878902409218737;0.2;0.0;0;0;1;0
4;0.08333333333333333;0.18124998771416764;0.5110565110565111;1;0.1280163962747203;0.0;0.0;0;1;0;0
2;0.16666666666666666;0.2850304677124493;0.2588042588042588;0;0.1382027346332839;0.4;0.0;0;1;0;0
4;0.5;0.05740883104706111;0.21457821457821458;0;0.24590101262620565;0.0;0.0;0;1;0;1
4;0.25;0.021041115754676824;0.457002457002457;1;0.47995055458229763;0.2;0.0;0;1;0;0
2;0.5;0.04120426217009208;0.35135135135135137;1;0.5685837118483168;0.4;1.0;0;1;0;1
4;0.08333333333333333;0.027165263853106133;0.49303849303849306;1;0.42204305117659024;0.8;0.0;0;1;0;1
4;0.0;0.024957694466808674;0.20802620802620803;1;0.274168278097766;1.0;0.0;0;1;0;1
4;0.4166666666666667;0.020768635813646418;0.06552006552006552;0;0.10132231822404092;0.6;0.0;0;1;0;1
4;0.25;0.23224097106648905;0.26945126945126946;1;0.19117031985631683;0.4;1.0;0;1;0;0
4;0.25;0.009922507485250481;0.23095823095823095;1;0.5431035535393385;0.0;1.0;0;1;0;0
4;0.4166666666666667;0.05927221954674884;0.343980343980344;1;0.4949815958740233;0.2;0.0;0;0;1;0
2;0.4166666666666667;0.0015821884892495703;0.25225225225225223;1;0.3040619934889408;0.6;0.0;0;1;0;1
4;0.4166666666666667;0.038571804088113164;0.4782964782964783;0;0.09022823364507243;0.6;0.0;0;1;0;1
4;0.25;0.13649566656242113;0.3095823095823096;0;0.3466436083268988;0.4;0.0;1;0;0;0
4;0.3333333333333333;0.025154151192440417;0.38165438165438165;1;0.5508850713377259;0.4;1.0;0;1;0;0
4;0.25;0.7419123857799065;0.3824733824733825;1;0.7704366810154093;0.4;0.0;0;1;0;1
3;0.08333333333333333;0.00543870446466564;0.3882063882063882;1;0.484042206509259;0.6;0.0;0;0;1;1
4;0.25;0.016258098263733364;0.35298935298935297;0;0.0896771884774381;0.4;0.0;0;0;1;0
4;0.3333333333333333;0.1719390934722766;0.4406224406224406;0;0.009694758910781856;0.2;0.0;0;1;0;0
3;0.3333333333333333;0.41491670446230294;0.22604422604422605;1;0.2781183137841402;0.2;1.0;0;0;1;1
2;0.3333333333333333;0.34256665602095593;0.5855855855855856;1;0.27358204857123103;0.2;0.0;0;0;1;0
4;0.08333333333333333;0.17803146325134592;0.3177723177723178;1;0.4495963918786049;0.0;0.0;0;1;0;0
4;0.0;0.40176358368167137;0.1416871416871417;1;0.1820512183087188;0.2;0.0;0;1;0;0
4;0.16666666666666666;0.20439072918959394;0.38738738738738737;1;0.30738805678861736;0.4;0.0;0;1;0;0
3;0.6666666666666666;0.006581609419619348;0.21703521703521703;0;0.10758862702686338;0.4;0.0;0;1;0;1
4;0.4166666666666667;0.20782560623306892;0.46601146601146604;0;0.20799746286594004;0.4;0.0;0;1;0;0
4;0.0;0.07350286807851983;0.7182637182637183;1;0.18626640193670035;0.6;0.0;0;0;1;1
2;0.16666666666666666;0.0678248358751823;0.22768222768222768;1;0.2715720597636849;0.0;0.0;0;1;0;0
4;0.16666666666666666;0.00021202163704480984;0.41113841113841115;0;0.40460071237228806;0.2;0.0;0;1;0;1
2;0.16666666666666666;0.10766625997465969;0.0687960687960688;0;0.16962154297899457;0.4;0.0;0;1;0;0
3;0.5;0.12383209971079419;0.4307944307944308;1;0.11535210074316915;0.6;0.0;0;1;0;1
1;0.25;0.17395926244285972;0.2113022113022113;1;0.6225006630677677;0.6;1.0;0;1;0;1
4;0.0;0.0438204530438778;0.2547092547092547;0;0.20769727870506818;0.2;0.0;0;1;0;0
4;0.25;0.015187329733794124;0.1760851760851761;1;0.22604960104593538;0.0;0.0;0;1;0;1
4;0.25;0.0644155669336127;0.47665847665847666;0;0.5218960973528;0.6;0.0;0;0;1;1
4;0.08333333333333333;0.04998610670285551;0.5217035217035217;0;0.3196073840596174;0.0;0.0;0;1;0;0
3;0.25;0.15558303164063897;0.36036036036036034;1;0.07231850391412487;0.4;0.0;0;1;0;0
3;0.3333333333333333;0.028930744800843247;0.2153972153972154;1;0.10663141815622391;0.2;0.0;0;1;0;0
4;0.16666666666666666;0.016475727346162573;0.6167076167076168;0;0.4430105142481087;0.2;1.0;0;1;0;0
3;0.08333333333333333;0.06448216462430154;0.2334152334152334;1;0.11146179972656214;0.2;0.0;0;1;0;0
3;0.08333333333333333;0.10995529991183935;0.002457002457002457;0;0.49712022266776434;0.2;0.0;0;1;0;0
4;0.0;0.0366364999582514;0.43161343161343163;0;0.6529270795888196;0.2;0.0;0;0;1;1
2;0.3333333333333333;0.013452479077172976;0.1760851760851761;1;0.025729804202899633;0.4;0.0;0;1;0;0
4;0.3333333333333333;0.0642698776819847;0.5184275184275184;1;0.1168396801131523;0.4;0.0;0;1;0;0
2;0.5833333333333334;0.3634348316482129;0.294021294021294;0;0.3320158032543826;0.6;0.0;0;1;0;1
4;0.25;0.3805562345990284;0.45536445536445536;1;0.17173737785752993;0.4;0.0;0;0;1;0
0;0.0;0.13716226129614836;0.5864045864045864;1;0.33110248938862225;0.2;0.0;0;1;0;0
4;0.25;0.16697292885865092;0.1588861588861589;1;0.14756867550657232;0.4;0.0;0;0;1;1
4;0.16666666666666666;0.025248320269627565;0.26371826371826373;1;0.6451791527460822;0.6;1.0;0;1;0;1
4;0.08333333333333333;0.052164905909921955;0.343980343980344;1;0.20623791963818597;0.4;0.0;0;1;0;0
4;0.16666666666666666;0.10321404382880091;0.6085176085176085;1;0.5320518899763552;0.6;1.0;0;0;1;1
4;0.6666666666666666;0.15436528919654394;0.24897624897624898;1;0.40861301779198006;0.4;0.0;0;0;1;1
4;0.0;0.020211315876214418;0.2596232596232596;1;0.11596570078974235;0.4;0.0;0;1;0;0
4;0.25;0.06800422982793185;0.4348894348894349;0;0.3834416545805267;0.2;1.0;0;1;0;0
0;0.08333333333333333;0.019695738853303828;0.2620802620802621;1;0.28779647489001786;0.2;0.0;0;1;0;0
4;0.3333333333333333;0.11157284714256797;0.38165438165438165;0;0.22222016855326493;0.0;0.0;0;1;0;0
2;0.16666666666666666;0.16450831748880806;0.10237510237510238;0;0.482023399346032;0.4;0.0;0;0;1;1
2;0.16666666666666666;0.19927812591268537;0.719082719082719;1;0.4680455001734575;0.4;0.0;0;1;0;1
2;0.3333333333333333;0.14659543840114675;0.13595413595413594;0;0.24467431782197813;0.4;1.0;0;1;0;1
2;0.08333333333333333;0.01921711482754026;0.30384930384930386;1;0.24350201020831083;0.6;1.0;0;0;1;1
4;0.16666666666666666;0.19605675407251463;0.35135135135135137;1;0.5145039266188564;0.2;0.0;0;1;0;0
3;0.08333333333333333;0.04522596806175099;0.6699426699426699;0;0.298863639436856;0.2;0.0;0;1;0;0
2;0.3333333333333333;0.20093097310901;0.14004914004914004;0;0.3483484675380259;0.0;0.0;0;0;1;1
4;0.0;0.03207376244824965;0.6814086814086814;0;0.42560862107013975;0.4;0.0;0;1;0;0
4;0.25;0.07177547935524387;0.48075348075348073;1;0.2061989269339081;0.2;0.0;0;1;0;0
2;0.0;0.09555037791913208;0.4250614250614251;1;0.7064186332095214;0.2;0.0;0;1;0;1
0;0.25;0.0038624965044707625;0.19574119574119575;1;0.277483799647306;0.4;0.0;0;1;0;0
4;0.3333333333333333;0.26032162468546227;0.45045045045045046;0;0.11000409971911185;0.4;0.0;0;1;0;0
4;0.25;0.07965398103116102;0.23832923832923833;1;0.07026600334124815;0.0;0.0;0;1;0;0
4;0.25;0.023657647229131593;0.5642915642915642;1;0.8172077273366372;0.2;0.0;1;0;0;1
4;0.08333333333333333;0.01943789205378253;0.19737919737919737;0;0.23130102977381983;0.0;0.0;1;0;0;0
4;0.75;0.1290127611410165;0.33824733824733827;1;0.7222415621836473;0.4;1.0;0;0;1;1
4;0.16666666666666666;0.009417911606421829;0.26535626535626533;0;0.4568858171828517;0.4;0.0;0;1;0;0
2;0.08333333333333333;0.064409887632108;0.19492219492219492;0;0.24445228586116413;0.4;0.0;1;0;0;0
2;0.8333333333333334;0.08639962908288462;0.4782964782964783;1;0.39508190030530776;0.4;0.0;0;1;0;1
4;0.4166666666666667;0.029465185776234026;0.44471744471744473;1;0.4292818741466698;0.2;0.0;0;1;0;0
2;0.08333333333333333;0.015323487667459095;0.5544635544635544;1;0.25586805897850073;0.2;0.0;0;0;1;0
3;0.16666666666666666;0.0750059516748018;0.06552006552006552;1;0.1546838579721233;0.2;0.0;0;1;0;0
4;0.08333333333333333;0.04621901697722939;0.5307125307125307;1;0.37731306534627246;0.4;1.0;0;1;0;0
4;0.16666666666666666;0.016743381143400186;0.7674037674037674;1;0.30577617409534436;0.4;0.0;0;0;1;0
2;0.3333333333333333;0.026211281281033068;0.28255528255528256;1;0.4105356633612497;0.8;0.0;0;1;0;1
2;0.3333333333333333;0.07076910873334531;0.6674856674856675;0;0.36316778472479894;0.4;1.0;0;1;0;1
4;0.16666666666666666;0.01581658569345979;0.31367731367731366;1;0.1674506467221143;0.2;0.0;0;1;0;1
1;0.25;0.3059977442112532;0.13185913185913187;1;0.4260514630606572;0.4;0.0;0;0;1;1
3;0.3333333333333333;0.16612853221464652;0.3063063063063063;0;0.46919994222658756;0.2;0.0;0;1;0;0
4;0.16666666666666666;0.043755243441373666;0.5282555282555282;1;0.21834794690501763;0.2;0.0;0;1;0;0
4;0.3333333333333333;0.03318665768306037;0.2194922194922195;0;0.19481329799665453;0.0;0.0;0;1;0;0
4;0.3333333333333333;0.23067899851001597;0.257985257985258;0;0.2179688845044777;0.2;0.0;0;1;0;0
4;0.4166666666666667;0.06187786878096842;0.4537264537264537;0;0.07998931456827703;0.2;0.0;1;0;0;0
0;0.25;0.22087583306531916;0.3570843570843571;0;0.17428277474404175;0.0;0.0;0;1;0;0
4;0.08333333333333333;0.1508719321807701;0.4520884520884521;0;0.17145955085797468;0.2;0.0;0;1;0;0
0;0.5;0.010683428453053059;0.3955773955773956;1;0.051608669003037934;0.2;0.0;0;1;0;1
2;0.25;0.18684636131636823;0.4348894348894349;1;0.7218681951594674;0.2;1.0;0;0;1;1
4;0.25;0.08630396099413566;0.2858312858312858;0;0.3119379212521972;0.2;1.0;0;1;0;0
4;0.16666666666666666;0.1258809084392743;0.39475839475839475;0;0.4149844942633993;0.2;0.0;0;1;0;0
4;0.4166666666666667;0.02743416347303484;0.20475020475020475;0;0.27973767464005117;0.6;0.0;0;1;0;1
3;0.3333333333333333;0.0;0.5675675675675675;1;0.6678280892020734;0.0;0.0;0;1;0;1
1;0.08333333333333333;0.04510469726970389;0.25307125307125306;1;0.34735534678005936;0.2;0.0;0;0;1;1
2;0.0;0.023463030254334872;0.5413595413595413;0;0.3601749082894191;0.2;0.0;0;0;1;0
4;0.75;0.06349890274047189;0.3185913185913186;1;0.22682096605334126;0.2;0.0;0;0;1;1
1;0.08333333333333333;0.010533985126568533;0.38984438984438985;1;0.09439255920964029;0.2;0.0;0;0;1;0
2;0.25;0.2507532429088036;0.276003276003276;0;0.12929953278533796;0.4;0.0;0;0;1;1
3;0.08333333333333333;0.013992896954597045;0.19000819000819;1;0.4125786345946877;0.0;0.0;0;1;0;0
4;0.4166666666666667;0.1606791693124733;0.07125307125307126;1;0.4163706807366479;0.2;0.0;0;0;1;0
2;0.08333333333333333;0.3117254863757753;0.18345618345618345;0;0.4190288510281269;0.0;0.0;0;1;0;1
4;0.16666666666666666;0.017781845561692055;0.30384930384930386;1;0.08201673041284195;0.4;0.0;0;1;0;0
4;0.25;0.04726104069825172;0.3914823914823915;1;0.590402944577357;0.6;0.0;0;1;0;1
2;0.3333333333333333;0.14605517694181516;0.5225225225225225;1;0.22556788614677353;0.4;0.0;1;0;0;0
4;0.3333333333333333;0.13939073301302307;0.2833742833742834;0;0.39356573293922015;0.0;1.0;0;1;0;1
2;0.08333333333333333;0.004171097866887803;0.21212121212121213;0;0.7165312713456916;0.2;0.0;0;0;1;1
0;0.3333333333333333;0.008088273352556083;0.12039312039312039;1;0.44071385474396896;0.2;0.0;0;1;0;0
3;0.4166666666666667;0.014171790445021813;0.4357084357084357;1;0.24807240598411284;0.4;1.0;0;1;0;0
3;0.16666666666666666;0.09332605074434194;0.5831285831285832;1;0.527447820828359;0.0;0.0;0;1;0;0
4;0.25;0.006229964880067911;0.5642915642915642;0;0.24078583068416573;0.8;0.0;0;1;0;1
4;0.25;0.0987055068978224;0.4725634725634726;0;0.04099709176813789;0.2;0.0;0;1;0;0
2;0.08333333333333333;0.046579579751367464;0.4610974610974611;1;0.1771493902585025;0.4;0.0;0;1;0;0
4;0.08333333333333333;0.12308976216504396;0.6347256347256347;0;0.43630042843595507;0.4;0.0;0;0;1;0
3;0.16666666666666666;0.16944114106726224;0.41113841113841115;1;0.4370659830216505;0.4;0.0;0;1;0;0
4;0.08333333333333333;0.17432344731059002;0.46273546273546273;1;0.37394767558174713;0.0;1.0;0;1;0;1
3;0.4166666666666667;0.004198816742075179;0.30384930384930386;1;0.7430209774391202;0.0;0.0;0;1;0;1
2;0.0;0.3271849427761782;0.1334971334971335;0;0.06828199068222829;0.2;0.0;0;1;0;0
3;0.25;0.09822974564912339;0.24488124488124488;0;0.023239540996998688;0.4;0.0;0;1;0;0
0;0.0;0.2514474685086426;0.35544635544635544;1;0.6221661916482569;0.4;0.0;0;1;0;0
4;0.3333333333333333;0.10617840514659195;0.3669123669123669;1;0.4364418428021138;0.4;0.0;0;1;0;0
2;0.16666666666666666;0.07357554943259745;0.6723996723996724;1;0.6034259566230362;0.0;0.0;0;1;0;0
4;0.16666666666666666;0.14550467902591138;0.3701883701883702;1;0.1443488023068646;0.2;0.0;0;0;1;0
4;0.3333333333333333;0.02749355974023294;0.5495495495495496;1;0.7845106442874767;0.2;0.0;0;0;1;1
3;0.3333333333333333;0.012053215275096237;0.28501228501228504;0;0.4703341434227436;0.2;0.0;0;1;0;0
4;0.08333333333333333;0.010485088875905293;0.30548730548730546;1;0.062082946910617984;0.4;0.0;0;1;0;0
1;0.16666666666666666;0.21037889393709588;0.13923013923013924;1;0.16301277009412404;0.0;0.0;0;1;0;0
4;0.0;0.27092041587723537;0.23505323505323505;1;0.23364380130064932;0.4;0.0;0;1;0;0
3;0.4166666666666667;0.18733097376573368;0.4430794430794431;0;0.3901846932989745;0.2;1.0;0;0;1;0
2;0.25;0.26117880366150337;0.3579033579033579;0;0.7979436886096576;0.4;0.0;0;1;0;1
3;0.4166666666666667;0.46556928283646937;0.5110565110565111;0;0.31827996793784724;0.0;0.0;0;1;0;0
4;0.3333333333333333;0.0830106668777397;0.38656838656838655;1;0.19300051571005525;0.2;0.0;0;1;0;0
4;0.25;0.018522643052650316;0.2989352989352989;1;0.23370595910855177;0.2;0.0;1;0;0;0
4;0.0;0.10411071291872737;0.7084357084357085;1;0.5570937564763649;0.2;0.0;0;0;1;0
4;0.5833333333333334;0.04853097194631609;0.3415233415233415;1;0.32292707153220884;0.6;0.0;0;0;1;1
0;0.5833333333333334;0.04725624002087636;0.5470925470925471;1;0.1386262135143548;0.2;0.0;0;1;0;1
4;0.08333333333333333;0.14471682725779997;0.29074529074529076;0;0.24209401460454724;0.2;1.0;0;1;0;0
3;0.4166666666666667;0.010503743233732706;0.4725634725634726;1;0.5117186452749559;0.2;0.0;0;1;0;0
3;0.16666666666666666;0.004186872284220852;0.5085995085995086;0;0.17097853045461323;0.4;1.0;0;1;0;0
0;0.3333333333333333;0.13215428181731817;0.3906633906633907;1;0.2624472907116786;0.4;1.0;0;1;0;0
4;0.16666666666666666;0.03354339865815577;0.0;1;0.35793065286008924;0.0;0.0;0;1;0;0
3;0.25;0.0541118871385065;0.3595413595413595;0;0.21022291831993517;0.2;0.0;0;1;0;1
2;0.25;0.040836672877153105;0.5585585585585585;1;0.2741492467384922;0.2;0.0;0;0;1;0
4;0.5;0.10609055667029722;0.4430794430794431;1;0.21744692854776712;0.2;0.0;0;1;0;1
4;0.5;0.0186061748336507;0.42997542997543;1;0.33507050824966356;0.2;0.0;0;1;0;1
3;0.3333333333333333;0.141803859215299;0.07452907452907453;0;0.5932100571710214;0.4;0.0;0;1;0;0
4;0.0;0.28803421816074903;0.23832923832923833;1;0.6273418559844186;1.0;0.0;0;1;0;1
4;0.4166666666666667;0.2011631606888422;0.42424242424242425;1;0.6192941259659868;0.8;0.0;0;1;0;1
4;0.25;0.26425190423173656;0.42424242424242425;1;0.0303405567112472;0.4;1.0;0;1;0;0
4;0.16666666666666666;0.3076675773221282;0.5552825552825553;0;0.24906444369133351;0.2;1.0;0;1;0;0
3;0.16666666666666666;0.05175291956197753;0.3333333333333333;0;0.2586771641375283;0.0;0.0;0;1;0;0
4;0.5;0.17666328511179347;0.42342342342342343;0;0.4184506673593061;0.4;1.0;0;1;0;1
4;0.16666666666666666;0.07590952098699198;0.3595413595413595;1;0.30608092672521303;0.2;0.0;0;1;0;0
1;0.25;0.03491290913254322;0.19492219492219492;0;0.4626856997065119;0.2;1.0;0;1;0;1
3;0.5833333333333334;0.1528005762117423;0.0;0;0.456857188263543;0.2;0.0;0;1;0;1
1;0.75;0.031072398220916567;0.4275184275184275;0;0.19037981825429423;0.4;0.0;0;1;0;1
3;0.16666666666666666;0.012849432798681915;0.38493038493038495;1;0.4370285411344616;0.0;0.0;0;0;1;0
3;0.0;0.1356199604810709;0.25552825552825553;1;0.3359896537414926;0.2;0.0;0;1;0;0
4;0.3333333333333333;0.03765592828136122;0.09172809172809172;1;0.3379875351935958;0.2;0.0;0;1;0;1
4;0.08333333333333333;0.040561529914558976;0.4594594594594595;1;0.4994241366561012;0.2;0.0;0;0;1;0
2;0.4166666666666667;0.23689251180352067;0.31285831285831284;1;0.3777229246426782;0.6;0.0;0;0;1;1
2;0.25;0.016136469820221214;0.447993447993448;0;0.29657038247640816;0.4;0.0;1;0;0;0
2;0.16666666666666666;0.16099153572780414;0.6617526617526618;1;0.47876601199029767;0.4;0.0;0;1;0;0
3;0.16666666666666666;0.05424076504375828;0.005733005733005733;1;0.42265848792058613;0.4;0.0;0;1;0;0
4;0.08333333333333333;0.24861548639697195;0.24242424242424243;0;0.8270378641235487;0.2;0.0;0;1;0;1
3;0.08333333333333333;0.06451371581176459;0.3226863226863227;1;0.4789368525518702;0.0;0.0;0;1;0;1
4;0.25;0.058454617035388436;0.5945945945945946;0;0.32043482110342125;0.4;0.0;1;0;0;0
4;0.08333333333333333;0.06244978776483319;0.08845208845208845;0;0.19667703015806223;0.2;0.0;0;1;0;0
2;0.4166666666666667;0.2022422531573616;0.674037674037674;1;0.16661039257918883;0.2;0.0;0;0;1;0
4;0.6666666666666666;0.00110608920734911;0.37919737919737917;1;0.2863252090887842;0.4;0.0;0;1;0;1
4;0.0;0.13571170801917953;0.3407043407043407;1;0.36426516267896875;0.2;0.0;0;1;0;1
1;0.5833333333333334;0.025490283857039227;0.32432432432432434;0;0.09915521266814961;0.8;0.0;0;0;1;1
4;0.3333333333333333;0.23783498967474198;0.28501228501228504;0;0.4847762395296514;0.6;0.0;0;0;1;1
4;0.25;0.052391592212863033;0.5282555282555282;1;0.09887195748186085;0.0;0.0;1;0;0;0
4;0.25;0.04598780893789041;0.18181818181818182;1;0.14917597067941052;0.0;0.0;0;0;1;0
4;0.16666666666666666;0.13867692135089624;0.4135954135954136;0;0.4556072849692831;0.4;0.0;0;1;0;0
4;0.0;0.14254740920128842;0.294021294021294;1;0.4275933911649644;0.0;0.0;0;1;0;0
4;0.0;0.11167984859278621;0.23177723177723178;1;0.27256441576664514;0.2;0.0;0;0;1;0
4;0.08333333333333333;0.04445867819216687;0.7805077805077805;1;0.3919612632286343;0.2;1.0;0;1;0;0
3;0.0;0.10480148329332713;0.4250614250614251;0;0.4825374284401129;0.4;0.0;0;1;0;0
4;0.5833333333333334;0.006138489926185125;0.457002457002457;0;0.3255351634714473;0.2;0.0;0;1;0;1
2;0.3333333333333333;0.34542621391945494;0.542997542997543;1;0.665357418722715;0.0;0.0;0;1;0;1
3;0.16666666666666666;0.06700014358673438;0.12366912366912367;0;0.43892685632466427;0.2;0.0;0;1;0;0
4;0.5833333333333334;0.040330760867806945;0.6437346437346437;1;0.4410320865254406;0.2;0.0;0;0;1;1
2;0.3333333333333333;0.21931539543711392;0.0;0;0.1334280386651644;0.2;0.0;0;1;0;0
4;0.3333333333333333;0.04352684476682723;0.23095823095823095;1;0.7192253910524445;0.6;1.0;0;1;0;1
3;0.25;0.6529236892996196;0.28173628173628174;1;0.5709425037633793;1.0;0.0;0;0;1;1
4;0.4166666666666667;0.13046024553201388;0.4520884520884521;0;0.29317797072840723;0.4;0.0;0;1;0;0
4;0.25;0.11660728234079418;0.3923013923013923;1;0.03495462773630406;0.2;0.0;0;0;1;0
4;0.25;0.018256797378580252;0.32923832923832924;1;0.11950751615649667;0.2;0.0;0;1;0;0
4;0.3333333333333333;0.10466154739309058;0.3546273546273546;1;0.5742088759840358;0.2;0.0;1;0;0;0
2;0.08333333333333333;0.018686401254420424;0.19656019656019655;0;0.27033406299224916;0.6;0.0;0;1;0;1
4;0.3333333333333333;0.1702413215505611;0.11138411138411139;0;0.6288839400029101;0.4;0.0;0;1;0;0
3;0.3333333333333333;0.016505608735336477;0.47583947583947583;0;0.1779654909412943;0.4;0.0;0;0;1;0
4;0.0;0.049384870269340644;0.4701064701064701;0;0.7128670457467031;0.2;0.0;0;0;1;1
4;0.0;0.07199418265026694;0.6158886158886159;0;0.3305101185230032;0.0;0.0;0;1;0;0
0;0.16666666666666666;0.18193583980095915;0.22686322686322685;1;0.5680458205714419;0.2;0.0;1;0;0;0
4;0.25;0.1113914040977037;0.4701064701064701;1;0.07450799647240841;0.0;0.0;0;1;0;1
4;0.3333333333333333;0.15327870158443424;0.3104013104013104;1;0.25931635371766254;0.2;0.0;1;0;0;0
2;0.5;0.03104966246650416;0.552006552006552;1;0.39199473640153015;0.4;1.0;0;1;0;1
4;0.5;0.030066385315070457;0.5241605241605242;1;0.49156015626584;0.2;0.0;0;1;0;1
4;0.08333333333333333;0.053231529319687866;0.3914823914823915;1;0.22803048870456916;0.2;0.0;0;1;0;1
4;0.5833333333333334;0.002028688049548947;0.3013923013923014;1;0.38151639921131963;0.2;0.0;0;1;0;1
4;0.25;0.19755315988565578;0.5143325143325144;1;0.393585788807787;0.2;0.0;0;1;0;1
2;0.08333333333333333;0.051334366754552475;0.46273546273546273;0;0.2487392793752708;0.2;0.0;0;1;0;0
4;0.25;0.007712899975775853;0.24488124488124488;1;0.5956343485961489;0.0;0.0;0;1;0;0
4;0.4166666666666667;0.22885291679156036;0.13923013923013924;1;0.00807826070008286;0.2;0.0;0;1;0;0
4;0.3333333333333333;0.3823127268745639;0.3095823095823096;0;0.4403910696803148;0.4;0.0;0;1;0;0
4;0.25;0.1156608123540376;0.6052416052416052;0;0.5602165270991207;0.2;0.0;0;0;1;0
3;0.25;0.04899605488695841;0.5446355446355446;0;0.21171963989283693;0.4;0.0;0;1;0;0
4;0.16666666666666666;0.05934952690860936;0.17444717444717445;1;0.3893109730281878;0.4;0.0;0;0;1;0
4;0.25;0.03285707016725826;0.16543816543816545;0;0.7501079460255669;1.0;0.0;1;0;0;1
4;0.08333333333333333;0.13815581977976316;0.5651105651105651;1;0.24212838754258173;0.2;1.0;0;1;0;0
3;0.5833333333333334;0.04890682251566409;0.17035217035217035;1;0.5140239221122002;0.2;1.0;1;0;0;1
4;0.08333333333333333;0.0036048499396627316;0.4398034398034398;0;0.14412821504217335;0.8;0.0;0;1;0;1
4;0.0;0.00518913182430936;0.25552825552825553;1;0.23670586635165172;0.2;0.0;0;1;0;0
3;0.6666666666666666;0.10606408491208728;0.6216216216216216;1;0.17275304652934553;0.2;0.0;0;1;0;1
4;0.25;0.03809863074065722;0.23013923013923013;0;0.12537614596447907;0.6;0.0;0;1;0;1
3;0.25;0.020474209002671884;0.5438165438165438;0;0.2544137829803754;0.6;0.0;0;0;1;1
4;0.4166666666666667;0.08936459115249766;0.38656838656838655;1;0.8211410395715684;0.2;0.0;0;1;0;1
4;0.0;0.0362408643697388;0.39803439803439805;1;0.8268164494482414;0.4;1.0;0;1;0;1
3;0.25;0.008404963537600625;0.03357903357903358;1;0.3730228468371945;0.4;0.0;0;0;1;1
2;0.3333333333333333;0.023870015112716043;0.0;0;0.37129029654354895;0.2;0.0;0;1;0;0
2;0.08333333333333333;0.16734969150323104;0.3202293202293202;1;0.29537960101209504;0.4;0.0;0;1;0;0
4;0.16666666666666666;0.2125200691715683;0.3972153972153972;1;0.4794246070527333;0.2;0.0;0;1;0;0
2;0.0;0.22879386458939122;0.171990171990172;1;0.4652535144507214;0.4;0.0;0;0;1;0
4;0.08333333333333333;0.08508984653270459;0.17854217854217855;1;0.11007836728604609;0.6;0.0;0;0;1;1
2;0.25;0.33539453265293073;0.4488124488124488;1;0.3343374377509119;0.6;0.0;0;1;0;1
3;0.4166666666666667;0.018232170876394505;0.4488124488124488;0;0.17087597895378165;0.4;0.0;0;1;0;0
3;0.4166666666666667;0.1261421331068221;0.33415233415233414;1;0.09916327351717258;0.0;0.0;0;1;0;0
4;0.25;0.13548519345402837;0.48484848484848486;1;0.4359036962149556;0.4;0.0;0;1;0;0
4;0.16666666666666666;0.006011437487762671;0.16461916461916462;0;0.3517908201622632;0.0;0.0;0;0;1;1
4;0.5;0.03686112119219272;0.29811629811629814;0;0.09128555144730113;0.4;0.0;0;1;0;1
4;0.5;0.33115922605928966;0.6265356265356266;1;0.18048123244843972;0.2;0.0;0;1;0;1
3;0.4166666666666667;0.1582725582101999;0.3677313677313677;1;0.46253181394027304;0.0;0.0;0;0;1;0
4;0.25;0.006188857177458104;0.3775593775593776;1;0.6467577840438186;0.4;0.0;0;0;1;0
4;0.25;0.08652491316264087;0.7346437346437347;0;0.17990465490949553;0.2;0.0;0;1;0;1
1;0.4166666666666667;0.11630418908388189;0.12776412776412777;1;0.3205260543193042;0.4;0.0;0;1;0;1
3;0.0;0.40216312487378936;0.4873054873054873;0;0.18579932392124796;0.6;0.0;0;1;0;1
4;0.08333333333333333;0.14016186058093166;0.628992628992629;1;0.41272681257825916;0.2;0.0;0;1;0;0
3;0.25;0.1131915945921361;0.30384930384930386;0;0.1922810479468584;0.2;0.0;0;1;0;0
3;0.16666666666666666;0.2660503317837663;0.49713349713349714;1;0.553554560395722;0.2;0.0;0;1;0;1
2;0.25;0.12027386290874888;0.19574119574119575;0;0.41276612612573815;0.4;1.0;0;0;1;0
3;0.3333333333333333;0.29924445242392395;0.24406224406224405;0;0.600570897478747;0.2;1.0;1;0;0;0
4;0.08333333333333333;0.07545903086218955;0.41932841932841936;1;0.15770398468484959;0.4;0.0;0;1;0;0
4;0.4166666666666667;0.14100115396174123;0.4873054873054873;0;0.13517180749668317;0.6;0.0;0;1;0;1
4;0.25;0.11108715892150182;0.5405405405405406;0;0.08748182016434033;0.6;0.0;0;0;1;1
4;0.3333333333333333;0.08940461105117738;0.6134316134316135;1;0.38082868952387283;0.4;0.0;0;0;1;0
2;0.16666666666666666;0.04351410274967621;0.34561834561834565;0;0.5145820581603721;0.6;0.0;0;0;1;1
4;0.08333333333333333;0.2604185596808492;0.552006552006552;1;0.5320292695768186;0.0;0.0;0;1;0;0
4;0.0;0.034954283590576056;0.30057330057330056;0;0.37578312190603524;0.4;0.0;0;1;0;0
2;0.0;0.0192494438737848;0.5045045045045045;1;0.14556101538942745;0.2;0.0;0;0;1;0
3;0.4166666666666667;0.13845479454502313;0.3906633906633907;0;0.49400202359827916;0.8;0.0;0;1;0;1
4;0.25;0.08792916573032238;0.42997542997543;0;0.01714079717478511;0.0;1.0;0;1;0;0
4;0.08333333333333333;0.03386457960816226;0.4258804258804259;0;0.06402569057647364;0.2;0.0;0;1;0;0
4;0.5833333333333334;0.22720398683378393;0.09418509418509419;1;0.16978915609270537;0.0;0.0;0;0;1;1
3;0.25;0.03744561021266516;0.17280917280917282;0;0.4493807189004649;0.2;0.0;0;1;0;0
3;0.08333333333333333;0.007263753144009424;0.37346437346437344;0;0.45350490098829765;0.6;0.0;0;0;1;1
4;0.0;0.0016535445411551947;0.08026208026208026;1;0.21739605546686785;0.2;0.0;0;1;0;1
2;0.4166666666666667;0.2850049608163076;0.49303849303849306;0;0.6155086283911906;0.2;1.0;0;0;1;0
3;0.25;0.057173307239252395;0.4995904995904996;1;0.4476579003524117;0.2;0.0;0;1;0;1
4;0.5;0.026651131307433514;0.4103194103194103;0;0.5268062149604791;0.8;1.0;0;1;0;1
2;0.08333333333333333;0.0930892165994827;0.17280917280917282;0;0.3286101193638758;0.0;0.0;0;0;1;0
4;0.0;0.07439136477600175;0.5831285831285832;1;0.33963217292004616;0.6;1.0;0;0;1;1
4;0.08333333333333333;0.9743049012780767;0.6904176904176904;1;0.20049361389341386;0.6;0.0;0;0;1;1
3;0.16666666666666666;0.24402594608636477;0.3808353808353808;1;0.267355733925746;0.4;0.0;0;1;0;0
4;0.3333333333333333;0.03511561791846725;0.4406224406224406;0;0.4756681513813373;0.2;0.0;0;1;0;0
4;0.16666666666666666;0.1330469712758746;0.38984438984438985;1;0.1539960738351546;0.2;0.0;0;1;0;0
4;0.16666666666666666;0.054415322201749015;0.4438984438984439;0;0.5936696974883753;0.0;0.0;0;1;0;1
3;0.08333333333333333;0.050361823329297443;0.33742833742833744;1;0.5250252957449364;0.2;1.0;0;0;1;1
1;0.6666666666666666;0.050830183653374564;0.35135135135135137;1;0.14350079976500654;0.6;0.0;0;1;0;1
0;0.5;0.11337687796419417;0.5053235053235053;1;0.3919356706144528;0.4;0.0;0;1;0;1
4;0.6666666666666666;0.08584612415298346;0.7411957411957412;1;0.756794853904797;0.4;1.0;0;1;0;1
4;0.16666666666666666;0.15645028451193066;0.12694512694512694;1;0.13155088184052297;0.8;0.0;0;1;0;1
3;0.4166666666666667;0.018405046319539722;0.33988533988533987;0;0.3894402392914341;0.4;0.0;0;0;1;0
2;0.16666666666666666;0.061586815182707116;0.16298116298116297;0;0.5150749685029209;0.4;0.0;0;1;0;0
2;0.16666666666666666;0.21895160646545087;0.6175266175266175;1;0.25010151701677436;0.2;0.0;0;1;0;0
4;0.08333333333333333;0.00028310930535937047;0.26044226044226043;1;0.10151343657183984;0.2;0.0;0;0;1;0
4;0.25;0.10861822298620909;0.12039312039312039;1;0.6808188790374128;0.6;0.0;0;1;0;1
4;0.08333333333333333;0.1713434472445712;0.4610974610974611;0;0.4992059818794864;0.2;0.0;0;1;0;0
4;0.25;0.05381411372066333;0.6420966420966421;0;0.23191643818645663;0.2;0.0;0;1;0;0
4;0.16666666666666666;0.23925088682443182;0.4651924651924652;1;0.21565114339989624;0.2;0.0;0;1;0;0
2;0.16666666666666666;0.14798709362869697;0.38984438984438985;1;0.4442191206353065;0.4;1.0;0;1;0;0
4;0.08333333333333333;0.10357893134143227;0.42342342342342343;0;0.06253610094830539;0.0;0.0;0;1;0;0
4;0.4166666666666667;0.024525969295520516;0.588042588042588;1;0.37689893239950856;0.2;0.0;0;1;0;1
1;0.3333333333333333;0.12332342316312689;0.21375921375921375;0;0.07708015473929053;0.2;0.0;0;1;0;1
4;0.16666666666666666;0.19958452897843035;0.33824733824733827;1;0.12563218212501978;0.2;0.0;0;1;0;0
4;0.4166666666666667;0.14557898401386873;0.28255528255528256;1;0.4234647389145041;0.2;0.0;0;1;0;0
3;0.25;0.09510066056760723;0.16543816543816545;0;0.5711154539220777;0.2;0.0;0;0;1;0
4;0.25;0.13943546151054326;0.30303030303030304;1;0.6270381388899675;0.6;0.0;0;1;0;1
4;0.08333333333333333;0.41912206779137656;0.538083538083538;0;0.5840774714248257;0.0;1.0;0;0;1;1
1;0.16666666666666666;0.0011391694292195343;0.44963144963144963;0;0.2564846462268782;0.2;0.0;0;1;0;0
4;0.3333333333333333;0.12125986478274155;0.4619164619164619;1;0.18815421419526757;0.2;0.0;0;1;0;0
4;0.16666666666666666;0.1751765503947456;0.3808353808353808;1;0.17295453435700656;0.2;0.0;0;1;0;0
4;0.08333333333333333;0.11326477257296107;0.44226044226044225;1;0.2606551938827612;0.4;0.0;1;0;0;0
4;0.25;0.035419778758113835;0.22522522522522523;1;0.49608405530551136;0.4;0.0;0;1;0;0
0;0.08333333333333333;0.1924491542084452;0.3063063063063063;1;0.17088623017902999;0.4;0.0;0;1;0;0
4;0.4166666666666667;0.27201144151633483;0.3882063882063882;1;0.6560970711265334;0.4;0.0;1;0;0;1
4;0.16666666666666666;0.1279376050517935;0.4021294021294021;0;0.8694598538090185;0.2;1.0;0;0;1;1
4;0.25;0.07953580039579629;0.4095004095004095;1;0.711469739365883;0.2;0.0;0;1;0;1
2;0.0;0.050692005464768784;0.33415233415233414;1;0.5626009401618346;0.0;0.0;1;0;0;0
4;0.3333333333333333;0.04449994761866539;0.29484029484029484;0;0.3416248197552429;0.0;0.0;0;0;1;0
1;0.25;0.14285999261596177;0.8738738738738738;1;0.3998166271849939;0.6;0.0;0;1;0;1
2;0.25;0.10388302510587787;0.5053235053235053;1;0.2871218768690441;0.0;0.0;0;1;0;0
2;0.25;0.0189138947641457;0.42424242424242425;0;0.6354850772345201;0.6;0.0;0;1;0;1
4;0.25;0.016854091074564058;0.3185913185913186;0;0.5431149362338757;0.2;0.0;0;1;0;0
4;0.08333333333333333;0.008136793058128273;0.28255528255528256;0;0.14961205311817008;0.4;0.0;0;0;1;0
3;0.25;0.127940131832832;0.33497133497133497;1;0.04107314477023381;0.6;0.0;0;1;0;1
4;0.25;0.04192373785915952;0.4045864045864046;0;0.599240618829972;0.2;0.0;0;1;0;0
1;0.5;0.0022058917892546445;0.04832104832104832;1;0.3343263542509156;0.4;0.0;0;0;1;1
4;0.16666666666666666;0.04577544954613631;0.09991809991809991;0;0.36123986157863736;0.4;0.0;0;1;0;0
3;0.16666666666666666;0.19848541202709624;0.25225225225225223;1;0.3810437328922309;0.2;1.0;1;0;0;0
4;0.5;0.03159383025585732;0.3906633906633907;1;0.46555091553276606;0.0;0.0;1;0;0;1
3;0.4166666666666667;0.11163077398652108;0.3177723177723178;1;0.23043971063512336;0.2;0.0;0;0;1;0
2;0.16666666666666666;0.06437999092577837;0.5986895986895987;1;0.5660921124074046;0.2;0.0;0;0;1;0
4;0.08333333333333333;0.08850559569790302;0.11384111384111384;1;0.5325641023511315;0.6;0.0;0;1;0;1
4;0.25;0.10071393869829454;0.2334152334152334;0;0.12120050012734497;0.2;0.0;0;1;0;0
3;0.08333333333333333;0.06742773908763836;0.6060606060606061;1;0.2896575324205877;0.4;0.0;0;1;0;0
4;0.25;0.006561654089049171;0.3783783783783784;0;0.14900232502606994;0.0;0.0;0;1;0;0
2;0.25;0.09324199706957201;0.5012285012285013;0;0.5161223316901813;0.4;0.0;0;1;0;0
2;0.5833333333333334;0.056310585123971184;0.6928746928746928;1;0.46241478358427895;0.0;0.0;0;1;0;1
2;0.5833333333333334;0.024742339702839424;0.24324324324324326;0;0.5041871653250788;0.2;0.0;1;0;0;1
4;0.3333333333333333;0.25231398447624537;0.3407043407043407;1;0.7059387988823528;0.2;0.0;0;0;1;1
4;0.25;0.14814527627764934;0.31203931203931207;0;0.18077781371982038;0.4;0.0;0;1;0;0
4;0.3333333333333333;0.037112704809779865;0.036855036855036855;1;0.25318091570788176;0.4;0.0;0;1;0;0
3;0.0;0.08608077268116614;0.30548730548730546;1;0.3482160619228722;0.4;0.0;0;1;0;0
4;0.25;0.36710155027119856;0.5012285012285013;1;0.8251248424996932;0.4;1.0;0;0;1;1
2;0.5833333333333334;0.03126879368090475;0.44553644553644556;1;0.6295363956008598;0.4;0.0;0;1;0;1
4;0.08333333333333333;0.3275842308486998;0.45782145782145783;1;0.538010631188815;0.0;1.0;0;1;0;1
0;0.4166666666666667;0.12788720735902928;0.29484029484029484;1;0.34926268939321553;0.2;1.0;0;1;0;0
3;0.25;0.08653528817913983;0.24897624897624898;1;0.0056122545460620754;0.2;0.0;0;1;0;0
4;0.16666666666666666;0.45466154591690944;0.5642915642915642;1;0.5372294079049851;0.4;0.0;1;0;0;0
4;0.75;0.04510816540471181;0.2751842751842752;0;0.13923918500750582;0.0;0.0;0;1;0;1
4;0.0;0.036209209924214454;0.4045864045864046;1;0.24381323022013549;0.0;1.0;0;1;0;0
3;0.16666666666666666;0.04609519827076259;0.3832923832923833;0;0.2979907070698063;0.2;0.0;0;0;1;0
2;0.4166666666666667;0.15456241468090795;0.5962325962325963;1;0.4258385749584177;0.2;1.0;0;0;1;1
0;0.25;0.04566022990678557;0.515970515970516;1;0.6210153826449282;0.0;0.0;0;0;1;0
1;0.25;0.011995675865376863;0.14414414414414414;1;0.14689373838308376;0.0;0.0;0;1;0;1
0;0.16666666666666666;0.11494766013282191;0.16216216216216217;1;0.11919351136264067;0.4;0.0;0;1;0;0
3;0.25;0.028002514071179353;0.4512694512694513;0;0.2895037260979432;0.0;0.0;0;1;0;0
4;0.5;0.000394638464626278;0.3464373464373464;0;0.49833830732134343;0.4;0.0;0;1;0;1
4;0.3333333333333333;0.02464191616947015;0.28173628173628174;1;0.5465489075693637;0.2;0.0;0;1;0;0
4;0.3333333333333333;0.19020446982670708;0.5233415233415234;1;0.7567732644790984;0.6;0.0;0;1;0;1
3;0.5833333333333334;0.3134321683442321;0.38738738738738737;1;0.09272226971075946;0.2;0.0;0;1;0;1
4;0.16666666666666666;0.12060762062906633;0.3652743652743653;1;0.44407013142236335;0.8;0.0;0;0;1;1
4;0.08333333333333333;0.0412967265029349;0.48402948402948404;1;0.24197392740665177;0.4;0.0;0;1;0;0
4;0.3333333333333333;0.06375152453783671;0.29484029484029484;1;0.3976898145209178;0.6;0.0;0;0;1;1
3;0.08333333333333333;0.024003429479808203;0.6134316134316135;1;0.4136801783355093;0.4;0.0;0;1;0;1
3;0.5;0.23657014844012042;0.22768222768222768;1;0.08762341309873505;0.2;0.0;0;1;0;1
4;0.16666666666666666;0.12180847575794236;0.4643734643734644;0;0.338036494746443;0.2;0.0;0;1;0;0
4;0.3333333333333333;0.009743061176785979;0.5913185913185913;1;0.32804323493584475;0.0;0.0;0;0;1;0
4;0.16666666666666666;0.05079965970450824;0.13104013104013104;0;0.2576118426400872;0.2;0.0;0;1;0;0
1;0.16666666666666666;0.0858554511912592;0.30057330057330056;0;0.3978022355154656;0.2;0.0;0;0;1;0
4;0.5;0.17753274635520722;0.5438165438165438;1;0.4257527888471075;0.2;0.0;0;1;0;1
4;0.4166666666666667;0.28166554443997577;0.5462735462735463;1;0.30630627880733413;0.2;1.0;0;0;1;0
3;0.4166666666666667;0.015768213990657455;0.3284193284193284;0;0.3838365125079543;0.4;0.0;0;1;0;0
4;0.4166666666666667;0.20011369277672594;0.23669123669123668;1;0.19548034766355787;0.6;1.0;0;0;1;1
3;0.08333333333333333;0.007501905537818726;0.5135135135135135;1;0.29670527129690827;0.4;1.0;0;1;0;0
4;0.16666666666666666;0.030538139074537354;0.5503685503685504;1;0.2367942940564415;0.4;0.0;0;0;1;0
4;0.08333333333333333;0.002293352020039476;0.16625716625716624;1;0.6270951416853083;0.2;0.0;0;1;0;0
4;0.0;0.00726925714635807;0.1597051597051597;1;0.2331551411700963;0.4;0.0;0;1;0;0
3;0.25;0.003597535012569936;0.3939393939393939;1;0.2259529459722535;0.4;1.0;0;0;1;0
4;0.4166666666666667;0.017492144168591427;0.4594594594594595;0;0.22861937391036605;0.2;0.0;0;1;0;0
2;0.16666666666666666;0.2326729155064339;0.30794430794430794;0;0.16644289567197335;0.4;0.0;0;1;0;0
4;0.4166666666666667;0.03707515329037652;0.46764946764946763;0;0.42615098791831185;0.6;0.0;0;0;1;1
3;0.0;0.0726302073492001;0.23996723996723995;1;0.14575378738381847;0.8;0.0;0;1;0;1
4;0.08333333333333333;0.07422434478329834;0.010647010647010647;1;0.4123815885950009;0.6;0.0;0;1;0;1
4;0.4166666666666667;0.5954706494620893;0.28746928746928746;1;0.3892913286343852;0.2;0.0;0;1;0;0
0;0.08333333333333333;0.050403015577471906;0.3669123669123669;1;0.3747153409652475;0.4;0.0;0;0;1;0
2;0.25;0.03420300836928093;0.31122031122031124;1;0.7994011784024286;0.2;0.0;0;1;0;1
4;0.25;0.36749901042455824;0.16707616707616707;1;0.3205215587643472;0.4;0.0;0;1;0;0
3;0.4166666666666667;0.09982372579955294;0.05896805896805897;1;0.07840328843740639;0.2;0.0;0;0;1;1
4;0.25;0.0379571985510523;0.2727272727272727;1;0.20189970035792165;0.2;0.0;0;0;1;0
1;0.3333333333333333;0.03764514058999881;0.5036855036855037;1;0.32043425856789326;0.8;0.0;0;0;1;1
2;0.25;0.009980302331417439;0.5626535626535627;0;0.5642330387214594;0.4;1.0;0;0;1;0
2;0.25;0.09048970417522555;0.5511875511875511;0;0.4887381184583784;0.2;0.0;0;1;0;0
3;0.3333333333333333;0.14304517096273991;0.22276822276822278;1;0.4467894547264701;0.2;0.0;0;1;0;0
4;0.4166666666666667;0.07156569240270878;0.1678951678951679;0;0.2796099169088811;0.2;0.0;0;1;0;1
4;0.16666666666666666;0.2400384732631695;0.4381654381654382;0;0.318801799178954;0.2;0.0;0;0;1;0
4;0.25;0.07354271780411054;0.4610974610974611;0;0.4202487776609824;0.0;0.0;1;0;0;0
4;0.25;0.047240874536924805;0.4226044226044226;1;0.7434573446647319;0.8;1.0;0;0;1;1
3;0.3333333333333333;0.03205627108071695;0.02702702702702703;0;0.18258969603158665;0.2;0.0;0;1;0;0
3;0.3333333333333333;0.03094951386612621;0.21457821457821458;1;0.340407969608953;0.4;0.0;0;1;0;0
4;0.0;0.042273129729946006;0.3521703521703522;0;0.16223693649504176;0.2;0.0;0;1;0;0
3;0.08333333333333333;0.536815406010424;0.43652743652743653;1;0.2695400651907945;0.4;0.0;0;1;0;1
4;0.08333333333333333;0.04973141406998342;0.4823914823914824;1;0.3074662388376199;0.4;0.0;0;0;1;0
4;0.5;0.08266866673598296;0.38001638001638;1;0.39633289505264613;0.6;0.0;0;1;0;1
4;0.0;0.035662357239691814;0.41113841113841115;1;0.20063355029415172;0.2;0.0;0;1;0;0
3;0.25;0.01717053114837044;0.3701883701883702;0;0.583664514830986;0.8;0.0;0;0;1;1
2;0.25;0.11542459194754527;0.4692874692874693;0;0.6019178426572831;0.4;1.0;0;1;0;0
4;0.4166666666666667;0.08760260217155194;0.40786240786240785;1;0.5174904258320953;0.2;0.0;0;1;0;1
4;0.6666666666666666;0.007745451539710084;0.3677313677313677;0;0.16791591101479417;0.2;0.0;0;1;0;1
4;0.16666666666666666;0.23846106691404864;0.31285831285831284;1;0.6489707487884921;0.2;0.0;0;0;1;1
4;0.16666666666666666;0.07878417141596882;0.3701883701883702;1;0.5243215529941138;0.2;0.0;0;0;1;0
3;0.08333333333333333;0.04537750700287258;0.4357084357084357;0;0.24929736498231922;0.2;0.0;0;1;0;0
4;0.16666666666666666;0.1680796880297744;0.4004914004914005;1;0.07502318713073576;0.2;0.0;0;1;0;0
4;0.0;0.0131584875273964;0.41932841932841936;1;0.23723585019623727;0.4;1.0;0;1;0;1
3;0.4166666666666667;0.07136810705863873;0.5765765765765766;1;0.16770251093102237;0.2;0.0;0;1;0;0
2;0.16666666666666666;0.08847516312009858;0.4004914004914005;0;0.16006203741396613;0.4;0.0;0;1;0;0
4;0.3333333333333333;0.16596471719023362;0.25061425061425063;0;0.13059548687454328;0.2;0.0;0;1;0;0
4;0.16666666666666666;0.05138311546452225;0.5012285012285013;1;0.35208259706486383;0.6;0.0;0;1;0;1
3;0.25;0.21476240769907975;0.13267813267813267;1;0.0660629843351426;0.0;0.0;0;0;1;0
4;0.16666666666666666;0.13303351235021113;0.17936117936117937;0;0.27545188272981996;0.4;0.0;0;1;0;0
3;0.25;0.16397880502656234;0.411957411957412;1;0.607634257143413;0.4;0.0;0;1;0;1
4;0.25;0.3867263341021117;0.44144144144144143;1;0.36914411276138853;0.2;0.0;0;1;0;0
4;0.3333333333333333;0.20719272059981958;0.15233415233415235;1;0.22000475786905457;0.0;0.0;0;1;0;0
3;0.4166666666666667;0.04731410131576686;0.294021294021294;1;0.41353832722766143;0.4;0.0;0;1;0;0
2;0.3333333333333333;0.11541756118558037;0.2571662571662572;1;0.34672284402638176;0.2;0.0;0;1;0;0
3;0.0;0.2257583101147405;0.27682227682227684;0;0.6181541753602421;0.4;0.0;0;0;1;0
0;0.25;0.08279083493138217;0.5110565110565111;0;0.3440830785369376;0.4;0.0;0;0;1;0
1;0.4166666666666667;0.12769007187196635;0.4725634725634726;0;0.44611871019990995;0.0;0.0;0;0;1;1
2;0.25;0.020966390159095138;0.3538083538083538;0;0.3836800107941343;0.2;0.0;0;1;0;0
3;0.25;0.18823411448812197;0.266994266994267;1;0.007849570712795403;0.4;0.0;0;0;1;0
4;0.5;0.15755076095966095;0.13595413595413594;1;0.3875090562982746;0.2;0.0;0;1;0;1
0;0.25;0.2444147269967525;0.5896805896805897;0;0.4072657383216101;0.2;0.0;1;0;0;0
4;0.08333333333333333;0.13772250137188743;0.4537264537264537;1;0.6050050967469567;0.4;1.0;0;1;0;0
4;0.16666666666666666;0.2330091199249024;0.24078624078624078;1;0.2328966539058771;0.4;1.0;0;1;0;1
4;0.16666666666666666;0.019624225626708194;0.4742014742014742;0;0.32862196810621064;0.4;0.0;0;1;0;0
2;0.3333333333333333;0.1868722842671968;0.3447993447993448;1;0.12839747049402842;0.2;1.0;1;0;0;0
2;0.5833333333333334;0.34006476745487807;0.3095823095823096;0;0.5428911832818368;0.2;0.0;1;0;0;1
4;0.16666666666666666;0.18798866993749497;0.4283374283374283;1;0.7000956329496969;0.2;0.0;0;0;1;1
2;0.16666666666666666;0.10620233208664862;0.23505323505323505;1;0.6145822206215849;0.0;0.0;0;1;0;0
2;0.16666666666666666;0.2903905882432398;0.30057330057330056;0;0.38921894922810274;0.0;0.0;0;1;0;0
4;0.3333333333333333;0.010974061748695292;0.37674037674037675;1;0.11088188173523394;0.6;1.0;1;0;0;1
4;0.25;0.001822939602617885;0.2751842751842752;1;0.6770177170004911;0.0;0.0;0;1;0;1
4;0.25;0.3739664778562507;0.46601146601146604;0;0.47931861906937734;0.4;0.0;0;0;1;0
2;0.3333333333333333;0.12776212530135972;0.6625716625716626;1;0.17875162556867671;0.2;0.0;0;1;0;0
3;0.4166666666666667;0.013418974078514369;0.2334152334152334;1;0.17847754509910518;0.4;0.0;0;1;0;0
4;0.25;0.046165816486106945;0.08353808353808354;1;0.2776070075798159;0.4;1.0;0;0;1;0
4;0.08333333333333333;0.15364782651921882;0.028665028665028666;1;0.5690525281784513;0.4;0.0;0;1;0;1
2;0.0;0.15435233633531076;0.3316953316953317;1;0.2025625751895279;0.0;0.0;0;0;1;0
0;0.25;0.020661715919373238;0.24815724815724816;1;0.43610776051911787;0.0;0.0;0;1;0;0
4;0.0;0.07060266367032017;0.3906633906633907;1;0.4841401859486567;0.4;0.0;0;0;1;0
1;0.25;0.18315192975542283;0.3783783783783784;1;0.13144732007154505;0.6;0.0;0;1;0;1
3;0.16666666666666666;0.37880935227532325;0.09418509418509419;0;0.05873734749128705;0.2;0.0;0;0;1;0
2;0.5;0.10834470830615846;0.05978705978705979;1;0.1658796977302925;0.2;0.0;0;1;0;1
2;0.3333333333333333;0.11303140227885591;0.40540540540540543;1;0.2535586978833508;0.6;0.0;0;1;0;1
4;0.16666666666666666;0.07043513506719513;0.37919737919737917;1;0.15296882305508086;0.4;0.0;0;1;0;0
3;0.08333333333333333;0.0861051067436632;0.28665028665028663;1;0.06399618808823732;0.2;0.0;1;0;0;0
4;0.25;0.011521875835142869;0.08517608517608517;1;0.488280936021097;0.4;0.0;0;1;0;1
4;0.0;0.04779202719732242;0.43407043407043405;1;0.385815016452824;0.2;1.0;0;1;0;0
4;0.5;0.07869013932141825;0.5651105651105651;0;0.5746674789049129;0.2;0.0;0;0;1;1
2;0.08333333333333333;0.035709323907405666;0.4021294021294021;1;0.6389077175537751;0.4;0.0;0;1;0;0
4;0.16666666666666666;0.049557905646087926;0.21785421785421785;1;0.292529535811609;0.2;0.0;0;1;0;0
2;0.5833333333333334;0.3946249336957304;0.36363636363636365;1;0.2163253899323381;0.0;0.0;0;1;0;1
4;0.3333333333333333;0.0005108314427812041;0.13267813267813267;0;0.18606514607973987;0.8;0.0;0;0;1;1
4;0.08333333333333333;0.04003770006076489;0.5298935298935299;1;0.39221832496485454;0.2;0.0;0;1;0;0
3;0.25;0.09750738514674327;0.3701883701883702;0;0.49141511503877455;0.4;0.0;0;1;0;0
1;0.3333333333333333;0.03632268213888522;0.06715806715806716;1;0.528290641661491;1.0;0.0;0;0;1;1
2;0.3333333333333333;0.12548944058942305;0.3071253071253071;1;0.1655030767874812;0.0;0.0;0;0;1;0
0;0.25;0.039501552447727704;0.43243243243243246;1;0.0267196502032092;0.2;0.0;0;1;0;1
4;0.25;0.11305426755143308;0.3022113022113022;1;0.6526677096865058;0.0;0.0;0;0;1;1
4;0.4166666666666667;0.21091602757228775;0.31122031122031124;1;0.3695172243268612;0.4;0.0;0;0;1;0
2;0.3333333333333333;0.11952381528841523;0.15642915642915642;0;0.7153815622776976;0.0;0.0;0;1;0;1
4;0.25;0.00562420311067808;0.44963144963144963;1;0.029715163075252425;0.6;0.0;0;0;1;1
0;0.16666666666666666;0.1763766824209633;0.25061425061425063;0;0.3919668368919353;0.6;0.0;0;1;0;1
4;0.25;0.026553908731729064;0.003276003276003276;0;0.5117053729802533;0.4;1.0;0;1;0;0
3;0.4166666666666667;0.11200861167165774;0.29565929565929566;1;0.6020268595963246;0.0;0.0;0;1;0;0
4;0.5;0.11570777798280517;0.5176085176085176;1;0.3395474033863336;0.2;0.0;0;1;0;1
3;0.25;0.18110705034428168;0.2932022932022932;1;0.5261073229886734;0.8;0.0;0;1;0;1
4;0.3333333333333333;0.07835853436523224;0.6412776412776413;1;0.21535264970278173;0.2;0.0;0;0;1;0
4;0.25;0.05239813935291527;0.4266994266994267;0;0.1645346424115423;0.8;0.0;0;1;0;1
4;0.5;0.08114110158885884;0.411957411957412;1;0.5636202532614841;0.4;0.0;0;1;0;1
2;0.25;0.08773403652437124;0.3357903357903358;0;0.39471447176666447;0.4;0.0;0;1;0;0
4;0.4166666666666667;0.1916863665852005;0.34561834561834565;1;0.12690802705227508;0.6;0.0;0;0;1;1
4;0.3333333333333333;0.02546658378262799;0.31367731367731366;0;0.8469557939873643;0.8;0.0;0;1;0;1
4;0.25;0.20869249398050327;0.3071253071253071;0;0.04024183512038399;0.2;0.0;0;1;0;0
4;0.16666666666666666;0.05058437441898456;0.4438984438984439;1;0.6413055424000764;0.0;0.0;0;1;0;0
3;0.3333333333333333;0.1514810064125057;0.2031122031122031;0;0.5988870243467517;0.0;0.0;0;0;1;0
2;0.25;0.045443281416532165;0.18018018018018017;1;0.6331880677529255;0.4;0.0;0;1;0;0
4;0.08333333333333333;0.13723856363451978;0.17280917280917282;0;0.24826930125402458;0.2;0.0;0;0;1;0
4;0.5833333333333334;0.17855265285584782;0.6920556920556921;1;0.18677031511245765;0.2;0.0;0;1;0;1
2;0.25;0.09079062718152969;0.4438984438984439;1;0.348092690628393;0.0;0.0;0;1;0;0
2;0.4166666666666667;0.10745767581145281;0.4062244062244062;1;0.32399875185679844;0.0;0.0;0;1;0;0
3;0.25;0.13680948905666568;0.18345618345618345;0;0.191152070586213;0.2;1.0;0;0;1;0
4;0.16666666666666666;0.12968180822815167;0.45864045864045866;1;0.3499156694621223;0.2;0.0;0;1;0;0
4;0.08333333333333333;0.1445564709320546;0.33742833742833744;1;0.13591208947793842;0.0;0.0;0;1;0;1
3;0.08333333333333333;0.210777337551808;0.3914823914823915;0;0.07492181982409125;0.0;1.0;0;1;0;0
4;0.16666666666666666;0.027649777864397256;0.19656019656019655;0;0.3243012133367199;0.0;0.0;0;1;0;1
4;0.5;0.026827060536682885;0.3832923832923833;1;0.11697592136935812;0.4;0.0;0;1;0;1
2;0.3333333333333333;0.39265599039800947;0.28746928746928746;1;0.25170829652547827;0.4;0.0;0;0;1;1
4;0.16666666666666666;0.21200188152604615;0.23095823095823095;1;0.31326057260440016;0.4;0.0;0;1;0;0
4;0.08333333333333333;0.0995998973763294;0.47665847665847666;1;0.31599337947877554;0.4;0.0;0;1;0;0
4;0.3333333333333333;0.000844232566357745;0.10483210483210484;0;0.18620606604204365;0.4;0.0;0;1;0;0
3;0.5833333333333334;0.21460466958763863;0.4488124488124488;0;0.13235169605957217;0.2;0.0;0;1;0;1
4;0.25;0.15489257205784995;0.46846846846846846;0;0.4565844620401933;0.4;1.0;0;1;0;0
3;0.3333333333333333;0.3484366019784509;0.21294021294021295;1;0.5628100281023287;0.4;0.0;0;1;0;0
4;0.3333333333333333;0.0014046618090099226;0.22194922194922195;1;0.35447348414999025;0.4;1.0;0;0;1;0
2;0.25;0.003150590602319838;0.3202293202293202;1;0.12317189112943906;0.2;1.0;0;1;0;0
4;0.25;0.08100781172707495;0.40294840294840295;1;0.1311031231732932;0.2;0.0;0;0;1;0
4;0.25;0.21559808817102688;0.3316953316953317;0;0.24759911698178924;0.2;1.0;0;1;0;0
4;0.3333333333333333;0.5280403497029992;0.4275184275184275;1;0.16096352561641009;0.2;1.0;0;1;0;1
4;0.5833333333333334;0.04284621480992874;0.6453726453726454;0;0.3829448245086721;0.4;0.0;0;0;1;1
4;0.08333333333333333;0.004051946482248393;0.27354627354627353;0;0.2219414737448526;0.2;0.0;0;0;1;0
2;0.75;0.024136026400405054;0.07534807534807535;1;0.31338122202325935;0.0;0.0;0;1;0;1
4;0.25;0.2331083881314339;0.49221949221949224;1;0.271297910533014;0.4;0.0;0;1;0;0
2;0.0;0.06982894130885205;0.6322686322686323;1;0.20772558389650897;0.2;0.0;0;1;0;0
4;0.25;0.21349838983845915;0.42096642096642095;1;0.04445866321791866;0.2;0.0;0;1;0;0
4;0.3333333333333333;0.06522457224238147;0.17854217854217855;0;0.2458545844933615;0.0;0.0;0;1;0;0
4;0.5833333333333334;0.006035461834908929;0.3366093366093366;1;0.47820194628097334;0.2;0.0;0;0;1;1
0;0.08333333333333333;0.10688319624692352;0.17362817362817362;0;0.0625572626274773;0.2;0.0;0;1;0;0
4;0.08333333333333333;0.06359034875877173;0.4619164619164619;0;0.2659280261243528;0.0;0.0;0;1;0;0
3;0.0;0.07514731962496415;0.13513513513513514;0;0.3061704324596857;0.4;0.0;0;1;0;0
3;0.5833333333333334;0.330990348650205;0.3071253071253071;0;0.2386799487065567;0.2;1.0;0;1;0;1
3;0.16666666666666666;0.06789076120648938;0.19246519246519248;1;0.2821084562676337;0.6;0.0;0;1;0;1
1;0.16666666666666666;0.17709297839555205;0.3775593775593776;1;0.5372289614449447;0.4;0.0;0;1;0;0
3;0.16666666666666666;0.006686522874709073;0.2964782964782965;1;0.09891951061541465;0.0;0.0;0;0;1;0
3;0.25;0.07248564891172997;0.3857493857493858;0;0.4700966402286417;0.4;0.0;0;1;0;0
0;0.25;0.09824281451245194;0.36036036036036034;0;0.35557278633304396;0.4;1.0;0;0;1;1
2;0.16666666666666666;0.013301547184626457;0.19492219492219492;1;0.450662736151841;0.6;0.0;0;1;0;1
4;0.08333333333333333;0.03997228219946759;0.4594594594594595;1;0.5461125511801648;0.4;0.0;1;0;0;0
4;0.08333333333333333;0.14964196343695751;0.3488943488943489;0;0.41965388055912867;0.6;0.0;1;0;0;1
2;0.3333333333333333;0.022542928973033168;0.19492219492219492;1;0.34330284682551954;0.4;0.0;0;0;1;0
4;0.16666666666666666;0.015227890929316144;0.723996723996724;0;0.5135439583082086;0.4;0.0;0;0;1;0
4;0.6666666666666666;0.0395016207059697;0.4348894348894349;1;0.28316418693874396;0.2;1.0;0;1;0;1
3;0.4166666666666667;0.21787237975427365;0.3316953316953317;1;0.2738098625194446;0.0;0.0;0;0;1;1
4;0.3333333333333333;0.16009494726945145;0.5888615888615889;1;0.4582569464579713;0.4;0.0;1;0;0;0
2;0.16666666666666666;0.1667973953685981;0.6584766584766585;0;0.12786923018623672;0.2;0.0;0;1;0;0
4;0.5;0.04324493546146749;0.3325143325143325;1;0.2875612870025252;0.2;0.0;0;1;0;1
4;0.16666666666666666;0.011522552934243303;0.4135954135954136;1;0.20300875915016403;0.0;0.0;0;1;0;0
4;0.3333333333333333;0.0035437948439799426;0.19492219492219492;1;0.3061983890628668;0.4;0.0;0;1;0;0
3;0.0;0.09810925442009097;0.3325143325143325;1;0.543116428763574;0.4;0.0;0;1;0;0
3;0.16666666666666666;0.13474422955243953;0.32432432432432434;1;0.3554835802319747;0.2;0.0;0;1;0;0
4;0.08333333333333333;0.052742396549422234;0.38656838656838655;1;0.3749564799043884;0.2;0.0;0;1;0;0
4;0.08333333333333333;0.0836706553109122;0.41113841113841115;0;0.018880545418552205;0.4;0.0;1;0;0;0
3;0.4166666666666667;0.036328389984875045;0.447993447993448;0;0.40217636833237713;0.0;0.0;0;1;0;0
2;0.08333333333333333;0.05033811363973748;0.3955773955773956;1;0.2824110698293982;0.2;0.0;0;0;1;0
4;0.25;0.14554071595172757;0.15806715806715807;0;0.36929954504246926;0.6;0.0;0;1;0;1
4;0.25;0.1408649142334017;0.2031122031122031;1;0.4818744828582757;1.0;0.0;0;1;0;1
4;0.3333333333333333;0.003100889521209426;0.266994266994267;1;0.18588396289958473;0.2;0.0;0;1;0;1
4;0.25;0.3211088207331596;0.3104013104013104;0;0.8023735232731943;0.2;0.0;0;1;0;1
0;0.3333333333333333;0.03479697459874823;0.5290745290745291;0;0.49657217884488386;0.0;1.0;0;1;0;0
4;0.25;0.2649115886233057;0.16625716625716624;1;0.2589760654050876;0.4;0.0;0;1;0;1
3;0.08333333333333333;0.07973454610878623;0.29811629811629814;0;0.49142796378786324;0.2;0.0;0;1;0;0
4;0.16666666666666666;0.07687320243784938;0.5126945126945127;0;0.17408964881205335;0.4;0.0;0;1;0;0
4;0.4166666666666667;0.06657429045770633;0.30794430794430794;0;0.15345720197556242;0.6;0.0;0;1;0;1
2;0.08333333333333333;0.2843898967221719;0.43243243243243246;0;0.5082730210769596;0.6;1.0;0;1;0;1
4;0.25;0.025892487235115617;0.33415233415233414;1;0.11560074248512922;0.6;1.0;0;1;0;1
4;0.25;0.10517107344712359;0.3988533988533989;1;0.4049812084876407;0.0;0.0;0;1;0;0
4;0.3333333333333333;0.042479685357717734;0.3194103194103194;1;0.4455631304592708;0.2;0.0;0;1;0;0
2;0.5833333333333334;0.274528762000174;0.46601146601146604;0;0.504280772885957;0.4;0.0;0;1;0;1
4;0.3333333333333333;0.02057448008831468;0.10319410319410319;1;0.26578030456121493;0.0;0.0;0;1;0;0
4;0.16666666666666666;0.1253952208275872;0.2972972972972973;1;0.8001394589390924;0.6;0.0;0;1;0;1
3;0.08333333333333333;0.060878639731192535;0.40540540540540543;0;0.17870893707648572;0.4;0.0;0;1;0;1
4;0.25;0.12036762463659523;0.4438984438984439;1;0.5012166636013695;0.4;1.0;0;1;0;1
3;0.3333333333333333;0.019013830711001913;0.6011466011466011;1;0.11977939259666802;0.0;0.0;0;1;0;0
4;0.75;0.055598929357866256;0.29238329238329236;1;0.23901675772938638;0.0;0.0;0;1;0;1
1;0.25;0.012555149303409074;0.5986895986895987;0;0.05246339795273555;0.4;0.0;0;1;0;1
2;0.3333333333333333;0.3856496989563336;0.24897624897624898;1;0.06140573327521547;0.2;0.0;0;0;1;0
2;0.16666666666666666;0.02672238365723495;0.5741195741195741;0;0.3736531786434376;0.4;1.0;0;0;1;0
3;0.5833333333333334;0.5556753299863414;0.4905814905814906;0;0.48702342767981344;0.0;0.0;0;1;0;1
4;0.4166666666666667;0.0602530466670363;0.2072072072072072;0;0.252713186492496;0.2;0.0;0;0;1;0
4;0.08333333333333333;0.008190699648963294;0.407043407043407;1;0.18211231015111437;0.4;0.0;0;1;0;0
4;0.25;0.001903389853806666;0.34807534807534807;1;0.1725963839667054;0.0;1.0;0;1;0;0
3;0.16666666666666666;0.10159374105984051;0.4594594594594595;0;0.07800319848589324;0.2;0.0;1;0;0;0
3;0.25;0.10605833540059013;0.3202293202293202;1;0.440788215422584;0.4;0.0;0;0;1;0
4;0.08333333333333333;0.0827139104679028;0.3063063063063063;0;0.45882514038593925;0.4;0.0;0;1;0;0
3;0.16666666666666666;0.00757522505643634;0.5806715806715806;1;0.6749026292016544;0.2;0.0;0;1;0;1
4;0.3333333333333333;0.04474063372452997;0.3407043407043407;0;0.6678821130387059;0.4;0.0;0;1;0;1
4;0.08333333333333333;0.04942619748273685;0.49221949221949224;0;0.5633261484010806;0.2;1.0;0;1;0;0
4;0.08333333333333333;0.13569425904960172;0.3194103194103194;1;0.5225098187593733;0.4;0.0;0;1;0;1
3;0.08333333333333333;0.06032129491487299;0.6298116298116299;1;0.29233881863272265;0.2;0.0;0;1;0;0
4;0.3333333333333333;0.09460717554598182;0.2457002457002457;0;0.5679039422527925;0.0;1.0;0;0;1;0
4;0.08333333333333333;0.03746482727654473;0.25634725634725636;0;0.08894005831395015;0.0;0.0;0;1;0;0
3;0.5;0.14397273035358168;0.6060606060606061;1;0.2576867954200794;0.8;0.0;0;0;1;1
2;0.0;0.005259581022411395;0.2841932841932842;0;0.6537417902064179;0.2;0.0;0;1;0;1
4;0.3333333333333333;0.49682563709921407;0.6191646191646192;0;0.01501890982611272;0.6;0.0;0;1;0;1
4;0.3333333333333333;0.11406913069401552;0.5028665028665029;1;0.312112411723083;0.2;0.0;0;1;0;1
4;0.16666666666666666;0.01786452744824272;0.3316953316953317;0;0.22778945407637424;0.2;0.0;0;1;0;0
4;0.16666666666666666;0.14057726436943205;0.05978705978705979;1;0.6435595526409637;0.8;0.0;0;1;0;1
2;0.16666666666666666;0.1717701680857649;0.3538083538083538;1;0.5489268459476748;0.0;0.0;0;1;0;0
3;0.3333333333333333;0.17283811330513496;0.37346437346437344;1;0.6293727659303122;0.4;1.0;0;1;0;0
4;0.16666666666666666;0.03505912983086129;0.547911547911548;1;0.9261453547335504;0.2;0.0;0;1;0;1
4;0.08333333333333333;0.3543597795622688;0.6167076167076168;0;0.36101202791251463;0.4;0.0;0;1;0;0
1;0.25;0.0019218182287737606;0.24488124488124488;1;0.4251477934959159;0.2;1.0;0;1;0;1
1;0.3333333333333333;0.05309140821825877;0.4881244881244881;1;0.3722097887725051;0.0;0.0;0;1;0;1
4;0.25;0.012176359357533974;0.4823914823914824;0;0.2760108106904839;0.4;0.0;0;1;0;0
4;0.25;0.05399573901067048;0.5323505323505323;0;0.38961946296300237;0.2;0.0;0;1;0;0
4;0.25;0.0064871761931334275;0.4381654381654382;0;0.5092670501583015;0.2;0.0;0;0;1;0
4;0.25;0.11515670726942459;0.03849303849303849;0;0.42196627367479606;0.0;0.0;0;1;0;0
4;0.0;0.007106875863913362;0.3308763308763309;1;0.18303915409319207;0.4;0.0;0;1;0;0
4;0.08333333333333333;0.1063814365324234;0.16707616707616707;0;0.10979640747893911;0.4;0.0;0;1;0;0
2;0.25;0.029603571902889238;0.3235053235053235;0;0.43512859141199295;0.4;0.0;0;1;0;0
3;0.08333333333333333;0.02189599469577119;0.5176085176085176;1;0.1614102372949289;0.4;0.0;0;1;0;1
4;0.16666666666666666;0.04735030346885176;0.407043407043407;1;0.5094423827276486;0.8;1.0;0;1;0;1
1;0.08333333333333333;0.11390427688696478;0.5446355446355446;1;0.2812147814983888;0.2;0.0;0;0;1;0
4;0.25;0.09597920448859976;0.41277641277641275;0;0.34511323544911726;0.4;1.0;0;1;0;1
2;0.16666666666666666;0.12687635062583189;0.14414414414414414;1;0.30215523169452996;0.4;1.0;0;1;0;0
0;0.5;0.27955315728656494;0.0;0;0.6106467824570694;0.4;0.0;0;1;0;1
4;0.4166666666666667;0.025219412530963933;0.3808353808353808;1;0.5199438188650762;0.2;0.0;0;1;0;0
1;0.5;0.0592736578394011;0.32186732186732187;0;0.4381745008671731;0.2;1.0;0;1;0;1
4;0.3333333333333333;0.034312268311092894;0.19656019656019655;1;0.2790362461152996;0.4;0.0;0;0;1;1
4;0.25;0.0981494797612385;0.07780507780507781;1;0.48450625534473085;0.0;0.0;0;0;1;0
3;0.5833333333333334;0.03700902009040903;0.23669123669123668;1;0.5450646904939894;0.0;0.0;0;0;1;1
4;0.3333333333333333;0.0907783495241032;0.32514332514332517;0;0.1052783290227644;0.4;1.0;0;1;0;0
4;0.25;0.19270457561334392;0.46601146601146604;0;0.30949503517057114;0.2;0.0;0;0;1;1
2;0.25;0.08901228550445203;0.38738738738738737;0;0.7288044558685479;0.6;0.0;0;1;0;1
2;0.25;0.20254338616203493;0.61998361998362;1;0.46069519356142685;0.2;1.0;0;0;1;0
1;0.16666666666666666;0.10508659417483339;0.18673218673218672;0;0.276177139604002;0.8;0.0;0;0;1;1
4;0.25;0.22719727679752016;0.5012285012285013;0;0.045785533984920454;0.0;0.0;0;1;0;0
3;0.16666666666666666;0.2964841405535391;0.36445536445536447;1;0.451026067304793;0.0;0.0;0;1;0;0
4;0.16666666666666666;0.07880744439455674;0.4701064701064701;0;0.5235128712571308;0.4;0.0;0;1;0;1
0;0.08333333333333333;0.17392235054527486;0.28501228501228504;0;0.16920432315909828;0.4;1.0;0;0;1;0
4;0.08333333333333333;0.07032325257076454;0.5323505323505323;0;0.23499164759416238;0.4;0.0;0;1;0;0
0;0.25;0.13583647460809334;0.40540540540540543;0;0.23294591117940724;0.2;0.0;1;0;0;0
4;0.16666666666666666;0.004184138997907886;0.2457002457002457;1;0.3995703598733298;0.0;0.0;0;1;0;1
3;0.3333333333333333;0.3791960250686763;0.3546273546273546;0;0.6373118819630073;0.0;0.0;0;1;0;1
4;0.6666666666666666;0.25000007569157223;0.3177723177723178;0;0.37329997986716096;0.4;0.0;0;1;0;1
3;0.4166666666666667;0.2489039474113011;0.43652743652743653;0;0.22858627986001662;0.6;0.0;0;0;1;1
4;0.5;0.036675763102137764;0.1638001638001638;0;0.4463134134462187;0.4;0.0;0;1;0;1
3;0.0;0.036972762443164366;0.3521703521703522;1;0.19501193850469603;0.0;1.0;0;1;0;1
4;0.16666666666666666;0.05725200012922951;0.4217854217854218;0;0.29772493381255266;0.4;0.0;0;1;0;0
4;0.16666666666666666;0.23602237648515528;0.361998361998362;0;0.39611157711496914;0.8;0.0;0;1;0;1
4;0.08333333333333333;0.21761821019323277;0.5773955773955773;1;0.1727881437112164;0.4;0.0;0;1;0;1
4;0.16666666666666666;0.03795383678120093;0.4832104832104832;1;0.6645524159923767;0.2;0.0;0;1;0;1
4;0.25;0.08676319221879794;0.35544635544635544;1;0.5733200479161913;0.0;1.0;0;0;1;0
3;0.0;0.07166239924506437;0.3923013923013923;1;0.27351377731025756;0.2;0.0;1;0;0;0
4;0.16666666666666666;0.11695619981170813;0.40540540540540543;1;0.37562031995923023;0.4;0.0;0;1;0;1
4;0.16666666666666666;0.026709290897910784;0.4226044226044226;0;0.14585292864167831;0.2;1.0;0;0;1;0
2;0.08333333333333333;0.009820625767061308;0.05733005733005733;0;0.17059803921210145;0.2;0.0;0;0;1;0
3;0.25;0.0030051558188347338;0.3071253071253071;1;0.8751765431501565;0.4;0.0;0;1;0;1
4;0.75;0.05337486515371679;0.11384111384111384;0;0.29133635851696904;0.2;0.0;0;1;0;1
3;0.5833333333333334;0.32596216444865084;0.5659295659295659;1;0.6182801244513384;0.2;0.0;0;1;0;1
3;0.0;0.12839895661010023;0.3464373464373464;0;0.5662670811830983;0.0;0.0;0;1;0;0
3;0.25;0.15379324664092414;0.32514332514332517;1;0.5010181432395489;0.2;0.0;0;1;0;0
3;0.25;0.3229841528059958;0.5036855036855037;1;0.3746322113487677;0.6;0.0;0;0;1;1
4;0.4166666666666667;0.060935052715402276;0.4258804258804259;0;0.883821255852709;0.4;0.0;1;0;0;1
3;0.25;0.0714924532778008;0.171990171990172;1;0.26811195085922374;0.2;0.0;0;1;0;0
4;0.16666666666666666;0.049507871778428136;0.3447993447993448;1;0.34800890412566304;0.2;0.0;0;1;0;0
2;0.16666666666666666;0.022197976154629803;0.3013923013923014;1;0.40418661468243955;0.2;0.0;0;1;0;1
4;0.25;0.16172638601157815;0.07125307125307126;1;0.1267627116436604;0.0;0.0;0;0;1;1
4;0.3333333333333333;0.2638323735199831;0.24324324324324326;1;0.3383162773210868;0.4;1.0;0;1;0;1
3;0.16666666666666666;0.1870086267441361;0.32678132678132676;1;0.7329982764042554;0.2;0.0;0;1;0;1
4;0.3333333333333333;0.005371022273916866;0.33824733824733827;0;0.5198731611331384;0.0;0.0;0;1;0;0
3;0.0;0.03948085833129524;0.11384111384111384;1;0.6482236561614465;0.4;0.0;0;1;0;1
2;0.4166666666666667;0.09970362440890525;0.5454545454545454;1;0.054683648990121125;0.6;0.0;0;1;0;1
4;0.08333333333333333;0.04402402711712612;0.33988533988533987;1;0.07555475407775394;0.2;0.0;0;0;1;0
4;0.25;0.01802906580377785;0.3628173628173628;0;0.5660077127196117;0.2;0.0;0;1;0;1
0;0.16666666666666666;0.08593749105557372;0.4226044226044226;1;0.24676606139169413;0.4;0.0;0;0;1;0
4;0.4166666666666667;0.0819436718420495;0.22768222768222768;1;0.31789799762855486;0.0;0.0;0;1;0;0
2;0.3333333333333333;0.13762486561870999;0.43161343161343163;0;0.024829939782304033;0.6;0.0;0;1;0;1
0;0.08333333333333333;0.9931770706705179;0.2964782964782965;1;0.3295927058202771;1.0;0.0;0;1;0;1
4;0.25;0.11618273718702737;0.20966420966420968;0;0.18349914150520188;0.2;0.0;1;0;0;0
4;0.4166666666666667;0.04233363804283458;0.45045045045045046;1;0.4558604128689181;0.4;0.0;0;0;1;1
4;0.16666666666666666;0.34844929029059385;0.6011466011466011;1;0.3171536626810545;0.2;0.0;0;1;0;0
4;0.16666666666666666;0.09417376406356189;0.475020475020475;1;0.257607142081844;0.4;0.0;0;0;1;0
4;0.5;0.11539401917944356;0.5077805077805078;1;0.3965103269774077;0.2;0.0;0;1;0;1
0;0.4166666666666667;0.049164394655850326;0.2710892710892711;0;0.5219648517859303;0.4;0.0;0;1;0;0
4;0.4166666666666667;0.06682230531429276;0.095004095004095;0;0.552400711636288;0.4;0.0;0;1;0;0
4;0.08333333333333333;0.060278457545106;0.6011466011466011;1;0.13409753432047056;0.4;1.0;0;0;1;0
4;0.3333333333333333;0.30616583918735607;0.6928746928746928;0;0.39730202833265194;0.6;0.0;0;1;0;1
4;0.6666666666666666;0.18447579384476528;0.6093366093366094;1;0.18643049575673934;0.6;0.0;0;1;0;1
4;0.25;0.01051027453559762;0.3013923013923014;0;0.4953018580918034;0.0;0.0;0;1;0;0
4;0.16666666666666666;0.041842949798784265;0.1678951678951679;1;0.4419704318736994;0.2;0.0;0;1;0;1
4;0.3333333333333333;0.006305989504758904;0.18181818181818182;1;0.6728092831546346;0.4;0.0;0;1;0;1
3;0.25;0.08084855723352957;0.08108108108108109;0;0.6984815226816656;0.4;0.0;0;1;0;1
4;0.16666666666666666;0.036393289979970156;0.33906633906633904;0;0.07133972640521177;0.2;0.0;0;1;0;0
2;0.3333333333333333;0.008412756475082517;0.61998361998362;1;0.29441604601318055;0.4;0.0;0;0;1;0
2;0.25;0.16443357102407782;0.3333333333333333;0;0.2928564784260617;0.2;1.0;0;1;0;0
3;0.0;0.010562189492955188;0.4062244062244062;1;0.3226450501999316;0.0;0.0;0;1;0;0
4;0.3333333333333333;0.03518609666649264;0.5823095823095823;1;0.34386794328498915;0.8;0.0;0;1;0;1
4;0.16666666666666666;0.16425223280196144;0.29074529074529076;0;0.2128068285315432;0.4;0.0;0;1;0;1
3;0.4166666666666667;0.07966049896927832;0.6904176904176904;1;0.3356630232207129;0.2;0.0;0;0;1;0
4;0.4166666666666667;0.18896277410192053;0.683046683046683;1;0.6848626647891417;0.4;0.0;0;1;0;1
4;0.08333333333333333;0.05948707674928511;0.33497133497133497;1;0.6644542655354967;0.2;0.0;0;0;1;1
3;0.5;0.18760002466056308;0.2620802620802621;1;0.4987086209770709;0.4;0.0;0;0;1;1
3;0.3333333333333333;0.08588944051045122;0.47092547092547093;1;0.028641450777257896;0.2;0.0;0;0;1;0
3;0.16666666666666666;0.010174249364272402;0.29975429975429974;0;0.5768334517898542;0.8;0.0;0;1;0;1
1;0.0;0.07088501156271872;0.16707616707616707;1;0.1440945062386132;0.4;0.0;0;1;0;0
4;0.4166666666666667;0.08965793106550267;0.5667485667485668;0;0.32048657432233146;0.4;0.0;0;1;0;0
3;0.08333333333333333;0.10530194341691092;0.5561015561015561;1;0.4141194548593655;0.4;0.0;0;0;1;0
4;0.25;0.2925044605648333;0.3824733824733825;0;0.18971980549941206;0.6;0.0;0;1;0;1
4;0.4166666666666667;0.022495301590839522;0.14987714987714987;0;0.22783758805689897;0.4;0.0;0;1;0;0
4;0.0;0.10357322574411017;0.15561015561015562;1;0.9385075323445705;0.0;0.0;0;1;0;1
3;0.0;0.15508349060601556;0.37428337428337427;0;0.37213428425727174;0.2;0.0;0;1;0;1
3;0.25;0.24548249005945755;0.2751842751842752;1;0.2438971724831289;0.4;0.0;0;0;1;1
4;0.25;0.08283407503791788;0.30057330057330056;1;0.8173176760081605;0.4;0.0;0;1;0;1
3;0.0;0.026716456351354907;0.5241605241605242;1;0.18312171467056193;0.6;0.0;0;1;0;1
4;0.08333333333333333;0.1893078279971752;0.47665847665847666;1;0.2975140670677263;0.2;0.0;0;1;0;0
4;0.3333333333333333;0.2618962779231427;0.5823095823095823;0;0.593994138924992;0.4;1.0;0;1;0;0
4;0.08333333333333333;0.012443729159681902;0.1941031941031941;1;0.573268502700061;0.4;0.0;0;0;1;1
1;0.08333333333333333;0.02897090293062496;0.30057330057330056;0;0.2745643590211959;0.6;0.0;0;0;1;1
3;0.4166666666666667;0.2281998619481723;0.48075348075348073;1;0.04639076890744458;0.6;1.0;0;1;0;1
4;0.3333333333333333;0.07363995777687514;0.42997542997543;1;0.06470520068463773;0.2;0.0;0;1;0;0
1;0.5;0.020542321038017845;0.6076986076986077;0;0.2014414369865133;0.2;0.0;0;1;0;1
4;0.4166666666666667;0.11525543399519102;0.4258804258804259;0;0.49688825637729295;0.2;0.0;1;0;0;0
1;0.08333333333333333;0.06813982445890479;0.6592956592956593;1;0.6763336112616906;0.2;0.0;0;0;1;1
4;0.3333333333333333;0.38277361106931374;0.44553644553644556;1;0.10377276809594636;0.0;0.0;0;0;1;1
3;0.0;0.02796393708194899;0.5307125307125307;1;0.4659226756649313;0.2;0.0;0;1;0;0
2;0.25;0.04996411373098173;0.30384930384930386;1;0.2358326165696085;0.6;0.0;0;0;1;1
4;0.16666666666666666;0.0201480848051466;0.35872235872235875;1;0.24373134913063627;0.4;0.0;0;0;1;0
3;0.16666666666666666;0.005606403759501235;0.5061425061425061;1;0.34582005771831453;0.2;0.0;0;1;0;0
4;0.4166666666666667;0.03554402259091695;0.6208026208026208;1;0.25526437982121936;0.2;0.0;0;1;0;0
4;0.3333333333333333;0.19062516626051806;0.47583947583947583;0;0.7321171481032014;0.4;0.0;1;0;0;1
4;0.16666666666666666;0.03452652109321122;0.34316134316134317;1;0.5767439547120967;0.6;1.0;0;1;0;1
0;0.4166666666666667;0.13254515343208834;0.5823095823095823;1;0.3996366005663737;0.4;0.0;0;1;0;0
4;0.5;0.083002349900015;0.0;1;0.30681242721952307;0.8;1.0;0;1;0;1
4;0.08333333333333333;0.08153003744006489;0.12366912366912367;0;0.2034938778235806;0.8;0.0;0;1;0;1
4;0.16666666666666666;0.16918665412371023;0.46846846846846846;1;0.23665933213381024;0.2;1.0;0;1;0;0
4;0.08333333333333333;0.1069392577243818;0.35872235872235875;1;0.2029297341369187;0.0;0.0;0;1;0;0
0;0.08333333333333333;0.019311182464221237;0.4561834561834562;0;0.3139272349856046;0.6;0.0;0;0;1;1
4;0.25;0.027685162083017426;0.3669123669123669;0;0.03976053038982302;0.6;1.0;0;0;1;1
2;0.16666666666666666;0.08725197637192642;0.45045045045045046;1;0.25802309788739947;0.2;1.0;0;0;1;0
4;0.25;0.20759557127735354;0.22358722358722358;1;0.16227739868186583;0.0;0.0;0;1;0;0
2;0.08333333333333333;0.01831751553807259;0.45045045045045046;0;0.06267319249390105;0.2;0.0;0;1;0;0
4;0.3333333333333333;0.012509393224236076;0.5192465192465192;0;0.3577143055328492;0.0;0.0;0;1;0;0
4;0.3333333333333333;0.08102810622684774;0.556920556920557;0;0.35363548698234104;0.2;0.0;0;1;0;0
4;0.16666666666666666;0.023191657964714524;0.6863226863226863;1;0.44278440975858585;0.0;0.0;0;1;0;0
3;0.4166666666666667;0.5736319477435416;0.3963963963963964;1;0.18983506610374853;0.0;0.0;0;0;1;1
0;0.16666666666666666;0.0004164531120817831;0.4013104013104013;0;0.7141693511732177;0.4;1.0;0;1;0;1
4;0.5833333333333334;0.06622043971941068;0.10728910728910729;1;0.6724283764232598;0.0;0.0;0;1;0;1
4;0.08333333333333333;0.019667445294705602;0.26945126945126946;1;0.20590557113343275;0.6;0.0;0;1;0;1
3;0.08333333333333333;0.12708801460876548;0.32514332514332517;0;0.5881064129429247;0.4;0.0;0;1;0;0
4;0.3333333333333333;0.11059869836111004;0.5290745290745291;1;0.6590880714120687;0.4;0.0;0;0;1;1
3;0.0;0.18301154975239053;0.25634725634725636;1;0.8123284779084118;0.6;0.0;0;0;1;1
4;0.16666666666666666;0.09214265576829252;0.4873054873054873;0;0.28887183608791067;0.0;0.0;0;1;0;0
0;0.5833333333333334;0.023290116153907896;0.35626535626535627;1;0.39254935928943624;0.2;0.0;0;1;0;1
1;0.16666666666666666;0.0060266366522684885;0.3276003276003276;1;0.17147666729704894;0.2;0.0;0;1;0;0
3;0.4166666666666667;0.14242630972306364;0.3972153972153972;1;0.4467434343933114;0.0;0.0;0;0;1;0
4;0.6666666666666666;0.06442978083961397;0.29238329238329236;1;0.5088348372192074;0.4;0.0;0;1;0;1
4;0.4166666666666667;0.027892196394468813;0.28665028665028663;0;0.5545965978595843;0.4;0.0;0;1;0;0
4;0.08333333333333333;0.03221067410661195;0.07780507780507781;1;0.5207285027115702;0.6;0.0;0;1;0;1
2;0.3333333333333333;0.01788617623898549;0.31613431613431614;1;0.18219037516045003;0.2;0.0;0;1;0;0
2;0.5;0.03703690110865613;0.2784602784602785;1;0.3364279140271332;0.0;0.0;0;1;0;1
0;0.16666666666666666;0.1746557537574137;0.2719082719082719;1;0.3117695380355393;0.4;0.0;0;1;0;0
4;0.25;0.10778437518650981;0.4250614250614251;1;0.16013882110985414;0.2;0.0;0;1;0;0
4;0.0;0.48660527210322924;0.4643734643734644;1;0.7531373226160564;0.4;0.0;0;1;0;1
0;0.16666666666666666;0.08259410934446028;0.39475839475839475;1;0.38983720889093465;0.0;0.0;1;0;0;0
4;0.4166666666666667;0.08194308443369122;0.5200655200655201;0;0.42151057706851786;0.2;0.0;0;1;0;1
4;0.25;0.023567383502710024;0.4512694512694513;1;0.6811325929955141;0.2;0.0;0;1;0;1
3;0.08333333333333333;0.09817840883543402;0.30794430794430794;1;0.5832420295630062;0.4;0.0;0;0;1;0
4;0.4166666666666667;0.10423597658855399;0.2809172809172809;1;0.3332760835702562;0.4;0.0;0;0;1;1
4;0.16666666666666666;0.025671137323831847;0.40786240786240785;1;0.5257807610660075;0.2;0.0;0;1;0;0
2;0.16666666666666666;0.010175739783869202;0.45045045045045046;1;0.18120020652581267;0.6;0.0;0;1;0;1
3;0.16666666666666666;0.05112310628932188;0.5855855855855856;0;0.19217731157497003;0.4;1.0;0;1;0;0
4;0.0;0.020945190912705056;0.552006552006552;0;0.44327603061228515;0.0;0.0;0;0;1;0
3;0.3333333333333333;0.07777050979690137;0.2678132678132678;0;0.4510508513020883;0.2;0.0;1;0;0;0
1;0.25;0.08302262825141939;0.33988533988533987;1;0.23770255534346404;0.0;0.0;0;1;0;1
4;0.25;0.104175819150376;0.4668304668304668;1;0.35340096901593177;0.6;0.0;0;1;0;1
3;0.4166666666666667;0.10267396075417791;0.5315315315315315;0;0.21908967957434217;0.4;0.0;0;1;0;0
1;0.25;0.12494542604254522;0.5102375102375102;1;0.14685395705516216;0.0;0.0;0;1;0;0
4;0.16666666666666666;0.02907756542060786;0.3464373464373464;0;0.2851306969621452;0.2;1.0;0;1;0;0
2;0.0;0.14596441841922322;0.15151515151515152;0;0.2417479006693419;0.6;0.0;0;1;0;1
3;0.3333333333333333;0.08272097575295073;0.19328419328419327;1;0.7321855795198327;0.4;0.0;0;1;0;1
4;0.25;0.06391130534599226;0.4013104013104013;1;0.28550913697306646;0.2;0.0;0;1;0;0
4;0.0;0.11607429102466495;0.41277641277641275;0;0.4089621122027051;0.4;0.0;0;1;0;0
3;0.16666666666666666;0.07733598489185414;0.1769041769041769;1;0.4045881455588178;0.4;0.0;0;1;0;0
3;0.08333333333333333;0.08291894480953267;0.36363636363636365;1;0.4400509873076958;0.4;0.0;0;1;0;0
4;0.0;0.0025477211526936214;0.46027846027846026;0;0.2708778818146926;0.6;0.0;0;1;0;1
4;0.5;0.1801472661644121;0.1678951678951679;0;0.9066318782893826;0.2;0.0;0;0;1;1
2;0.25;0.061344784357890945;0.5372645372645373;1;0.27666513672921017;0.4;0.0;0;1;0;0
2;0.3333333333333333;0.08115224559092353;0.29484029484029484;1;0.1879188293415098;0.4;1.0;0;0;1;0
4;0.08333333333333333;0.054913163519756156;0.5626535626535627;1;0.4003285958309798;0.6;0.0;0;1;0;1
4;0.3333333333333333;0.08915733629624115;0.26945126945126946;0;0.399338467141418;0.4;0.0;0;0;1;0
4;0.3333333333333333;0.00611219362014846;0.18837018837018837;1;0.24566515245677328;0.2;0.0;0;0;1;0
4;0.25;0.05382397225943571;0.28173628173628174;1;0.21817660321582422;0.0;0.0;0;1;0;0
2;0.3333333333333333;0.12284344819227637;0.3407043407043407;1;0.2667810530872745;0.4;0.0;0;1;0;0
1;0.5;0.3101261654396218;0.2932022932022932;1;0.28807136257062993;0.6;0.0;0;1;0;1
4;0.16666666666666666;0.21041147836373655;0.32104832104832104;0;0.3289175055248154;0.2;0.0;1;0;0;1
4;0.0;0.36621481727436817;0.41113841113841115;0;0.09625268625325499;0.4;1.0;0;1;0;1
4;0.16666666666666666;0.1691720848608359;0.3284193284193284;0;0.22533499168096954;0.4;0.0;0;1;0;1
4;0.5;0.11134810830477893;0.34561834561834565;0;0.4983220801981333;0.6;0.0;0;1;0;1
4;0.5;0.06117035174040762;0.07698607698607698;1;0.41235217165735594;0.4;0.0;0;0;1;1
2;0.4166666666666667;0.01455216966437567;0.42096642096642095;1;0.2703210445225873;0.2;0.0;0;1;0;0
3;0.5;0.03205913549910015;0.34234234234234234;0;0.1425503140999225;0.0;0.0;0;1;0;1
2;0.3333333333333333;0.03512672346137156;0.6208026208026208;0;0.2372123169665165;0.4;0.0;0;1;0;1
4;0.08333333333333333;0.06206343903415493;0.2031122031122031;0;0.3532639953973524;0.4;0.0;0;1;0;0
2;0.3333333333333333;0.1046553499179984;0.06060606060606061;1;0.4996743457676588;0.2;1.0;0;1;0;0
0;0.3333333333333333;0.1071997995064279;0.45782145782145783;0;0.20283108639392475;0.4;0.0;0;1;0;0
0;0.6666666666666666;0.06757716276059318;0.4135954135954136;1;0.7482683068185566;0.0;0.0;0;0;1;1
4;0.25;0.03565754461357143;0.19164619164619165;0;0.1906395930693548;0.6;0.0;0;0;1;1
4;0.3333333333333333;0.006400985128430073;0.10647010647010648;0;0.07300250026385327;0.2;0.0;0;0;1;0
3;0.3333333333333333;0.5000876610647749;0.6085176085176085;0;0.16505525816845082;0.0;0.0;0;1;0;0
2;0.25;0.3121579431826917;0.588042588042588;1;0.539854702817911;0.2;0.0;0;0;1;0
4;0.0;0.022409299848727814;0.0;1;0.2252571839042644;0.4;0.0;0;1;0;0
3;0.4166666666666667;0.1033948417057108;0.28173628173628174;0;0.2548171399718339;0.4;0.0;0;1;0;0
4;0.16666666666666666;0.038928099528616276;0.628992628992629;1;0.7172685735138116;0.0;0.0;0;0;1;1
3;0.16666666666666666;0.02398680140937443;0.2784602784602785;1;0.2882548089784452;0.4;1.0;0;0;1;0
3;0.25;0.12825678514403482;0.276003276003276;1;0.19619446914879374;0.0;0.0;0;1;0;0
4;0.0;0.17158036245334268;0.3104013104013104;1;0.39864325388025434;0.4;0.0;0;0;1;0
4;0.16666666666666666;0.057998053074468016;0.17280917280917282;1;0.3494408089524498;0.4;0.0;1;0;0;0
3;0.16666666666666666;0.006704392131435438;0.07780507780507781;0;0.18978577036572297;0.6;0.0;0;1;0;1
1;0.25;0.05704639324642438;0.5290745290745291;1;0.6922579253396526;0.4;0.0;0;1;0;1
2;0.4166666666666667;0.0844604069383007;0.054873054873054876;1;0.18523709732694474;0.0;0.0;0;0;1;0
4;0.3333333333333333;0.24883010579826784;0.3972153972153972;0;0.10751488123991854;0.6;0.0;0;1;0;1
3;0.5833333333333334;0.11892524701617846;0.502047502047502;0;0.58560017040725;0.4;0.0;0;1;0;1
4;0.25;0.1378560499365658;0.11875511875511875;1;0.07359236340136946;0.2;0.0;0;0;1;0
4;0.0;0.02512561480699389;0.20556920556920558;0;0.10703703048710676;0.6;0.0;0;1;0;1
4;0.16666666666666666;0.14167792183879765;0.5552825552825553;1;0.1621482851437493;0.6;0.0;0;1;0;1
3;0.25;0.07746192019790388;0.4438984438984439;0;0.5752552700039858;0.2;0.0;0;1;0;1
3;0.4166666666666667;0.19098616771922364;0.25552825552825553;0;0.2146539918162132;0.4;0.0;0;1;0;1
4;0.08333333333333333;0.027059389498516603;0.5536445536445537;0;0.5256930587436213;0.4;0.0;1;0;0;0
3;0.25;0.08041263427626794;0.5544635544635544;0;0.23565597687062204;0.6;0.0;0;1;0;1
2;0.08333333333333333;0.026085025690047805;0.4004914004914005;1;0.5522287523305732;0.2;0.0;0;1;0;0
3;0.08333333333333333;0.03740031658187659;0.20884520884520885;0;0.5291900379698083;0.4;0.0;1;0;0;1
4;0.16666666666666666;0.19854337432343902;0.2891072891072891;0;0.40481962942820743;0.4;0.0;0;0;1;0
2;0.08333333333333333;0.1294559681193122;0.4037674037674038;1;0.2331477716081966;0.2;0.0;0;1;0;0
4;0.9166666666666666;0.1449951189242914;0.32596232596232594;1;0.3095829435487434;0.2;0.0;0;0;1;1
3;0.3333333333333333;0.007830345308357134;0.5102375102375102;0;0.4679420388977067;0.2;0.0;0;1;0;0
4;0.0;0.14510521334200593;0.10647010647010648;1;0.21642005414951848;0.2;0.0;0;1;0;0
4;0.5;0.0751591103061032;0.1122031122031122;0;0.1385668711627385;0.4;0.0;0;1;0;1
3;0.16666666666666666;0.06831555278501591;0.38656838656838655;0;0.457863996976568;0.0;0.0;0;1;0;0
4;0.25;0.05913525142163182;0.276003276003276;1;0.7334294622314352;0.8;1.0;0;1;0;1
4;0.08333333333333333;0.21235734350196828;0.2538902538902539;1;0.3991095214231167;0.2;1.0;0;1;0;0
4;0.08333333333333333;0.02166796924574909;0.06715806715806716;0;0.27591731213761206;0.4;0.0;0;1;0;0
3;0.5;0.18715167357353038;0.3595413595413595;1;0.3531960322606582;0.2;0.0;0;1;0;1
4;0.0;0.2931862832806816;0.34807534807534807;1;0.28732962411711777;0.6;0.0;0;1;0;1
3;0.0;0.020427001820447332;0.46355446355446356;1;0.2371716519246471;0.8;0.0;0;1;0;1
3;0.25;0.8693835298416419;0.3677313677313677;1;0.12373687118336418;0.8;0.0;0;1;0;1
4;0.16666666666666666;0.518444426078834;0.33497133497133497;0;0.26196153847777237;0.2;0.0;0;1;0;0
3;0.3333333333333333;0.10797780006995246;0.5495495495495496;1;0.5328969950373308;0.4;1.0;0;1;0;0
4;0.16666666666666666;0.03472438962165913;0.1416871416871417;0;0.23869364343071695;0.4;0.0;0;1;0;0
3;0.3333333333333333;0.06240275889570121;0.44471744471744473;1;0.5099359989235445;0.0;0.0;0;1;0;0
4;0.16666666666666666;0.020714238330756283;0.08271908271908272;0;0.4937945182004343;0.2;0.0;0;1;0;0
4;0.3333333333333333;0.014179702024891692;0.2194922194922195;1;0.2816942158084404;0.2;0.0;0;0;1;0
4;0.5;0.13539796279955624;0.15806715806715807;0;0.7399561471633924;0.2;1.0;1;0;0;1
1;0.0;0.09641413285156977;0.48484848484848486;1;0.28307916815936257;0.4;0.0;0;0;1;0
3;0.3333333333333333;0.09218621900318286;0.34561834561834565;0;0.15954798229047942;0.4;0.0;0;1;0;1
4;0.08333333333333333;0.031608376119176364;0.3546273546273546;1;0.5345143763713494;0.0;0.0;0;1;0;0
0;0.08333333333333333;0.029723048853447037;0.17526617526617527;1;0.09130317692716869;0.2;0.0;0;1;0;1
3;0.08333333333333333;0.5094170129780441;0.30794430794430794;1;0.3040602999452576;0.0;0.0;0;0;1;1
3;0.5833333333333334;0.11019010580157007;0.23177723177723178;1;0.3625112554945075;0.2;1.0;0;1;0;1
4;0.25;0.19039543762187514;0.41932841932841936;0;0.24020867620278455;0.0;0.0;0;1;0;0
4;0.08333333333333333;0.05285348223697941;0.1941031941031941;0;0.431758844867114;0.6;0.0;0;1;0;1
3;0.4166666666666667;0.20642669274127226;0.5741195741195741;1;0.5340995232391335;0.6;0.0;0;0;1;1
4;0.3333333333333333;0.14252004421762735;0.0819000819000819;1;0.107073346097424;0.4;0.0;0;1;0;0
4;0.25;0.047883816481211657;0.2244062244062244;1;0.24040864669664058;0.4;0.0;0;1;0;0
3;0.16666666666666666;0.14065749419319593;0.6314496314496314;1;0.14363047599654238;1.0;0.0;0;0;1;1
4;0.08333333333333333;0.28907024312435303;0.28501228501228504;1;0.014436434458782907;0.4;0.0;0;1;0;1
2;0.3333333333333333;0.026685454519536914;0.1416871416871417;1;0.1570383653355568;0.4;0.0;0;1;0;0
4;0.4166666666666667;0.08819443737091896;0.3923013923013923;1;0.7749128075609876;0.6;0.0;0;1;0;1
0;0.25;0.3783182295726077;0.2784602784602785;1;0.27280093446944603;0.4;0.0;0;1;0;0
3;0.5;0.19159898653726337;0.2194922194922195;1;0.5859628390166136;0.0;1.0;0;1;0;1
4;0.16666666666666666;0.10767622756493528;0.1769041769041769;0;0.20290796158169527;0.2;1.0;0;1;0;1
4;0.16666666666666666;0.007977144008653451;0.80999180999181;0;0.5544837234569165;0.4;0.0;0;1;0;0
4;0.16666666666666666;0.057947484619897925;0.3153153153153153;0;0.0805189059606212;0.4;0.0;0;0;1;1
4;0.5833333333333334;0.1169849605159025;0.04095004095004095;1;0.4602931256414105;0.8;0.0;0;1;0;1
0;0.25;0.05857498423798733;0.6011466011466011;1;0.182536193716144;0.4;0.0;0;1;0;0
4;0.08333333333333333;0.6494505350507193;0.457002457002457;0;0.4458968889506271;0.0;0.0;0;1;0;0
3;0.0;0.15570008009703948;0.23095823095823095;0;0.4150532106985739;0.6;0.0;0;0;1;1
4;0.3333333333333333;0.022976679650440066;0.20393120393120392;1;0.5180417539069877;0.0;0.0;0;1;0;0
0;0.3333333333333333;0.07493602056238266;0.4668304668304668;0;0.09201419319252968;0.4;0.0;0;1;0;1
2;0.16666666666666666;0.05383537693040763;0.31613431613431614;1;0.20802747271318847;0.2;0.0;0;1;0;0
4;0.4166666666666667;0.10018408185789032;0.04095004095004095;1;0.10229039600564711;0.2;1.0;0;1;0;0
0;0.0;0.06575732447656404;0.6494676494676495;1;0.11761714644487575;0.4;0.0;0;1;0;0
4;0.08333333333333333;0.030159388159959784;0.2858312858312858;0;0.3937506396522783;0.0;0.0;0;0;1;0
2;0.08333333333333333;0.14332070022186733;0.601965601965602;0;0.0600317488295397;0.2;0.0;0;1;0;0
3;0.3333333333333333;0.012480205633126426;0.5659295659295659;0;0.4911528068896533;0.2;0.0;0;0;1;0
4;0.5;0.08444614246218372;0.19246519246519248;1;0.45707411405127313;0.2;0.0;0;1;0;1
3;0.6666666666666666;0.04124351864386147;0.5257985257985258;1;0.3889565569327822;0.0;0.0;0;0;1;1
4;0.16666666666666666;0.37792073515877944;0.2497952497952498;1;0.09205564565205855;0.2;0.0;0;1;0;1
4;0.16666666666666666;0.040184255309788086;0.050778050778050775;1;0.3721782249789011;0.2;0.0;0;1;0;0
2;0.08333333333333333;0.046322590963432664;0.28746928746928746;1;0.712073958307324;0.2;0.0;0;1;0;1
3;0.25;0.13655339343986003;0.4217854217854218;0;0.6928281353597288;0.4;0.0;0;1;0;1
3;0.25;0.01523093835027614;0.2809172809172809;1;0.38996220246049573;0.8;0.0;0;0;1;1
4;0.5;0.043601469636012705;0.3063063063063063;1;0.44540053454905904;0.2;0.0;0;1;0;1
4;0.16666666666666666;0.132388347074279;0.5438165438165438;1;0.6068466120024409;0.0;0.0;0;1;0;0
3;0.0;0.00340606627494137;0.37428337428337427;1;0.1992027472136814;0.4;0.0;0;1;0;0
1;0.25;0.04137919289858218;0.21867321867321868;1;0.21427016431851745;0.4;1.0;0;0;1;1
4;0.5;0.0008528565252658558;0.47174447174447176;1;0.2477240031592138;0.2;0.0;0;1;0;1
4;0.08333333333333333;0.01804350943638178;0.389025389025389;1;0.45776534838321076;0.2;1.0;0;0;1;0
4;0.3333333333333333;0.10305741832933672;0.0;1;0.1443819484158834;0.2;1.0;0;0;1;0
3;0.4166666666666667;0.06781698086147799;0.4266994266994267;0;0.4054120019282155;0.8;0.0;0;0;1;1
2;0.16666666666666666;0.018805120770799013;0.42096642096642095;1;0.09264952546091203;0.6;0.0;0;1;0;1
4;0.08333333333333333;0.00896955265920816;0.36036036036036034;0;0.5515313890164211;0.2;0.0;0;1;0;0
4;0.5;0.0063809455938974085;0.5028665028665029;0;0.0;0.4;0.0;0;1;0;1
4;0.08333333333333333;0.009858030418204601;0.24651924651924653;0;0.25106212616101486;0.4;0.0;0;0;1;0
2;0.3333333333333333;0.011169666333468966;0.411957411957412;1;0.03975869969661497;0.2;1.0;0;0;1;0
4;0.25;0.009974210358541595;0.09991809991809991;1;0.15535613383974395;0.4;0.0;0;1;0;0
4;0.25;0.006234334923692051;0.42342342342342343;1;0.5986567031544684;0.4;0.0;0;0;1;0
4;0.4166666666666667;0.13279741598231878;0.6764946764946765;1;0.4967758601908656;0.6;0.0;0;1;0;1
3;0.5;0.3153453178830595;0.1941031941031941;1;0.4689960717596019;0.2;0.0;0;1;0;1
4;0.0;0.2155437439144929;0.2325962325962326;1;0.31855706076117024;0.4;1.0;0;1;0;0
4;0.16666666666666666;0.03431726175853552;0.23996723996723995;1;0.4028651205045408;0.4;0.0;1;0;0;0
2;0.16666666666666666;0.02535584259877936;0.3775593775593776;0;0.1707937428457971;0.2;0.0;0;0;1;0
4;0.08333333333333333;0.005393445674313383;0.18263718263718265;0;0.3641136996184718;0.4;0.0;0;0;1;0
2;0.25;0.018806144563829424;0.4258804258804259;1;0.2364678428018826;0.0;0.0;0;0;1;1
2;0.3333333333333333;0.09326152785535581;0.4954954954954955;1;0.4985345265996245;0.4;0.0;0;1;0;1
4;0.3333333333333333;0.6985854470279834;0.4438984438984439;1;0.17462950892962745;0.2;0.0;0;0;1;0
2;0.08333333333333333;0.21792976927667973;0.06715806715806716;0;0.475009207160766;0.2;1.0;0;1;0;0
4;0.16666666666666666;0.08042619685080875;0.5200655200655201;1;0.23149739006895162;0.4;0.0;0;0;1;0
4;0.25;0.06120555551256971;0.5102375102375102;1;0.42205958111790814;0.4;0.0;0;0;1;0
4;0.16666666666666666;0.017729268460208926;0.49303849303849306;0;0.3645300152703706;0.2;0.0;0;1;0;0
1;0.3333333333333333;0.060270857787401176;0.4176904176904177;1;0.3371752322751447;0.0;0.0;0;1;0;1
0;0.4166666666666667;0.10046249166706518;0.3931203931203931;0;0.6232525038804313;0.2;0.0;0;1;0;1
1;0.16666666666666666;0.1006318867657034;0.5257985257985258;0;0.35698957761698485;0.2;1.0;1;0;0;0
4;0.3333333333333333;0.09066003690026843;0.6715806715806716;0;0.16416601600816424;0.2;0.0;0;1;0;1
4;0.4166666666666667;0.19324387783571795;0.20065520065520065;1;0.06315568399173872;0.0;1.0;0;1;0;1
3;0.25;0.07932203177497558;0.5331695331695332;0;0.0823789885019167;0.2;0.0;0;0;1;0
2;0.3333333333333333;0.07117150781307274;0.34234234234234234;1;0.1387156567803419;0.2;0.0;0;1;0;0
4;0.3333333333333333;0.04053830860747947;0.3357903357903358;1;0.14292988175320856;0.4;0.0;0;1;0;0
4;0.25;0.022044366955459863;0.10483210483210484;1;0.6769825762772774;0.4;0.0;0;1;0;1
4;0.25;8,68E+10;0.3104013104013104;0;0.18433957776046825;0.4;0.0;0;1;0;0
4;0.25;0.0431859580961463;0.19328419328419327;1;0.1933109599632128;0.6;1.0;0;0;1;1
4;0.5833333333333334;0.11148857254516345;0.2809172809172809;1;0.3095313656374109;0.6;0.0;0;1;0;1
3;0.3333333333333333;0.0910003100804905;0.1769041769041769;1;0.2035718953793841;0.2;0.0;0;1;0;0
3;0.25;0.0840621513171597;0.2833742833742834;1;0.2575833548646406;0.6;0.0;0;1;0;1
4;0.0;0.1646131518796255;0.28992628992628994;1;0.22084932788822115;0.4;0.0;0;1;0;1
4;0.25;0.02942394420062825;0.3726453726453726;0;0.12354398096029912;0.2;0.0;0;0;1;1
4;0.3333333333333333;0.1262050578596152;0.09254709254709255;1;0.24447889265691655;0.0;0.0;0;0;1;0
4;0.16666666666666666;0.1038947670514499;0.11957411957411958;0;0.5321704075059736;0.6;0.0;0;1;0;1
0;0.6666666666666666;0.045993843462656815;0.41605241605241605;1;0.49056297831240814;0.8;0.0;0;1;0;1
2;0.5833333333333334;0.027368524269904587;0.22604422604422605;1;0.23000730996715724;0.4;1.0;0;1;0;1
3;0.08333333333333333;0.09196106205785;0.5323505323505323;1;0.46375119440319024;0.2;0.0;0;1;0;0
4;0.3333333333333333;0.322952590743465;0.3939393939393939;0;0.5850578809072465;0.4;0.0;0;1;0;0
2;0.3333333333333333;0.008767639502190772;0.4561834561834562;1;0.21329538253351402;0.0;0.0;0;0;1;0
4;0.08333333333333333;0.34010636829786456;0.588042588042588;1;0.48661550908967666;0.4;1.0;0;1;0;0
2;0.5;0.06947659834425748;0.3063063063063063;1;0.4201011539166249;0.2;0.0;0;1;0;1
2;0.4166666666666667;0.13768210523986857;0.2628992628992629;1;0.45110833486722834;0.0;0.0;0;1;0;0
4;0.25;0.18080560444721314;0.4995904995904996;0;0.6002373259000069;0.6;0.0;0;1;0;1
4;0.5;0.018211970769230163;0.4398034398034398;0;0.1875488857750774;0.4;0.0;0;0;1;1
3;0.0;0.005048757088064527;0.32596232596232594;1;0.15471696824091488;0.2;1.0;0;1;0;0
4;0.08333333333333333;0.015233042905838623;0.5847665847665847;1;0.1684136881105851;0.4;0.0;0;1;0;1
4;0.25;0.046324506298312494;0.32186732186732187;1;0.23324456189694093;0.8;0.0;0;1;0;1
3;0.0;0.3488916588418061;0.361998361998362;1;0.5562132085074772;0.2;0.0;0;0;1;1
3;0.4166666666666667;0.004794760383678034;0.36036036036036034;1;0.19657431023690214;0.2;0.0;0;1;0;0
4;0.25;0.28068104437289104;0.20393120393120392;1;0.40313258116377476;0.4;0.0;0;0;1;0
4;0.08333333333333333;0.09160664398656473;0.36936936936936937;0;0.13398850154116607;0.4;0.0;0;1;0;1
4;0.0;0.011943430524033674;0.5855855855855856;1;0.5229697170858932;0.6;0.0;0;0;1;1
4;0.16666666666666666;0.018373870734976563;0.42915642915642915;0;0.48865176212887457;0.4;1.0;0;0;1;0
4;0.3333333333333333;0.13000504160796306;0.361998361998362;0;0.1702319705009095;0.2;0.0;0;1;0;0
4;0.08333333333333333;0.10426035521357231;0.33005733005733007;0;0.11878137149965659;0.4;0.0;0;0;1;0
4;0.3333333333333333;0.02032239306817548;0.41113841113841115;1;0.14728881228463608;0.4;0.0;0;1;0;0
4;0.25;0.261059477665857;0.47911547911547914;1;0.7400210485767885;0.4;0.0;0;1;0;1
1;0.0;0.015797789509830944;0.4561834561834562;1;0.7742115585796934;0.0;0.0;0;1;0;1
0;0.5833333333333334;0.07966088329929702;0.3022113022113022;0;0.4388338325894269;0.4;0.0;0;1;0;1
3;0.5;0.08353672886869137;0.4095004095004095;0;0.9336801626296879;0.2;1.0;0;1;0;1
3;0.08333333333333333;0.22737115220375576;0.4348894348894349;1;0.6522294375624511;0.4;0.0;0;0;1;1
4;0.4166666666666667;0.002422758526016358;0.19164619164619165;0;0.688839214564878;0.0;0.0;0;0;1;1
2;0.08333333333333333;0.016253979285881983;0.3841113841113841;1;0.6172654640947584;0.4;0.0;0;1;0;0
2;0.25;0.020753868789997756;0.002457002457002457;1;0.47894439109672804;0.4;0.0;0;0;1;0
2;0.16666666666666666;0.007156761301871441;0.4357084357084357;1;0.29730199981400746;0.2;0.0;0;1;0;0
4;0.16666666666666666;0.11100519193939072;0.4651924651924652;1;0.2599643011170887;0.0;0.0;0;1;0;0
2;0.16666666666666666;0.028954007097071025;0.47911547911547914;1;0.581563838480614;0.2;0.0;0;0;1;0
2;0.16666666666666666;0.09557616120454891;0.2915642915642916;0;0.1157036390164028;0.2;0.0;0;1;0;0
3;0.08333333333333333;0.16973244049305328;0.407043407043407;0;0.3432931783506187;0.4;0.0;0;1;0;1
2;0.08333333333333333;0.05836157232497298;0.5896805896805897;0;0.5414387623163431;0.2;1.0;0;0;1;0
2;0.08333333333333333;0.1629025384047719;0.588042588042588;1;0.0557907100059561;0.2;0.0;0;1;0;0
3;0.5;0.16733057060239587;0.3521703521703522;0;0.5197415183667554;0.6;0.0;0;1;0;1
3;0.25;0.033949503579184456;0.37919737919737917;0;0.07150362632512147;0.2;0.0;0;1;0;0
4;0.4166666666666667;0.0016962546500769843;0.5389025389025389;0;0.1550149493109555;0.2;0.0;0;1;0;0
4;0.0;0.012060117811722258;0.11056511056511056;1;0.19784516346810793;0.6;0.0;1;0;0;1
4;0.08333333333333333;0.19293128359755837;0.30384930384930386;0;0.4530123477836443;0.2;0.0;0;1;0;0
4;0.4166666666666667;0.0577572500217968;0.5757575757575758;0;0.11472617281392548;0.4;0.0;0;1;0;0
2;0.16666666666666666;0.20320999662436845;0.5167895167895168;0;0.1988940102313979;0.6;0.0;0;1;0;1
4;0.16666666666666666;0.08816534547025974;0.4168714168714169;1;0.31672942085193606;0.4;0.0;0;1;0;1
2;0.3333333333333333;0.02439736986449015;0.10974610974610975;0;0.4152403240978411;0.6;0.0;0;1;0;1
2;0.16666666666666666;0.1385271334713302;0.3488943488943489;1;0.5240435515394498;0.4;0.0;0;1;0;1
3;0.5833333333333334;0.09082106394180235;0.26044226044226043;1;0.5369480394043588;0.4;0.0;0;1;0;1
4;0.4166666666666667;0.048171963246481354;0.41113841113841115;1;0.24147664847464684;0.2;0.0;0;1;0;0
4;0.08333333333333333;0.010145356546870297;0.2244062244062244;1;0.5671988614544807;0.8;0.0;0;1;0;1
4;0.25;0.01193814959964904;0.18837018837018837;1;0.6482706435119326;0.4;0.0;0;0;1;1
4;0.0;0.023172553681927784;0.018837018837018837;1;0.676791174505155;0.4;0.0;0;0;1;1
4;0.08333333333333333;0.12428108269477908;0.556920556920557;1;0.24159872853920433;0.2;1.0;0;0;1;0
3;0.3333333333333333;0.1447836060943539;0.2915642915642916;1;0.37015854773925605;0.2;1.0;0;1;0;0
3;0.3333333333333333;0.11083399752913331;0.3824733824733825;1;0.09444226224372929;0.2;1.0;0;1;0;0
0;0.16666666666666666;0.04570418210494702;0.35626535626535627;0;0.834448879716205;0.4;0.0;0;0;1;1
4;0.16666666666666666;0.06453873781071591;0.18181818181818182;1;0.5852689029815293;0.4;0.0;0;1;0;0
4;0.4166666666666667;0.13749663704489823;0.1506961506961507;1;0.2995929630008258;0.4;0.0;0;1;0;0
4;0.4166666666666667;0.11991929288914123;0.19164619164619165;1;0.1405772847967199;0.4;0.0;0;0;1;0
3;0.08333333333333333;0.16492485027604745;0.23832923832923833;1;0.4132272057761257;0.4;0.0;0;0;1;0
4;0.08333333333333333;0.03063297646995544;0.4168714168714169;0;0.24031303309509144;0.4;0.0;1;0;0;0
4;0.3333333333333333;0.000431049201856602;0.22604422604422605;0;0.28981030660092016;0.6;0.0;0;0;1;1
4;0.4166666666666667;0.0344064962151023;0.642915642915643;1;0.4003991198461204;0.6;0.0;0;1;0;1
4;0.5833333333333334;0.04750216026646391;0.5249795249795249;1;0.19394624786110323;0.2;1.0;0;1;0;1
4;0.0;0.359523668818792;0.48894348894348894;1;0.5444860460712537;0.2;0.0;0;0;1;1
4;0.16666666666666666;0.02725306341628185;0.33742833742833744;0;0.1837036168030982;0.0;0.0;0;1;0;0
4;0.25;0.19476247900883445;0.6044226044226044;0;0.8320169258419355;0.2;0.0;0;0;1;1
4;0.4166666666666667;0.10832877293052014;0.32104832104832104;1;0.1976565637780847;0.2;0.0;0;1;0;0
4;0.3333333333333333;0.020333109225537598;0.35135135135135137;1;0.47657137844326325;0.4;0.0;0;1;0;0
4;0.4166666666666667;0.05742051057835919;0.3841113841113841;0;0.7333096167394135;0.4;0.0;0;0;1;1
4;0.3333333333333333;0.07933901755840266;0.47174447174447176;1;0.08618833527276712;0.2;0.0;0;1;0;0
4;0.25;0.04686561765256321;0.4610974610974611;0;0.3823866720451614;0.2;0.0;0;0;1;0
4;0.4166666666666667;0.02845688003673948;0.2784602784602785;0;0.19805679535969226;0.6;0.0;0;1;0;1
2;0.16666666666666666;0.03236383076418997;0.26945126945126946;0;0.6265472244904103;0.4;0.0;0;0;1;0
3;0.4166666666666667;0.09784265753082239;0.4610974610974611;1;0.1516773179435249;0.6;0.0;0;1;0;1
3;0.3333333333333333;0.1295671230321467;0.4742014742014742;0;0.17310190478549167;0.4;0.0;0;1;0;1
4;0.5;0.07035589560123205;0.29238329238329236;1;0.41615167919529755;0.2;0.0;0;1;0;1
2;0.3333333333333333;0.3162376276117758;0.09664209664209664;0;0.4936581863465776;0.6;0.0;0;1;0;1
4;0.16666666666666666;0.14502724598443528;0.3226863226863227;1;0.28814820977197764;0.4;0.0;0;0;1;1
3;0.0;0.24732059253182476;0.45864045864045866;0;0.14916964854884227;0.6;0.0;0;1;0;1
0;0.08333333333333333;0.0717670523458343;0.6527436527436528;0;0.3094605956033395;0.2;1.0;0;1;0;0
1;0.16666666666666666;0.0015988879477686082;0.16052416052416052;0;0.4560764883028936;0.4;0.0;0;1;0;0
4;0.16666666666666666;0.09969951812515186;0.28665028665028663;1;0.2652122299452026;0.6;1.0;0;1;0;1
2;0.3333333333333333;0.18966067584586227;0.2932022932022932;1;0.6382085975761108;0.0;0.0;0;1;0;0
3;0.4166666666666667;0.08549775317272824;0.579033579033579;0;0.35411890563667253;0.0;0.0;0;1;0;0
4;0.3333333333333333;0.09329493539340536;0.35135135135135137;1;0.5637927073012201;0.0;0.0;0;1;0;0
4;0.16666666666666666;0.4102527109436079;0.20802620802620803;1;0.7915808771171817;0.2;0.0;0;0;1;1
4;0.0;0.05066063321242264;0.447993447993448;0;0.5536931750196874;0.6;0.0;0;1;0;1
4;0.3333333333333333;0.18005511935029786;0.29074529074529076;0;0.14931879336811427;0.2;0.0;1;0;0;0
2;0.08333333333333333;0.07819004631794418;0.15642915642915642;1;0.34556913194168826;0.0;0.0;0;1;0;0
4;0.5;0.06925912910491624;0.21048321048321048;1;0.2681267547869391;0.2;0.0;0;1;0;1
3;0.08333333333333333;0.017436029457764388;0.6404586404586404;0;0.5908586400509178;0.2;0.0;0;1;0;0
1;0.4166666666666667;0.15346769302837004;0.41932841932841936;0;0.07042470973085914;0.6;1.0;0;1;0;1
1;0.25;0.1927867937440874;0.37428337428337427;0;0.2075390571151446;0.2;0.0;0;1;0;1
4;0.08333333333333333;0.06264733488563817;0.31613431613431614;1;0.30562639419228627;0.4;0.0;0;0;1;0
2;0.16666666666666666;0.16037085349058508;0.4045864045864046;1;0.21593093256047044;0.6;1.0;0;1;0;1
4;0.4166666666666667;0.09675223482041266;0.40294840294840295;1;0.4361544994495396;0.2;0.0;0;0;1;1
2;0.3333333333333333;0.033066483137581294;0.4045864045864046;1;0.6609876968699011;0.4;0.0;0;1;0;1
3;0.3333333333333333;0.2862530670920594;0.3751023751023751;1;0.18454973654073564;0.4;1.0;0;1;0;0
4;0.16666666666666666;0.13270222277572832;0.4987714987714988;0;0.33222243512419325;0.4;0.0;0;1;0;0
4;0.16666666666666666;0.2343129168704199;0.36036036036036034;1;0.4322150816033311;0.2;0.0;0;0;1;1
4;0.5;0.036708763129316854;0.19656019656019655;1;0.7173014598218579;0.6;0.0;0;1;0;1
3;0.4166666666666667;0.2760148790712441;0.25634725634725636;1;0.33038849236428586;0.6;0.0;0;0;1;1
3;0.4166666666666667;0.05040195610703961;0.03276003276003276;1;0.4077918626279525;0.4;0.0;0;1;0;0
4;0.08333333333333333;0.0009961323309938621;0.6887796887796888;0;0.3149328024909878;0.2;0.0;0;1;0;0
2;0.25;0.008608450129796883;0.49795249795249796;0;0.056991941578035735;0.4;0.0;0;1;0;0
0;0.6666666666666666;0.01034329868604153;0.2203112203112203;0;0.04149573341448426;0.0;0.0;0;0;1;1
3;0.08333333333333333;0.025757033239070318;0.3104013104013104;1;0.43224248789761877;0.2;0.0;0;0;1;1
4;0.4166666666666667;0.02290007947435778;0.25225225225225223;1;0.6218118219967672;0.4;0.0;0;1;0;1
4;0.5;0.006566159949763423;0.6093366093366094;1;0.2093862241815783;0.2;1.0;0;0;1;1
1;0.25;0.2511208028839818;0.12448812448812449;1;0.4661579164071463;0.0;0.0;0;1;0;1
4;0.0;0.19599072579381735;0.3751023751023751;1;0.3563829172036499;0.2;1.0;0;0;1;0
3;0.0;0.1600385119647447;0.33906633906633904;0;0.09275156390392054;0.6;0.0;0;0;1;1
4;0.5833333333333334;0.07250582226880731;0.49221949221949224;0;0.07291639496702623;0.4;0.0;0;0;1;1
3;0.08333333333333333;0.061532820115388735;0.33988533988533987;0;0.5779709730523439;0.2;0.0;0;0;1;1
4;0.0;0.06157470075754638;0.0687960687960688;1;0.33748244010441314;0.4;0.0;0;1;0;0
2;0.16666666666666666;0.03369968086284875;0.3153153153153153;0;0.6308719861376032;0.6;0.0;0;1;0;1
4;0.25;0.1042047146019997;0.19737919737919737;0;0.5999664134056395;0.4;0.0;0;1;0;0
1;0.08333333333333333;0.0067062800170635045;0.36936936936936937;1;0.3329806926995356;0.2;0.0;0;1;0;0
3;0.08333333333333333;0.11956944869108938;0.5913185913185913;1;0.2703267694126497;0.2;0.0;0;1;0;0
4;0.25;0.0801823885558914;0.07207207207207207;0;0.21422036014893545;0.0;0.0;0;1;0;0
4;0.25;0.18860097039300489;0.22522522522522523;0;0.40522942679833585;0.0;1.0;0;1;0;0
4;0.3333333333333333;0.4007604897557957;0.26617526617526616;1;0.20862316151320814;0.2;0.0;0;1;0;1
0;0.25;0.2327468911753394;0.294021294021294;0;0.3399086538464624;0.2;0.0;0;1;0;0
4;0.08333333333333333;0.14153979094942273;0.4782964782964783;0;0.530115842639403;0.0;0.0;0;1;0;0
4;0.0;0.0630205898129891;0.3284193284193284;0;0.3479810175573214;0.8;0.0;0;0;1;1
3;0.3333333333333333;0.02679769899486667;0.4250614250614251;1;0.34865991628487114;0.4;0.0;0;1;0;0
4;0.0;0.12157307828781126;0.2538902538902539;1;0.30464636236795845;0.2;1.0;0;0;1;0
4;0.16666666666666666;0.024981674981884094;0.3939393939393939;1;0.23164733366084414;0.2;0.0;0;1;0;0
3;0.5;0.0022077634841915724;0.48402948402948404;0;0.22026734341204288;0.8;0.0;0;1;0;1
4;0.16666666666666666;0.09467647223794702;0.23669123669123668;0;0.3182613736995559;0.2;0.0;0;1;0;0
4;0.4166666666666667;0.05568545421455229;0.48484848484848486;1;0.15341464408817584;0.0;0.0;0;1;0;0
4;0.0;0.23221480358756597;0.3652743652743653;1;0.42812955398942126;0.2;0.0;0;1;0;0
4;0.25;0.11540782333275715;0.5282555282555282;1;0.06365300677383928;0.2;0.0;0;1;0;0
4;0.25;0.11587055283137665;0.3235053235053235;0;0.5041304125345647;0.4;0.0;0;1;0;0
4;0.5;0.17246874845035365;0.41932841932841936;1;0.03446776663666747;0.2;0.0;0;1;0;1
2;0.3333333333333333;0.04543313418895109;0.3497133497133497;1;0.2331726410706392;0.2;0.0;0;0;1;0
4;0.3333333333333333;0.35311385006579454;0.3407043407043407;1;0.36717834550918294;0.2;0.0;0;1;0;0
2;0.25;0.02776475736338135;0.3988533988533989;0;0.30392549799619417;0.6;1.0;0;1;0;1
4;0.0;0.2283875496480611;0.44471744471744473;0;0.4372774470757511;0.2;0.0;0;1;0;1
4;0.5;0.2689007215600294;0.15233415233415235;1;0.31641752260043515;0.6;0.0;0;1;0;1
2;0.25;0.004361443560297162;0.5913185913185913;0;0.8272145673628086;0.4;0.0;1;0;0;1
3;0.16666666666666666;0.11110753975673407;0.05241605241605242;1;0.13708517212274912;0.4;0.0;0;1;0;0
4;0.75;0.15392224077858968;0.24488124488124488;0;0.19122337109679166;0.0;0.0;0;1;0;1
4;0.5833333333333334;0.34212571931993335;0.3415233415233415;0;0.0820902521129881;0.8;0.0;0;1;0;1
4;0.3333333333333333;0.032144826461326374;0.42424242424242425;1;0.1439320168780736;0.2;0.0;0;1;0;0
3;0.25;0.09174761875631884;0.6150696150696151;0;0.24486297443605004;0.6;0.0;0;1;0;1
4;0.0;0.16497581112804557;0.05241605241605242;1;0.38834347706302197;0.4;1.0;0;0;1;0
1;0.08333333333333333;0.017798443796527893;0.27354627354627353;0;0.6364678936520153;0.2;1.0;0;1;0;0
4;0.08333333333333333;0.2132522797600979;0.00819000819000819;1;0.5661747889899188;0.4;0.0;0;1;0;0
4;0.08333333333333333;0.0574453637044889;0.361998361998362;1;0.10422858186341817;0.0;0.0;0;1;0;1
2;0.08333333333333333;0.11352986785663689;0.4013104013104013;1;0.11631836087562213;0.0;0.0;0;1;0;0
4;0.4166666666666667;0.004709085457531121;0.6175266175266175;1;0.8509669451945147;0.2;0.0;0;1;0;1
3;0.5833333333333334;0.027995717882080298;0.37674037674037675;1;0.2510917308800093;0.2;1.0;0;1;0;1
4;0.16666666666666666;0.07230340878447104;0.5274365274365275;0;0.24517737153181993;0.6;0.0;0;1;0;1
3;0.16666666666666666;0.03791462767513682;0.4520884520884521;1;0.4163114321589748;0.2;0.0;0;1;0;0
4;0.08333333333333333;0.35224289208422616;0.28501228501228504;0;0.16451181536341494;0.4;0.0;0;1;0;0
4;0.16666666666666666;0.17622418315373795;0.12612612612612611;1;0.47603158961306746;0.6;0.0;0;1;0;1
0;0.16666666666666666;0.22264215988590194;0.4021294021294021;0;0.07530308161748818;0.0;0.0;0;1;0;0
1;0.16666666666666666;0.06980131862257727;0.1122031122031122;1;0.18791469827883214;0.4;0.0;0;1;0;0
4;0.5;0.07133890734711423;0.5692055692055692;1;0.06678409949569869;0.0;1.0;0;1;0;1
3;0.16666666666666666;0.18193324051312953;0.33005733005733007;1;0.47561798148736856;0.6;0.0;0;1;0;1
4;0.08333333333333333;0.0544803485626631;0.5528255528255528;1;0.4530925239764872;0.8;0.0;0;0;1;1
4;0.0;0.07287297873254614;0.27764127764127766;0;0.20795046280485754;0.2;0.0;0;0;1;0
4;0.3333333333333333;0.0836064280088134;0.4004914004914005;0;0.4060248434612545;0.0;0.0;1;0;0;1
4;0.0;0.10389273563522744;0.3906633906633907;1;0.7542059259620061;0.2;0.0;1;0;0;1
4;0.4166666666666667;0.11673196613746098;0.3488943488943489;1;0.13190097417553603;0.6;0.0;0;0;1;1
4;0.4166666666666667;0.1269739451409439;0.2858312858312858;1;0.5999376800794801;0.2;1.0;1;0;0;1
3;0.3333333333333333;0.06524477694764051;0.42096642096642095;0;0.12063044393130773;0.2;0.0;0;0;1;0
3;0.3333333333333333;0.038847959621966556;0.20475020475020475;0;0.28329124895887964;0.4;1.0;0;0;1;0
4;0.3333333333333333;0.2811760916951222;0.1588861588861589;1;0.31753719575781086;0.4;0.0;0;1;0;0
3;0.4166666666666667;0.1949660708499324;0.5601965601965602;1;0.5633883551058693;0.4;0.0;0;1;0;0
4;0.3333333333333333;0.0003135862952057689;0.47583947583947583;0;0.19338389133833417;0.2;0.0;0;0;1;0
4;0.25;0.07996881183667583;0.3677313677313677;0;0.09565188497325774;0.6;0.0;0;1;0;1
1;0.08333333333333333;0.035651299524036104;0.6298116298116299;0;0.5484332692014973;0.2;0.0;0;0;1;0
2;0.0;0.1144535267165528;0.31285831285831284;0;0.7144926197947385;0.6;0.0;0;1;0;1
4;0.08333333333333333;0.07764409450295835;0.5733005733005733;1;0.6772904763163127;0.2;0.0;0;1;0;1
3;0.4166666666666667;0.0023108764240921047;0.3857493857493858;0;0.38369549761019167;0.0;1.0;0;0;1;0
1;0.25;0.1447022826495142;0.1891891891891892;1;0.5764988253862926;0.2;0.0;0;0;1;1
3;0.5;0.03577157835928719;0.6592956592956593;0;0.41262735312964216;0.4;0.0;0;1;0;1
4;0.5;0.03346918206075777;0.5192465192465192;1;0.5336976640581742;0.2;0.0;0;0;1;1
3;0.0;0.0035407339862521506;0.3366093366093366;1;0.5709497797256238;0.2;0.0;0;0;1;1
4;0.4166666666666667;0.1960076299994663;0.47583947583947583;1;0.12505015427156543;0.0;0.0;0;1;0;1
2;0.5;0.09614790124361222;0.29074529074529076;1;0.45248631304215736;0.6;0.0;0;1;0;1
4;0.16666666666666666;0.07373217860566834;0.49221949221949224;1;0.34655093977205603;0.6;0.0;0;1;0;1
4;0.08333333333333333;0.12526576388098634;0.0;1;0.4580896596968072;0.2;0.0;0;1;0;0
4;0.3333333333333333;0.04707277474876002;0.19000819000819;1;0.20177646403181596;0.6;0.0;0;1;0;1
3;0.3333333333333333;0.09370083998091382;0.5167895167895168;1;0.7124505938253469;0.2;0.0;0;1;0;1
4;0.3333333333333333;0.031832327240993864;0.31613431613431614;1;0.3003405741751417;0.0;0.0;0;1;0;0
0;0.3333333333333333;0.007165517802558461;0.3906633906633907;1;0.7532050881968447;0.2;1.0;0;0;1;1
4;0.5833333333333334;0.09161898627396296;0.13595413595413594;1;0.7179340546938661;0.2;0.0;0;1;0;1
4;0.25;0.02774621550744827;0.6592956592956593;0;0.6199919796050549;0.2;0.0;0;1;0;0
2;0.25;0.1541984840145852;0.552006552006552;1;0.20916883968392289;0.4;1.0;0;1;0;0
2;0.25;0.06682368074432872;0.3235053235053235;1;0.6303258994783746;0.4;0.0;0;0;1;0
4;0.4166666666666667;0.031999202347464;0.29074529074529076;1;0.1429209556488686;0.4;0.0;0;0;1;0
4;0.5;0.1042297844968846;0.5249795249795249;0;0.4801838643482111;0.4;0.0;0;1;0;1
4;0.25;0.013727684201823659;0.6814086814086814;1;0.5657611611369087;0.2;0.0;0;0;1;0
0;0.5;0.15938395941565772;0.5126945126945127;0;0.17234233318389894;0.4;1.0;0;0;1;1
4;0.16666666666666666;0.06689166009845975;0.7125307125307125;1;0.17340900330908463;0.4;0.0;0;0;1;0
0;0.16666666666666666;0.18627577383618288;0.20556920556920558;0;0.4695022727427545;0.6;0.0;0;0;1;1
2;0.3333333333333333;0.016466095277671466;0.22276822276822278;0;0.6604331711704768;0.0;0.0;0;1;0;1
4;0.8333333333333334;0.053577401477072954;0.16216216216216217;1;0.09708196221176693;0.6;0.0;0;1;0;1
3;0.3333333333333333;0.02201558923031337;0.42915642915642915;1;0.7874596521222417;0.0;1.0;0;1;0;1
2;0.5;0.006956776947811615;0.3857493857493858;0;0.8300722051077585;0.2;1.0;0;1;0;1
4;0.0;0.34584363451114486;0.3316953316953317;1;0.5366189785716924;0.0;0.0;0;1;0;0
4;0.3333333333333333;0.14424382692191623;0.48894348894348894;1;0.6629679876076605;0.6;0.0;0;0;1;1
4;0.5;0.04376307028301931;0.5585585585585585;0;0.20347309104804473;0.6;0.0;0;1;0;1
4;0.16666666666666666;0.03137041305766202;0.10647010647010648;1;0.5589485445130172;0.6;0.0;1;0;0;1
4;0.16666666666666666;0.025361781411055932;0.2588042588042588;1;0.44042885871237053;0.0;0.0;0;1;0;0
3;0.3333333333333333;0.004822081769970999;0.4914004914004914;1;0.3869629204259293;0.2;0.0;0;1;0;0
4;0.25;0.011984143849629293;0.2800982800982801;1;0.5802978119515515;0.2;1.0;0;1;0;0
4;0.4166666666666667;0.012013635459740669;0.22604422604422605;0;0.2978641245722278;0.8;1.0;0;1;0;1
;;;;;;;;;;;
;;;;;;;;;;;
;;;;;;;;;;;
;;;;;;;;;;;
;;;;;;;;;;;
;;;;;;;;;;;
;;;;;;;;;;;
;;;;;;;;;;;
;;;;;;;;;;;
;;;;;;;;;;;
;;;;;;;;;;;
;;;;;;;;;;;
;;;;;;;;;;;
;;;;;;;;;;;
;;;;;;;;;;;
;;;;;;;;;;;
;;;;;;;;;;;
;;;;;;;;;;;
;;;;;;;;;;;
;;;;;;;;;;;
;;;;;;;;;;;
;;;;;;;;;;;
;;;;;;;;;;;
;;;;;;;;;;;
;;;;;;;;;;;
;;;;;;;;;;;
;;;;;;;;;;;
;;;;;;;;;;;
;;;;;;;;;;;
;;;;;;;;;;;
;;;;;;;;;;;
;;;;;;;;;;;
;;;;;;;;;;;
;;;;;;;;;;;
;;;;;;;;;;;
;;;;;;;;;;;
;;;;;;;;;;;
;;;;;;;;;;;
;;;;;;;;;;;
;;;;;;;;;;;
;;;;;;;;;;;
;;;;;;;;;;;
;;;;;;;;;;;
;;;;;;;;;;;
;;;;;;;;;;;
;;;;;;;;;;;
;;;;;;;;;;;
;;;;;;;;;;;
;;;;;;;;;;;
;;;;;;;;;;;
;;;;;;;;;;;
;;;;;;;;;;;
;;;;;;;;;;;
;;;;;;;;;;;
;;;;;;;;;;;
;;;;;;;;;;;
;;;;;;;;;;;
;;;;;;;;;;;
;;;;;;;;;;;
;;;;;;;;;;;
;;;;;;;;;;;
;;;;;;;;;;;
;;;;;;;;;;;
;;;;;;;;;;;
;;;;;;;;;;;
;;;;;;;;;;;
;;;;;;;;;;;
;;;;;;;;;;;
;;;;;;;;;;;
;;;;;;;;;;;
;;;;;;;;;;;
;;;;;;;;;;;
;;;;;;;;;;;
;;;;;;;;;;;
;;;;;;;;;;;
;;;;;;;;;;;
;;;;;;;;;;;
;;;;;;;;;;;
;;;;;;;;;;;
;;;;;;;;;;;
;;;;;;;;;;;
;;;;;;;;;;;
;;;;;;;;;;;
;;;;;;;;;;;
;;;;;;;;;;;
;;;;;;;;;;;
;;;;;;;;;;;
;;;;;;;;;;;
;;;;;;;;;;;
;;;;;;;;;;;
;;;;;;;;;;;
;;;;;;;;;;;
;;;;;;;;;;;
;;;;;;;;;;;
;;;;;;;;;;;
;;;;;;;;;;;
;;;;;;;;;;;
;;;;;;;;;;;
;;;;;;;;;;;
;;;;;;;;;;;
;;;;;;;;;;;
;;;;;;;;;;;
;;;;;;;;;;;
;;;;;;;;;;;
;;;;;;;;;;;
;;;;;;;;;;;
;;;;;;;;;;;
;;;;;;;;;;;
;;;;;;;;;;;
;;;;;;;;;;;
;;;;;;;;;;;
;;;;;;;;;;;
;;;;;;;;;;;
;;;;;;;;;;;
;;;;;;;;;;;
;;;;;;;;;;;
;;;;;;;;;;;
;;;;;;;;;;;
;;;;;;;;;;;
;;;;;;;;;;;
;;;;;;;;;;;
;;;;;;;;;;;
;;;;;;;;;;;
;;;;;;;;;;;
;;;;;;;;;;;
;;;;;;;;;;;
;;;;;;;;;;;
;;;;;;;;;;;
;;;;;;;;;;;
;;;;;;;;;;;
;;;;;;;;;;;
;;;;;;;;;;;
;;;;;;;;;;;
;;;;;;;;;;;
;;;;;;;;;;;
;;;;;;;;;;;
;;;;;;;;;;;
;;;;;;;;;;;
;;;;;;;;;;;
;;;;;;;;;;;
;;;;;;;;;;;
;;;;;;;;;;;
;;;;;;;;;;;
;;;;;;;;;;;
;;;;;;;;;;;
;;;;;;;;;;;
;;;;;;;;;;;
;;;;;;;;;;;
;;;;;;;;;;;
;;;;;;;;;;;
;;;;;;;;;;;
;;;;;;;;;;;
;;;;;;;;;;;
;;;;;;;;;;;
;;;;;;;;;;;
;;;;;;;;;;;
;;;;;;;;;;;
;;;;;;;;;;;
;;;;;;;;;;;
;;;;;;;;;;;
;;;;;;;;;;;
;;;;;;;;;;;
;;;;;;;;;;;
;;;;;;;;;;;
;;;;;;;;;;;
;;;;;;;;;;;
;;;;;;;;;;;
;;;;;;;;;;;
;;;;;;;;;;;
;;;;;;;;;;;
;;;;;;;;;;;
;;;;;;;;;;;
;;;;;;;;;;;
;;;;;;;;;;;
;;;;;;;;;;;
;;;;;;;;;;;
;;;;;;;;;;;
;;;;;;;;;;;
;;;;;;;;;;;
;;;;;;;;;;;
;;;;;;;;;;;
;;;;;;;;;;;
;;;;;;;;;;;
;;;;;;;;;;;
;;;;;;;;;;;
;;;;;;;;;;;
;;;;;;;;;;;
;;;;;;;;;;;
;;;;;;;;;;;
;;;;;;;;;;;
;;;;;;;;;;;
;;;;;;;;;;;
;;;;;;;;;;;
;;;;;;;;;;;
;;;;;;;;;;;
;;;;;;;;;;;
;;;;;;;;;;;
;;;;;;;;;;;
;;;;;;;;;;;
;;;;;;;;;;;
;;;;;;;;;;;
;;;;;;;;;;;
;;;;;;;;;;;
;;;;;;;;;;;
;;;;;;;;;;;
;;;;;;;;;;;
;;;;;;;;;;;
;;;;;;;;;;;
;;;;;;;;;;;
;;;;;;;;;;;
;;;;;;;;;;;
;;;;;;;;;;;
;;;;;;;;;;;
;;;;;;;;;;;
;;;;;;;;;;;
;;;;;;;;;;;
;;;;;;;;;;;
;;;;;;;;;;;
;;;;;;;;;;;
;;;;;;;;;;;
;;;;;;;;;;;
;;;;;;;;;;;
;;;;;;;;;;;
;;;;;;;;;;;
;;;;;;;;;;;
;;;;;;;;;;;
;;;;;;;;;;;
;;;;;;;;;;;
;;;;;;;;;;;
;;;;;;;;;;;
;;;;;;;;;;;
;;;;;;;;;;;
;;;;;;;;;;;
;;;;;;;;;;;
;;;;;;;;;;;
;;;;;;;;;;;
;;;;;;;;;;;
;;;;;;;;;;;
;;;;;;;;;;;
;;;;;;;;;;;
;;;;;;;;;;;
;;;;;;;;;;;
;;;;;;;;;;;
;;;;;;;;;;;
;;;;;;;;;;;
;;;;;;;;;;;
;;;;;;;;;;;
;;;;;;;;;;;
;;;;;;;;;;;
;;;;;;;;;;;
;;;;;;;;;;;
;;;;;;;;;;;
;;;;;;;;;;;
;;;;;;;;;;;
;;;;;;;;;;;
;;;;;;;;;;;
;;;;;;;;;;;
;;;;;;;;;;;
;;;;;;;;;;;
;;;;;;;;;;;
;;;;;;;;;;;
;;;;;;;;;;;
;;;;;;;;;;;
;;;;;;;;;;;
;;;;;;;;;;;
;;;;;;;;;;;
;;;;;;;;;;;
;;;;;;;;;;;
;;;;;;;;;;;
;;;;;;;;;;;
;;;;;;;;;;;
;;;;;;;;;;;
;;;;;;;;;;;
;;;;;;;;;;;
;;;;;;;;;;;
;;;;;;;;;;;
;;;;;;;;;;;
;;;;;;;;;;;
;;;;;;;;;;;
;;;;;;;;;;;
;;;;;;;;;;;
;;;;;;;;;;;
;;;;;;;;;;;
;;;;;;;;;;;
